ISO-10303-21;
HEADER;
FILE_DESCRIPTION (( 'STEP AP214' ),
    '1' );
FILE_NAME ('User Library-DFN_3x3_8L_EP2_P.STEP',
    '2025-04-02T12:26:34',
    ( '' ),
    ( '' ),
    'SwSTEP 2.0',
    'SolidWorks 2022',
    '' );
FILE_SCHEMA (( 'AUTOMOTIVE_DESIGN' ));
ENDSEC;

DATA;
#1 = CARTESIAN_POINT ( 'NONE',  ( 0.7064468436177303579, 0.8000000000000002665, 0.07424132042359507522 ) ) ;
#2 = ORIENTED_EDGE ( 'NONE', *, *, #3793, .T. ) ;
#3 = DIRECTION ( 'NONE',  ( -1.022832238193873659E-15, -1.000000000000000000, 0.0000000000000000000 ) ) ;
#4 = EDGE_CURVE ( 'NONE', #481, #1666, #3011, .T. ) ;
#5 = CARTESIAN_POINT ( 'NONE',  ( 1.219999999999999751, -0.5300000000000002487, 0.0000000000000000000 ) ) ;
#6 = STYLED_ITEM ( 'NONE', ( #1591 ), #3149 ) ;
#7 = UNCERTAINTY_MEASURE_WITH_UNIT (LENGTH_MEASURE( 1.000000000000000082E-05 ), #1400, 'distance_accuracy_value', 'NONE');
#8 = CARTESIAN_POINT ( 'NONE',  ( -1.219999999999999751, 0.5300000000000004707, 0.0000000000000000000 ) ) ;
#9 = ORIENTED_EDGE ( 'NONE', *, *, #4404, .F. ) ;
#10 = CARTESIAN_POINT ( 'NONE',  ( 1.219999999999999751, -0.7699999999999999067, 0.1499999999999999944 ) ) ;
#11 = FACE_OUTER_BOUND ( 'NONE', #4388, .T. ) ;
#12 = CARTESIAN_POINT ( 'NONE',  ( 0.6846150501639000074, 0.8000000000000000444, -0.05428938453355668103 ) ) ;
#13 = EDGE_CURVE ( 'NONE', #4235, #2431, #2408, .T. ) ;
#14 = VECTOR ( 'NONE', #239, 1000.000000000000000 ) ;
#15 = CARTESIAN_POINT ( 'NONE',  ( 0.9157189216690314604, 0.7999999999999999334, 0.1550813675023350879 ) ) ;
#16 = EDGE_CURVE ( 'NONE', #1747, #2106, #1801, .T. ) ;
#17 = CARTESIAN_POINT ( 'NONE',  ( 1.169999999999999485, 0.4499999999999998446, 0.1499999999999999944 ) ) ;
#18 = ORIENTED_EDGE ( 'NONE', *, *, #3523, .F. ) ;
#19 = CARTESIAN_POINT ( 'NONE',  ( -1.300000000000000266, 1.100000000000000089, 0.1499999999999999944 ) ) ;
#20 = PLANE ( 'NONE',  #3795 ) ;
#21 = CARTESIAN_POINT ( 'NONE',  ( 0.5520283763738829119, 0.8000000000000002665, -0.09743931418620598028 ) ) ;
#22 = FACE_OUTER_BOUND ( 'NONE', #4301, .T. ) ;
#23 = CARTESIAN_POINT ( 'NONE',  ( -1.191118489197771968, 0.6000000000000000888, 1.191118489197771968 ) ) ;
#24 = ORIENTED_EDGE ( 'NONE', *, *, #3924, .T. ) ;
#25 = EDGE_LOOP ( 'NONE', ( #2455, #473, #1402, #811 ) ) ;
#26 = ORIENTED_EDGE ( 'NONE', *, *, #4575, .F. ) ;
#27 = LINE ( 'NONE', #2153, #3305 ) ;
#28 = CARTESIAN_POINT ( 'NONE',  ( 0.6866017053064541464, 0.7999999999999998224, 0.007994811675039570353 ) ) ;
#29 = ORIENTED_EDGE ( 'NONE', *, *, #2266, .F. ) ;
#30 = DIRECTION ( 'NONE',  ( 0.0000000000000000000, 1.000000000000000000, 0.0000000000000000000 ) ) ;
#31 = CARTESIAN_POINT ( 'NONE',  ( 0.07322685829843950112, 0.7999999999999999334, -0.04940859315390189188 ) ) ;
#32 = CARTESIAN_POINT ( 'NONE',  ( 0.5068217527030333125, 0.8000000000000003775, -0.1430529544010418486 ) ) ;
#33 = ORIENTED_EDGE ( 'NONE', *, *, #4, .T. ) ;
#34 = CARTESIAN_POINT ( 'NONE',  ( -1.300000000000000266, 1.100000000000000089, 0.1499999999999999944 ) ) ;
#35 = SURFACE_SIDE_STYLE ('',( #382 ) ) ;
#36 = DIRECTION ( 'NONE',  ( 1.000000000000000000, -5.940833821838378259E-16, 0.0000000000000000000 ) ) ;
#37 = CARTESIAN_POINT ( 'NONE',  ( 1.169999999999999485, 0.1999999999999999556, 0.0000000000000000000 ) ) ;
#38 = EDGE_CURVE ( 'NONE', #1101, #3110, #2258, .T. ) ;
#39 = CARTESIAN_POINT ( 'NONE',  ( -1.300000000000000266, 1.174999999999999822, 0.1499999999999999944 ) ) ;
#40 = ORIENTED_EDGE ( 'NONE', *, *, #1583, .T. ) ;
#41 = CARTESIAN_POINT ( 'NONE',  ( -0.8233557499550102632, 0.8000000000000002665, 0.05208888678406058126 ) ) ;
#42 = CARTESIAN_POINT ( 'NONE',  ( -1.169999999999999929, -0.8499999999999998668, 0.1499999999999999944 ) ) ;
#43 = B_SPLINE_CURVE_WITH_KNOTS ( 'NONE', 3,
 ( #1300, #2377, #2659, #2023, #3447, #4170, #249, #1681, #3102, #4527, #4078 ),
 .UNSPECIFIED., .F., .F.,
 ( 4, 1, 1, 1, 1, 1, 1, 1, 4 ),
 ( 0.0000000000000000000, 0.1424784121209473065, 0.2732037946192442113, 0.3945864827622331816, 0.5147545331308874816, 0.6339295835856001426, 0.7507431227064533807, 0.8715641172540002923, 1.000000000000000000 ),
 .UNSPECIFIED. ) ;
#44 = EDGE_CURVE ( 'NONE', #2416, #3369, #4281, .T. ) ;
#45 = FILL_AREA_STYLE_COLOUR ( '', #3150 ) ;
#46 = FACE_OUTER_BOUND ( 'NONE', #2022, .T. ) ;
#47 = DIRECTION ( 'NONE',  ( -1.000000000000000000, -0.0000000000000000000, -0.0000000000000000000 ) ) ;
#48 = ORIENTED_EDGE ( 'NONE', *, *, #1073, .F. ) ;
#49 = ORIENTED_EDGE ( 'NONE', *, *, #3658, .F. ) ;
#50 =( NAMED_UNIT ( * ) SI_UNIT ( $, .STERADIAN. ) SOLID_ANGLE_UNIT ( ) );
#51 = CARTESIAN_POINT ( 'NONE',  ( 1.299999999999999822, -0.4500000000000001776, 0.0000000000000000000 ) ) ;
#52 = ORIENTED_EDGE ( 'NONE', *, *, #1519, .F. ) ;
#53 =( NAMED_UNIT ( * ) PLANE_ANGLE_UNIT ( ) SI_UNIT ( $, .RADIAN. ) );
#54 = CARTESIAN_POINT ( 'NONE',  ( 1.007467532467533067, 0.8000000000000002665, -0.04415584415584406647 ) ) ;
#55 = DIRECTION ( 'NONE',  ( 0.0000000000000000000, 0.0000000000000000000, -1.000000000000000000 ) ) ;
#56 = ORIENTED_EDGE ( 'NONE', *, *, #3683, .F. ) ;
#57 = LINE ( 'NONE', #2913, #990 ) ;
#58 = LINE ( 'NONE', #489, #1413 ) ;
#59 = LINE ( 'NONE', #4394, #672 ) ;
#60 = CARTESIAN_POINT ( 'NONE',  ( 0.5300000000000003597, 0.1750000000000001277, 0.1499999999999999944 ) ) ;
#61 = DIRECTION ( 'NONE',  ( -1.000000000000000000, 0.0000000000000000000, 0.0000000000000000000 ) ) ;
#62 = VERTEX_POINT ( 'NONE', #2658 ) ;
#63 = CARTESIAN_POINT ( 'NONE',  ( -0.5610389610389613368, 0.8000000000000000444, 0.02857142857142855666 ) ) ;
#64 = CARTESIAN_POINT ( 'NONE',  ( 0.1272355870905703679, 0.7999999999999998224, 0.04988456218005161286 ) ) ;
#65 = EDGE_CURVE ( 'NONE', #1797, #396, #1223, .T. ) ;
#66 = DIRECTION ( 'NONE',  ( -0.0000000000000000000, -0.0000000000000000000, -1.000000000000000000 ) ) ;
#67 = CARTESIAN_POINT ( 'NONE',  ( -0.5402597402597405507, 0.8000000000000000444, -0.1324675324675324839 ) ) ;
#68 = VECTOR ( 'NONE', #2165, 1000.000000000000000 ) ;
#69 = EDGE_CURVE ( 'NONE', #3360, #175, #4169, .T. ) ;
#70 = EDGE_CURVE ( 'NONE', #3680, #4063, #1655, .T. ) ;
#71 = AXIS2_PLACEMENT_3D ( 'NONE', #682, #3545, #3844 ) ;
#72 = STYLED_ITEM ( 'NONE', ( #4135 ), #2807 ) ;
#73 = PLANE ( 'NONE',  #2940 ) ;
#74 = FACE_OUTER_BOUND ( 'NONE', #658, .T. ) ;
#75 = ORIENTED_EDGE ( 'NONE', *, *, #1040, .F. ) ;
#76 = PRESENTATION_STYLE_ASSIGNMENT (( #4016 ) ) ;
#77 = LINE ( 'NONE', #4064, #3227 ) ;
#78 = VECTOR ( 'NONE', #1688, 1000.000000000000000 ) ;
#79 = VECTOR ( 'NONE', #1833, 1000.000000000000114 ) ;
#80 = DIRECTION ( 'NONE',  ( -0.0000000000000000000, 1.000000000000000000, -0.0000000000000000000 ) ) ;
#81 = DIRECTION ( 'NONE',  ( 1.000000000000000000, -1.971276677246371519E-15, 0.0000000000000000000 ) ) ;
#82 = ORIENTED_EDGE ( 'NONE', *, *, #4543, .T. ) ;
#83 = DIRECTION ( 'NONE',  ( 8.673617379884039416E-16, 1.000000000000000000, 0.0000000000000000000 ) ) ;
#84 = DIRECTION ( 'NONE',  ( 0.0000000000000000000, -0.0000000000000000000, 1.000000000000000000 ) ) ;
#85 = LINE ( 'NONE', #2207, #4468 ) ;
#86 = CARTESIAN_POINT ( 'NONE',  ( 0.9290505157948251158, 0.7999999999999998224, 0.1728137013351927209 ) ) ;
#87 = MECHANICAL_DESIGN_GEOMETRIC_PRESENTATION_REPRESENTATION (  '', ( #6 ), #832 ) ;
#88 = AXIS2_PLACEMENT_3D ( 'NONE', #2283, #4013, #136 ) ;
#89 = CARTESIAN_POINT ( 'NONE',  ( -0.05499999999999997252, 1.550000000000000488, 0.1499999999999999944 ) ) ;
#90 = ORIENTED_EDGE ( 'NONE', *, *, #893, .T. ) ;
#91 = PRESENTATION_LAYER_ASSIGNMENT (  '', '', ( #1799 ) ) ;
#92 = DIRECTION ( 'NONE',  ( 0.0000000000000000000, -1.000000000000000000, 0.0000000000000000000 ) ) ;
#93 = CARTESIAN_POINT ( 'NONE',  ( 0.3913149350649349212, 0.8000000000000000444, 0.2000000000000000111 ) ) ;
#94 = VECTOR ( 'NONE', #3455, 1000.000000000000000 ) ;
#95 = CARTESIAN_POINT ( 'NONE',  ( 0.9412469545486837896, 0.8000000000000002665, -0.008051432793812769717 ) ) ;
#96 = VECTOR ( 'NONE', #66, 1000.000000000000000 ) ;
#97 = ADVANCED_FACE ( 'NONE', ( #3081 ), #4501, .F. ) ;
#98 = EDGE_CURVE ( 'NONE', #195, #2041, #3247, .T. ) ;
#99 = FILL_AREA_STYLE ('',( #3296 ) ) ;
#100 = DIRECTION ( 'NONE',  ( -1.000000000000000000, 7.671241786454046035E-16, 0.0000000000000000000 ) ) ;
#101 = ORIENTED_EDGE ( 'NONE', *, *, #2506, .F. ) ;
#102 = FACE_OUTER_BOUND ( 'NONE', #497, .T. ) ;
#103 = DIRECTION ( 'NONE',  ( 0.1710878697460358755, -0.9702875252478138091, -0.1710878697460358755 ) ) ;
#104 = EDGE_CURVE ( 'NONE', #1800, #111, #3192, .T. ) ;
#105 = UNCERTAINTY_MEASURE_WITH_UNIT (LENGTH_MEASURE( 1.000000000000000082E-05 ), #4576, 'distance_accuracy_value', 'NONE');
#106 = FACE_BOUND ( 'NONE', #3245, .T. ) ;
#107 = CARTESIAN_POINT ( 'NONE',  ( -0.05500000000000025008, -1.550000000000000266, 0.1499999999999999944 ) ) ;
#108 = FILL_AREA_STYLE ('',( #3307 ) ) ;
#109 = DIRECTION ( 'NONE',  ( -0.0000000000000000000, 0.0000000000000000000, 1.000000000000000000 ) ) ;
#110 = DIRECTION ( 'NONE',  ( -0.0000000000000000000, 0.0000000000000000000, 1.000000000000000000 ) ) ;
#111 = VERTEX_POINT ( 'NONE', #2897 ) ;
#112 = CARTESIAN_POINT ( 'NONE',  ( -1.001623376623376638, 0.7999999999999999334, -0.1324675324675325117 ) ) ;
#113 = PLANE ( 'NONE',  #3051 ) ;
#114 = PRODUCT ( 'lead frame', 'lead frame', '', ( #631 ) ) ;
#115 = ORIENTED_EDGE ( 'NONE', *, *, #3793, .F. ) ;
#116 = CARTESIAN_POINT ( 'NONE',  ( 0.9801006615008287515, 0.7999999999999997113, 0.02726905542238542909 ) ) ;
#117 = CARTESIAN_POINT ( 'NONE',  ( 1.055844155844156251, 0.7999999999999999334, -0.01509740259740251223 ) ) ;
#118 = DIRECTION ( 'NONE',  ( 1.000000000000000000, 2.710505431213757535E-15, -0.0000000000000000000 ) ) ;
#119 = ORIENTED_EDGE ( 'NONE', *, *, #2559, .F. ) ;
#120 = DIRECTION ( 'NONE',  ( 0.5002229223370925348, 0.0000000000000000000, 0.8658966612526804996 ) ) ;
#121 = EDGE_CURVE ( 'NONE', #3405, #1056, #1792, .T. ) ;
#122 = CARTESIAN_POINT ( 'NONE',  ( 0.5434928127007647713, 0.8000000000000001554, -0.1862687809166890529 ) ) ;
#123 =( NAMED_UNIT ( * ) PLANE_ANGLE_UNIT ( ) SI_UNIT ( $, .RADIAN. ) );
#124 = EDGE_LOOP ( 'NONE', ( #3387, #872, #1292, #1215 ) ) ;
#125 = CARTESIAN_POINT ( 'NONE',  ( 0.0000000000000000000, 0.0000000000000000000, 0.0000000000000000000 ) ) ;
#126 = DIRECTION ( 'NONE',  ( 5.940833821838381217E-16, 1.000000000000000000, -0.0000000000000000000 ) ) ;
#127 = DIRECTION ( 'NONE',  ( 0.0000000000000000000, -1.000000000000000000, 0.0000000000000000000 ) ) ;
#128 = EDGE_CURVE ( 'NONE', #4182, #4202, #723, .T. ) ;
#129 = EDGE_CURVE ( 'NONE', #309, #948, #171, .T. ) ;
#130 = CARTESIAN_POINT ( 'NONE',  ( 1.299999999999999822, -0.4500000000000001776, 0.1499999999999999944 ) ) ;
#131 = EDGE_LOOP ( 'NONE', ( #2257, #557, #3449, #3445 ) ) ;
#132 = DIRECTION ( 'NONE',  ( 1.000000000000000000, 0.0000000000000000000, 0.0000000000000000000 ) ) ;
#133 = CARTESIAN_POINT ( 'NONE',  ( 0.1295385567077482758, 0.8000000000000001554, 0.06229558381895954067 ) ) ;
#134 = ORIENTED_EDGE ( 'NONE', *, *, #3480, .F. ) ;
#135 = VERTEX_POINT ( 'NONE', #1724 ) ;
#136 = DIRECTION ( 'NONE',  ( 0.0000000000000000000, -0.0000000000000000000, -1.000000000000000000 ) ) ;
#137 = SURFACE_SIDE_STYLE ('',( #879 ) ) ;
#138 = CARTESIAN_POINT ( 'NONE',  ( -1.033766233766233889, 0.8000000000000000444, 0.1324675324675324561 ) ) ;
#139 = ORIENTED_EDGE ( 'NONE', *, *, #1498, .T. ) ;
#140 = DIRECTION ( 'NONE',  ( -0.0000000000000000000, 0.0000000000000000000, 1.000000000000000000 ) ) ;
#141 = AXIS2_PLACEMENT_3D ( 'NONE', #125, #84, #1547 ) ;
#142 = CARTESIAN_POINT ( 'NONE',  ( 0.6337662337662338663, 0.7999999999999999334, -0.09691558441558435766 ) ) ;
#143 = EDGE_CURVE ( 'NONE', #111, #1101, #2067, .T. ) ;
#144 = EDGE_LOOP ( 'NONE', ( #90, #4157, #2757, #4155 ) ) ;
#145 = CARTESIAN_POINT ( 'NONE',  ( 1.005438311688312103, 0.7999999999999999334, -0.1999999999999999278 ) ) ;
#146 = DIRECTION ( 'NONE',  ( 1.000000000000000000, 0.0000000000000000000, 0.0000000000000000000 ) ) ;
#147 = AXIS2_PLACEMENT_3D ( 'NONE', #1479, #80, #55 ) ;
#148 = CARTESIAN_POINT ( 'NONE',  ( 0.5300000000000003597, 0.1750000000000001277, 0.1499999999999999944 ) ) ;
#149 = VECTOR ( 'NONE', #4220, 1000.000000000000000 ) ;
#150 = EDGE_CURVE ( 'NONE', #2511, #1499, #1444, .T. ) ;
#151 = ORIENTED_EDGE ( 'NONE', *, *, #4177, .T. ) ;
#152 = CARTESIAN_POINT ( 'NONE',  ( 0.5651828734287782652, 0.7999999999999998224, -0.1245731538730045079 ) ) ;
#153 = ADVANCED_FACE ( 'NONE', ( #3148 ), #3222, .T. ) ;
#154 = CARTESIAN_POINT ( 'NONE',  ( -0.05500000000000025008, -1.550000000000000266, 0.1499999999999999944 ) ) ;
#155 = CARTESIAN_POINT ( 'NONE',  ( 1.169999999999999485, 0.8499999999999998668, 0.1499999999999999944 ) ) ;
#156 = B_SPLINE_CURVE_WITH_KNOTS ( 'NONE', 3,
 ( #861, #3980, #799, #3359, #1866, #2642, #3624 ),
 .UNSPECIFIED., .F., .F.,
 ( 4, 1, 1, 1, 4 ),
 ( 0.0000000000000000000, 0.2387690697432954534, 0.4777833542648585174, 0.7270131220759115109, 1.000000000000000000 ),
 .UNSPECIFIED. ) ;
#157 = PRESENTATION_LAYER_ASSIGNMENT (  '', '', ( #2928 ) ) ;
#158 = ORIENTED_EDGE ( 'NONE', *, *, #323, .T. ) ;
#159 = VERTEX_POINT ( 'NONE', #1045 ) ;
#160 = CARTESIAN_POINT ( 'NONE',  ( 0.2068881470216930862, 0.8000000000000000444, -0.1194639098806898198 ) ) ;
#161 = VECTOR ( 'NONE', #2893, 1000.000000000000000 ) ;
#162 = VECTOR ( 'NONE', #3764, 1000.000000000000000 ) ;
#163 = DIRECTION ( 'NONE',  ( -7.671241786454046035E-16, -1.000000000000000000, 0.0000000000000000000 ) ) ;
#164 = ORIENTED_EDGE ( 'NONE', *, *, #3949, .T. ) ;
#165 = SURFACE_SIDE_STYLE ('',( #2663 ) ) ;
#166 = LINE ( 'NONE', #466, #770 ) ;
#167 = ORIENTED_EDGE ( 'NONE', *, *, #2326, .T. ) ;
#168 = CARTESIAN_POINT ( 'NONE',  ( 1.599999999999999201, 0.4499999999999997891, 0.1499999999999999944 ) ) ;
#169 = LINE ( 'NONE', #4086, #1861 ) ;
#170 = VERTEX_POINT ( 'NONE', #3941 ) ;
#171 = B_SPLINE_CURVE_WITH_KNOTS ( 'NONE', 3,
 ( #4317, #4244, #3867, #41, #2851, #1021, #1115, #2453, #3543, #4573, #677, #2095, #2143, #2167, #3568, #3520, #4618, #4272, #359 ),
 .UNSPECIFIED., .F., .F.,
 ( 4, 1, 1, 1, 1, 1, 1, 1, 1, 1, 1, 1, 1, 1, 1, 1, 4 ),
 ( 0.0000000000000000000, 0.08897855864192717734, 0.1722383697636099831, 0.2505060522044890714, 0.3238773027063034937, 0.3920551892730451127, 0.4545689590852402540, 0.5120213181989989870, 0.5650555453314455301, 0.6151833812860080242, 0.6641389337033182239, 0.7129996240614139280, 0.7621746864891029150, 0.8136198080034964253, 0.8699721747550923645, 0.9320216957010130088, 0.9999999999999998890 ),
 .UNSPECIFIED. ) ;
#172 = CARTESIAN_POINT ( 'NONE',  ( 1.300000000000000044, -0.5300000000000002487, 0.0000000000000000000 ) ) ;
#173 = CARTESIAN_POINT ( 'NONE',  ( 0.4935064935064935043, 0.8000000000000002665, -0.09610389610389608039 ) ) ;
#174 = SURFACE_STYLE_USAGE ( .BOTH. , #3716 ) ;
#175 = VERTEX_POINT ( 'NONE', #1466 ) ;
#176 = PLANE ( 'NONE',  #4348 ) ;
#177 = CARTESIAN_POINT ( 'NONE',  ( 1.300000000000000044, -0.5300000000000002487, 0.1499999999999999944 ) ) ;
#178 = CARTESIAN_POINT ( 'NONE',  ( 0.6581422226949360521, 0.8000000000000001554, 0.1848849553035757931 ) ) ;
#179 = ADVANCED_FACE ( 'NONE', ( #289 ), #1396, .F. ) ;
#180 = ORIENTED_EDGE ( 'NONE', *, *, #1229, .T. ) ;
#181 = ORIENTED_EDGE ( 'NONE', *, *, #1069, .T. ) ;
#182 = DIRECTION ( 'NONE',  ( -1.000000000000000000, 0.0000000000000000000, 0.0000000000000000000 ) ) ;
#183 = ADVANCED_FACE ( 'NONE', ( #1815 ), #3488, .F. ) ;
#184 =( NAMED_UNIT ( * ) SI_UNIT ( $, .STERADIAN. ) SOLID_ANGLE_UNIT ( ) );
#185 = DIRECTION ( 'NONE',  ( -1.000000000000000000, 1.260700200564540584E-16, 0.0000000000000000000 ) ) ;
#186 = VERTEX_POINT ( 'NONE', #3897 ) ;
#187 = CARTESIAN_POINT ( 'NONE',  ( 0.1807019690695882697, 0.8000000000000000444, -0.06493141022663541373 ) ) ;
#188 = SURFACE_SIDE_STYLE ('',( #2712 ) ) ;
#189 = EDGE_LOOP ( 'NONE', ( #1992, #876, #1098, #3472 ) ) ;
#190 = CARTESIAN_POINT ( 'NONE',  ( 0.3757305194805193871, 0.8000000000000000444, 0.05008116883116885132 ) ) ;
#191 = VERTEX_POINT ( 'NONE', #704 ) ;
#192 = CARTESIAN_POINT ( 'NONE',  ( 1.031426011716302327, 0.7999999999999998224, -0.05076928442092375204 ) ) ;
#193 = DIRECTION ( 'NONE',  ( 0.0000000000000000000, -0.0000000000000000000, -1.000000000000000000 ) ) ;
#194 = DIRECTION ( 'NONE',  ( 0.0000000000000000000, 0.0000000000000000000, -1.000000000000000000 ) ) ;
#195 = VERTEX_POINT ( 'NONE', #337 ) ;
#196 = FACE_OUTER_BOUND ( 'NONE', #2738, .T. ) ;
#197 = CARTESIAN_POINT ( 'NONE',  ( 1.011190067401994019, 0.8000000000000001554, -0.1375365302500773101 ) ) ;
#198 = VERTEX_POINT ( 'NONE', #1768 ) ;
#199 = VERTEX_POINT ( 'NONE', #3311 ) ;
#200 = B_SPLINE_CURVE_WITH_KNOTS ( 'NONE', 3,
 ( #3013, #528, #2304, #3769, #601, #1994, #1952, #4472, #1627, #3421, #552, #225, #1972, #4429, #3397, #2405, #4126, #3082, #3382 ),
 .UNSPECIFIED., .F., .F.,
 ( 4, 1, 1, 1, 1, 1, 1, 1, 1, 1, 1, 1, 1, 1, 1, 1, 4 ),
 ( 0.0000000000000000000, 0.07023072097815626080, 0.1369124509185398464, 0.2010562335142026258, 0.2630889578546175556, 0.3235499539884612030, 0.3830692225613129276, 0.4423235471395866036, 0.5015611426592041511, 0.5607610805123156572, 0.6199023921128099524, 0.6789892129649398589, 0.7391873518148367461, 0.8004220586555748085, 0.8640791988057215933, 0.9302667414573820848, 1.000000000000000000 ),
 .UNSPECIFIED. ) ;
#201 = EDGE_CURVE ( 'NONE', #526, #4342, #1855, .T. ) ;
#202 = SURFACE_STYLE_FILL_AREA ( #1975 ) ;
#203 = LINE ( 'NONE', #4529, #4403 ) ;
#204 = EDGE_CURVE ( 'NONE', #4585, #2076, #4032, .T. ) ;
#205 = EDGE_LOOP ( 'NONE', ( #1087, #1165, #1244, #986 ) ) ;
#206 = ADVANCED_FACE ( 'NONE', ( #2278 ), #3678, .F. ) ;
#207 = CARTESIAN_POINT ( 'NONE',  ( 0.4571428571428570731, 0.8000000000000000444, -0.09090909090909092549 ) ) ;
#208 = CARTESIAN_POINT ( 'NONE',  ( -1.599999999999999867, -0.1999999999999999833, 0.0000000000000000000 ) ) ;
#209 = B_SPLINE_CURVE_WITH_KNOTS ( 'NONE', 3,
 ( #4615, #3591, #742, #1462, #4291, #1112, #2870, #2117, #1439, #86, #1788, #15, #1414, #720, #769, #3565, #2917, #1091, #4339 ),
 .UNSPECIFIED., .F., .F.,
 ( 4, 1, 1, 1, 1, 1, 1, 1, 1, 1, 1, 1, 1, 1, 1, 1, 4 ),
 ( 0.0000000000000000000, 0.06314260068812306559, 0.1241388976555607287, 0.1834985723296933824, 0.2415246880116473371, 0.2991561813744941234, 0.3572529754963058024, 0.4162320433421225485, 0.4766661960459795400, 0.5379620459132580246, 0.5988910279960328875, 0.6607395725343644388, 0.7235515980607716280, 0.7883912732835797188, 0.8558679172589843676, 0.9261277384012571723, 0.9999999999999998890 ),
 .UNSPECIFIED. ) ;
#210 = EDGE_LOOP ( 'NONE', ( #4214, #1383, #2005, #2867, #3877, #4072, #3329, #2908, #3317, #2093, #1950, #1359, #4166, #1218, #3718, #3847, #1970 ) ) ;
#211 = CARTESIAN_POINT ( 'NONE',  ( -1.300000000000000044, 0.4500000000000000111, 0.1499999999999999944 ) ) ;
#212 = CARTESIAN_POINT ( 'NONE',  ( 0.0000000000000000000, 0.8000000000000000444, -0.2000000000000000389 ) ) ;
#213 = ORIENTED_EDGE ( 'NONE', *, *, #129, .F. ) ;
#214 = LINE ( 'NONE', #1640, #2176 ) ;
#215 = DIRECTION ( 'NONE',  ( -0.9838699100999074298, 0.0000000000000000000, -0.1788854381999834264 ) ) ;
#216 = VECTOR ( 'NONE', #1482, 1000.000000000000000 ) ;
#217 = LINE ( 'NONE', #4493, #4465 ) ;
#218 = STYLED_ITEM ( 'NONE', ( #308 ), #1484 ) ;
#219 = AXIS2_PLACEMENT_3D ( 'NONE', #4191, #1851, #36 ) ;
#220 = CARTESIAN_POINT ( 'NONE',  ( 0.5506493506493507217, 0.8000000000000000444, -0.08571428571428567345 ) ) ;
#221 = DIRECTION ( 'NONE',  ( 0.1710878697460365971, 0.9702875252478136980, 0.1710878697460360420 ) ) ;
#222 = AXIS2_PLACEMENT_3D ( 'NONE', #154, #2212, #1920 ) ;
#223 = VERTEX_POINT ( 'NONE', #112 ) ;
#224 = ORIENTED_EDGE ( 'NONE', *, *, #3321, .T. ) ;
#225 = CARTESIAN_POINT ( 'NONE',  ( 0.9462496458892122320, 0.8000000000000001554, -0.1844780600673438797 ) ) ;
#226 =( LENGTH_UNIT ( ) NAMED_UNIT ( * ) SI_UNIT ( .MILLI., .METRE. ) );
#227 = CARTESIAN_POINT ( 'NONE',  ( 0.5689930440771718834, 0.8000000000000001554, 0.2012245799842885263 ) ) ;
#228 = EDGE_LOOP ( 'NONE', ( #3408, #3774, #255, #3131, #4374, #3413 ) ) ;
#229 = VECTOR ( 'NONE', #2413, 1000.000000000000000 ) ;
#230 = LINE ( 'NONE', #955, #455 ) ;
#231 = CARTESIAN_POINT ( 'NONE',  ( 0.1307666250577642353, 0.7999999999999999334, 0.1962746444817178859 ) ) ;
#232 = ADVANCED_FACE ( 'NONE', ( #3992 ), #2607, .F. ) ;
#233 = ADVANCED_FACE ( 'NONE', ( #3696 ), #3007, .F. ) ;
#234 = ORIENTED_EDGE ( 'NONE', *, *, #4292, .T. ) ;
#235 = DIRECTION ( 'NONE',  ( -0.0000000000000000000, -1.000000000000000000, -0.0000000000000000000 ) ) ;
#236 = ORIENTED_EDGE ( 'NONE', *, *, #2506, .T. ) ;
#237 = DIRECTION ( 'NONE',  ( 1.000000000000000000, 0.0000000000000000000, 0.0000000000000000000 ) ) ;
#238 = AXIS2_PLACEMENT_3D ( 'NONE', #1520, #2180, #2532 ) ;
#239 = DIRECTION ( 'NONE',  ( -1.000000000000000000, -0.0000000000000000000, -0.0000000000000000000 ) ) ;
#240 = EDGE_CURVE ( 'NONE', #4132, #4471, #796, .T. ) ;
#241 = FACE_OUTER_BOUND ( 'NONE', #2032, .T. ) ;
#242 = VERTEX_POINT ( 'NONE', #3349 ) ;
#243 = LINE ( 'NONE', #1391, #311 ) ;
#244 = CARTESIAN_POINT ( 'NONE',  ( -1.500000000000000000, 0.0000000000000000000, 1.500000000000000000 ) ) ;
#245 = CARTESIAN_POINT ( 'NONE',  ( 0.6822159252768416060, 0.7999999999999998224, 0.1597915740486031688 ) ) ;
#246 = CARTESIAN_POINT ( 'NONE',  ( 0.08896103896103887965, 0.8000000000000000444, 0.01298701298701299828 ) ) ;
#247 = ORIENTED_EDGE ( 'NONE', *, *, #1551, .T. ) ;
#248 = ORIENTED_EDGE ( 'NONE', *, *, #104, .F. ) ;
#249 = CARTESIAN_POINT ( 'NONE',  ( 0.1081427103579867405, 0.7999999999999999334, -0.1317689298969986211 ) ) ;
#250 = SHAPE_REPRESENTATION_RELATIONSHIP ( 'NONE' , 'NONE' ,  #3331, #438 ) ;
#251 = CARTESIAN_POINT ( 'NONE',  ( -0.5300000000000004707, -0.1750000000000003220, 0.1499999999999999944 ) ) ;
#252 = ORIENTED_EDGE ( 'NONE', *, *, #2904, .F. ) ;
#253 = DIRECTION ( 'NONE',  ( 0.0000000000000000000, -0.0000000000000000000, -1.000000000000000000 ) ) ;
#254 = CARTESIAN_POINT ( 'NONE',  ( 0.1401523870565057062, 0.7999999999999998224, 0.1911884457882110089 ) ) ;
#255 = ORIENTED_EDGE ( 'NONE', *, *, #4041, .F. ) ;
#256 = ORIENTED_EDGE ( 'NONE', *, *, #3636, .T. ) ;
#257 = DIRECTION ( 'NONE',  ( 0.0000000000000000000, 1.000000000000000000, 0.0000000000000000000 ) ) ;
#258 = VERTEX_POINT ( 'NONE', #2920 ) ;
#259 = EDGE_CURVE ( 'NONE', #4500, #1390, #1178, .T. ) ;
#260 = DIRECTION ( 'NONE',  ( -1.000000000000000000, 0.0000000000000000000, 0.0000000000000000000 ) ) ;
#261 = DIRECTION ( 'NONE',  ( 0.5001303747398077038, 0.0000000000000000000, -0.8659501188074399947 ) ) ;
#262 = VERTEX_POINT ( 'NONE', #2255 ) ;
#263 = CARTESIAN_POINT ( 'NONE',  ( 1.039800679182169896, 0.7999999999999999334, 0.1223738459339877432 ) ) ;
#264 = CARTESIAN_POINT ( 'NONE',  ( 0.9538961038961042416, 0.7999999999999999334, -0.01509740259740251223 ) ) ;
#265 = ADVANCED_FACE ( 'NONE', ( #495 ), #4424, .F. ) ;
#266 = CARTESIAN_POINT ( 'NONE',  ( 0.1665097931887546123, 0.8000000000000001554, -0.1613113309507866189 ) ) ;
#267 = B_SPLINE_CURVE_WITH_KNOTS ( 'NONE', 3,
 ( #2619, #4017, #2576, #444, #1566, #2645, #3626, #1870, #1148, #4389, #823 ),
 .UNSPECIFIED., .F., .F.,
 ( 4, 1, 1, 1, 1, 1, 1, 1, 4 ),
 ( 0.0000000000000000000, 0.1369110322474683672, 0.2666012154820158186, 0.3920315976079657982, 0.5150525554476308443, 0.6359365260952541954, 0.7554964833386852430, 0.8762202708348765245, 1.000000000000000000 ),
 .UNSPECIFIED. ) ;
#268 = ORIENTED_EDGE ( 'NONE', *, *, #865, .T. ) ;
#269 = ORIENTED_EDGE ( 'NONE', *, *, #865, .F. ) ;
#270 =( NAMED_UNIT ( * ) PLANE_ANGLE_UNIT ( ) SI_UNIT ( $, .RADIAN. ) );
#271 = CARTESIAN_POINT ( 'NONE',  ( 0.5300000000000003597, 0.1750000000000001277, 0.0000000000000000000 ) ) ;
#272 = ORIENTED_EDGE ( 'NONE', *, *, #1251, .F. ) ;
#273 = DIRECTION ( 'NONE',  ( 0.0000000000000000000, -1.000000000000000000, 0.0000000000000000000 ) ) ;
#274 = ORIENTED_EDGE ( 'NONE', *, *, #860, .T. ) ;
#275 = ORIENTED_EDGE ( 'NONE', *, *, #1203, .F. ) ;
#276 = SURFACE_STYLE_USAGE ( .BOTH. , #3474 ) ;
#277 = DIRECTION ( 'NONE',  ( -0.0000000000000000000, 0.0000000000000000000, 1.000000000000000000 ) ) ;
#278 = DIRECTION ( 'NONE',  ( -0.0000000000000000000, -0.0000000000000000000, -1.000000000000000000 ) ) ;
#279 = ORIENTED_EDGE ( 'NONE', *, *, #1356, .T. ) ;
#280 = CARTESIAN_POINT ( 'NONE',  ( 1.599999999999998979, 0.8499999999999997558, 0.1499999999999999944 ) ) ;
#281 = DIRECTION ( 'NONE',  ( -0.0000000000000000000, -0.0000000000000000000, -1.000000000000000000 ) ) ;
#282 = CARTESIAN_POINT ( 'NONE',  ( 0.6780057548320449490, 0.8000000000000000444, -0.04430169111521828351 ) ) ;
#283 = CARTESIAN_POINT ( 'NONE',  ( 1.220990545077582423, 0.4653167881076129553, -1.417952095680024005 ) ) ;
#284 = VECTOR ( 'NONE', #4234, 1000.000000000000000 ) ;
#285 = ADVANCED_FACE ( 'NONE', ( #773 ), #1838, .T. ) ;
#286 = EDGE_CURVE ( 'NONE', #443, #1007, #474, .T. ) ;
#287 = LINE ( 'NONE', #4242, #1997 ) ;
#288 = VERTEX_POINT ( 'NONE', #2966 ) ;
#289 = FACE_OUTER_BOUND ( 'NONE', #1590, .T. ) ;
#290 = FACE_OUTER_BOUND ( 'NONE', #210, .T. ) ;
#291 = VECTOR ( 'NONE', #499, 1000.000000000000000 ) ;
#292 = VECTOR ( 'NONE', #4014, 1000.000000000000000 ) ;
#293 = AXIS2_PLACEMENT_3D ( 'NONE', #430, #413, #2946 ) ;
#294 = APPLICATION_PROTOCOL_DEFINITION ( 'draft international standard', 'automotive_design', 1998, #2355 ) ;
#295 = CARTESIAN_POINT ( 'NONE',  ( 0.1272559003244444487, 0.8000000000000001554, 0.1034312601576113655 ) ) ;
#296 = ORIENTED_EDGE ( 'NONE', *, *, #550, .F. ) ;
#297 = PLANE ( 'NONE',  #3890 ) ;
#298 = VECTOR ( 'NONE', #2902, 1000.000000000000000 ) ;
#299 = COLOUR_RGB ( '',0.8509803921568627194, 0.8509803921568627194, 0.8509803921568627194 ) ;
#300 = ORIENTED_EDGE ( 'NONE', *, *, #2635, .F. ) ;
#301 = VERTEX_POINT ( 'NONE', #63 ) ;
#302 = DIRECTION ( 'NONE',  ( -0.0000000000000000000, -1.000000000000000000, -0.0000000000000000000 ) ) ;
#303 = EDGE_LOOP ( 'NONE', ( #274, #464, #888, #371 ) ) ;
#304 = CARTESIAN_POINT ( 'NONE',  ( -1.300000000000000044, 0.1999999999999999278, 0.1499999999999999944 ) ) ;
#305 = DIRECTION ( 'NONE',  ( -0.0000000000000000000, -0.0000000000000000000, -1.000000000000000000 ) ) ;
#306 = MECHANICAL_DESIGN_GEOMETRIC_PRESENTATION_REPRESENTATION (  '', ( #1799 ), #3733 ) ;
#307 = CARTESIAN_POINT ( 'NONE',  ( -1.300000000000000044, 0.1749999999999999056, 0.1499999999999999944 ) ) ;
#308 = PRESENTATION_STYLE_ASSIGNMENT (( #1986 ) ) ;
#309 = VERTEX_POINT ( 'NONE', #4343 ) ;
#310 = CARTESIAN_POINT ( 'NONE',  ( 0.9679448560142704938, 0.7999999999999999334, 0.1164837328625837193 ) ) ;
#311 = VECTOR ( 'NONE', #2114, 1000.000000000000000 ) ;
#312 = CARTESIAN_POINT ( 'NONE',  ( 0.9422124574492433124, 0.7999999999999999334, -0.02112599469723410589 ) ) ;
#313 = CARTESIAN_POINT ( 'NONE',  ( -0.8831168831168831890, 0.7999999999999999334, 0.0009740259740259301149 ) ) ;
#314 =( GEOMETRIC_REPRESENTATION_CONTEXT ( 3 ) GLOBAL_UNCERTAINTY_ASSIGNED_CONTEXT ( ( #2577 ) ) GLOBAL_UNIT_ASSIGNED_CONTEXT ( ( #1926, #1629, #4079 ) ) REPRESENTATION_CONTEXT ( 'NONE', 'WORKASPACE' ) );
#315 = CARTESIAN_POINT ( 'NONE',  ( 0.3047889610389609705, 0.8000000000000000444, 0.05008116883116885132 ) ) ;
#316 = ORIENTED_EDGE ( 'NONE', *, *, #581, .F. ) ;
#317 = DIRECTION ( 'NONE',  ( -0.0000000000000000000, 1.000000000000000000, -0.0000000000000000000 ) ) ;
#318 = CARTESIAN_POINT ( 'NONE',  ( -1.169999999999999929, -0.8499999999999998668, 0.1499999999999999944 ) ) ;
#319 = EDGE_CURVE ( 'NONE', #4087, #1133, #3288, .T. ) ;
#320 = CARTESIAN_POINT ( 'NONE',  ( 0.0000000000000000000, 0.0000000000000000000, 0.0000000000000000000 ) ) ;
#321 = ORIENTED_EDGE ( 'NONE', *, *, #3516, .T. ) ;
#322 = CARTESIAN_POINT ( 'NONE',  ( 1.599999999999998979, 0.8499999999999997558, 0.1499999999999999944 ) ) ;
#323 = EDGE_CURVE ( 'NONE', #3041, #2351, #812, .T. ) ;
#324 = EDGE_CURVE ( 'NONE', #3147, #2490, #2588, .T. ) ;
#325 = VERTEX_POINT ( 'NONE', #3656 ) ;
#326 = ORIENTED_EDGE ( 'NONE', *, *, #2525, .T. ) ;
#327 = PRODUCT ( 'body', 'body', '', ( #2825 ) ) ;
#328 = CARTESIAN_POINT ( 'NONE',  ( 0.7003338604902527020, 0.8000000000000000444, 0.03488170261159801583 ) ) ;
#329 = ORIENTED_EDGE ( 'NONE', *, *, #1584, .T. ) ;
#330 = LINE ( 'NONE', #2494, #1273 ) ;
#331 = CARTESIAN_POINT ( 'NONE',  ( -1.600000000000000533, 1.099999999999999867, 0.1499999999999999944 ) ) ;
#332 = CARTESIAN_POINT ( 'NONE',  ( -1.191118489197771746, 0.5999999999999999778, 1.191118489197771746 ) ) ;
#333 = CARTESIAN_POINT ( 'NONE',  ( 1.005032467532467999, 0.7999999999999999334, 0.01818181818181825726 ) ) ;
#334 = SURFACE_STYLE_USAGE ( .BOTH. , #3539 ) ;
#335 = CARTESIAN_POINT ( 'NONE',  ( -1.300000000000000044, 0.5300000000000003597, 0.1499999999999999944 ) ) ;
#336 = ORIENTED_EDGE ( 'NONE', *, *, #3636, .F. ) ;
#337 = CARTESIAN_POINT ( 'NONE',  ( -1.300000000000000044, 0.4500000000000000111, 0.0000000000000000000 ) ) ;
#338 = CARTESIAN_POINT ( 'NONE',  ( 0.6493506493506493449, 0.8000000000000000444, -0.01874999999999996808 ) ) ;
#339 = EDGE_CURVE ( 'NONE', #3173, #380, #456, .T. ) ;
#340 = CARTESIAN_POINT ( 'NONE',  ( -1.300000000000000266, 1.174999999999999822, 0.1499999999999999944 ) ) ;
#341 = CARTESIAN_POINT ( 'NONE',  ( 1.388080039800213328, 0.6347296355333861273, 1.191118489197771746 ) ) ;
#342 = ORIENTED_EDGE ( 'NONE', *, *, #2317, .T. ) ;
#343 = CARTESIAN_POINT ( 'NONE',  ( 1.169999999999999485, 1.099999999999999645, 0.1499999999999999944 ) ) ;
#344 = EDGE_CURVE ( 'NONE', #3826, #821, #4496, .T. ) ;
#345 = EDGE_CURVE ( 'NONE', #4329, #1367, #1269, .T. ) ;
#346 = VERTEX_POINT ( 'NONE', #1989 ) ;
#347 = ORIENTED_EDGE ( 'NONE', *, *, #1995, .T. ) ;
#348 = CARTESIAN_POINT ( 'NONE',  ( 0.6555800485378395770, 0.7999999999999999334, -0.01678136795998074610 ) ) ;
#349 = ORIENTED_EDGE ( 'NONE', *, *, #3554, .T. ) ;
#350 = FACE_OUTER_BOUND ( 'NONE', #2375, .T. ) ;
#351 = LINE ( 'NONE', #3236, #4480 ) ;
#352 =( NAMED_UNIT ( * ) PLANE_ANGLE_UNIT ( ) SI_UNIT ( $, .RADIAN. ) );
#353 = VERTEX_POINT ( 'NONE', #3786 ) ;
#354 = CARTESIAN_POINT ( 'NONE',  ( 0.9969271358820152029, 0.8000000000000001554, 0.1422584392523057739 ) ) ;
#355 = CARTESIAN_POINT ( 'NONE',  ( 0.0000000000000000000, 0.0000000000000000000, 0.0000000000000000000 ) ) ;
#356 = CARTESIAN_POINT ( 'NONE',  ( 0.9499282664585487757, 0.7999999999999999334, -0.01714474916324200751 ) ) ;
#357 = CARTESIAN_POINT ( 'NONE',  ( -0.004885767254901571266, 0.8000000000000000444, 0.1412792455128056290 ) ) ;
#358 = EDGE_LOOP ( 'NONE', ( #4058, #3810, #4145, #1778, #4532, #1080, #3130, #1709, #3878, #1009, #1773, #4427, #933, #3094, #1969, #4067, #1577 ) ) ;
#359 = CARTESIAN_POINT ( 'NONE',  ( -0.9715909090909091717, 0.8000000000000000444, 0.1999999999999999833 ) ) ;
#360 =( LENGTH_UNIT ( ) NAMED_UNIT ( * ) SI_UNIT ( .MILLI., .METRE. ) );
#361 = VECTOR ( 'NONE', #110, 1000.000000000000000 ) ;
#362 = FACE_OUTER_BOUND ( 'NONE', #2376, .T. ) ;
#363 = LINE ( 'NONE', #778, #3601 ) ;
#364 = CARTESIAN_POINT ( 'NONE',  ( -1.300000000000000044, 0.1749999999999999056, 0.1499999999999999944 ) ) ;
#365 = VECTOR ( 'NONE', #261, 1000.000000000000114 ) ;
#366 = ORIENTED_EDGE ( 'NONE', *, *, #2128, .F. ) ;
#367 = VECTOR ( 'NONE', #2818, 1000.000000000000114 ) ;
#368 = PRODUCT_RELATED_PRODUCT_CATEGORY ( 'part', '', ( #114 ) ) ;
#369 = VECTOR ( 'NONE', #2598, 1000.000000000000000 ) ;
#370 = CLOSED_SHELL ( 'NONE', ( #1946, #2353, #2237, #1885, #1604, #1760, #3246, #4492, #97, #4483, #3171, #1443, #2836, #1038, #1123, #3424, #2664, #4297, #2468, #1804, #232, #763, #706, #3298, #4578, #2697 ) ) ;
#371 = ORIENTED_EDGE ( 'NONE', *, *, #642, .T. ) ;
#372 = CARTESIAN_POINT ( 'NONE',  ( 0.5975649350649351321, 0.8000000000000000444, 0.1428571428571429602 ) ) ;
#373 = CYLINDRICAL_SURFACE ( 'NONE', #602, 0.1999999999999999556 ) ;
#374 = VECTOR ( 'NONE', #2147, 1000.000000000000000 ) ;
#375 = DIRECTION ( 'NONE',  ( 1.000000000000000000, 0.0000000000000000000, 0.0000000000000000000 ) ) ;
#376 = EDGE_CURVE ( 'NONE', #2511, #353, #4446, .T. ) ;
#377 = VECTOR ( 'NONE', #2493, 1000.000000000000000 ) ;
#378 = UNCERTAINTY_MEASURE_WITH_UNIT (LENGTH_MEASURE( 1.000000000000000082E-05 ), #226, 'distance_accuracy_value', 'NONE');
#379 = DIRECTION ( 'NONE',  ( -0.9838699100999074298, 0.0000000000000000000, -0.1788854381999834264 ) ) ;
#380 = VERTEX_POINT ( 'NONE', #4522 ) ;
#381 = CARTESIAN_POINT ( 'NONE',  ( -0.01558441558441567808, 0.7999999999999998224, -0.09610389610389610815 ) ) ;
#382 = SURFACE_STYLE_FILL_AREA ( #1716 ) ;
#383 = DIRECTION ( 'NONE',  ( 0.0000000000000000000, 0.0000000000000000000, -1.000000000000000000 ) ) ;
#384 = VECTOR ( 'NONE', #915, 1000.000000000000000 ) ;
#385 = CARTESIAN_POINT ( 'NONE',  ( -0.1649999999999998690, 1.285000000000000586, 0.1499999999999999944 ) ) ;
#386 = EDGE_CURVE ( 'NONE', #1092, #4182, #1649, .T. ) ;
#387 = DIRECTION ( 'NONE',  ( 0.0000000000000000000, -1.000000000000000000, 0.0000000000000000000 ) ) ;
#388 = ORIENTED_EDGE ( 'NONE', *, *, #4354, .F. ) ;
#389 = DIRECTION ( 'NONE',  ( 0.0000000000000000000, 0.0000000000000000000, 1.000000000000000000 ) ) ;
#390 = CARTESIAN_POINT ( 'NONE',  ( 0.1298701298701298024, 0.8000000000000000444, 0.07573051948051950921 ) ) ;
#391 = SURFACE_STYLE_FILL_AREA ( #3597 ) ;
#392 = LINE ( 'NONE', #4277, #3740 ) ;
#393 = CARTESIAN_POINT ( 'NONE',  ( -1.599999999999999867, 0.1999999999999999833, 0.0000000000000000000 ) ) ;
#394 = ORIENTED_EDGE ( 'NONE', *, *, #1524, .T. ) ;
#395 = EDGE_LOOP ( 'NONE', ( #697, #599, #1332, #2335 ) ) ;
#396 = VERTEX_POINT ( 'NONE', #3046 ) ;
#397 = SURFACE_STYLE_USAGE ( .BOTH. , #2949 ) ;
#398 = LINE ( 'NONE', #2439, #2012 ) ;
#399 = ORIENTED_EDGE ( 'NONE', *, *, #1498, .F. ) ;
#400 = SURFACE_SIDE_STYLE ('',( #2886 ) ) ;
#401 = CARTESIAN_POINT ( 'NONE',  ( 0.1099025974025973212, 0.8000000000000001554, -0.06144480519480516323 ) ) ;
#402 = CARTESIAN_POINT ( 'NONE',  ( 1.308803722600291986, -0.06742612463317743110, 1.308803722600291986 ) ) ;
#403 = EDGE_CURVE ( 'NONE', #4140, #931, #593, .T. ) ;
#404 = VERTEX_POINT ( 'NONE', #4164 ) ;
#405 = CARTESIAN_POINT ( 'NONE',  ( -1.169999999999999929, -0.1999999999999999833, 0.1499999999999999944 ) ) ;
#406 = DIRECTION ( 'NONE',  ( 0.9863939238321436376, 0.0000000000000000000, -0.1643989873053573192 ) ) ;
#407 = DIRECTION ( 'NONE',  ( 1.000000000000000000, 0.0000000000000000000, -0.0000000000000000000 ) ) ;
#408 = LINE ( 'NONE', #3284, #1137 ) ;
#409 = CARTESIAN_POINT ( 'NONE',  ( -0.9805194805194805685, 0.7999999999999999334, 0.1324675324675324561 ) ) ;
#410 = EDGE_CURVE ( 'NONE', #4210, #1386, #2010, .T. ) ;
#411 = ORIENTED_EDGE ( 'NONE', *, *, #2603, .T. ) ;
#412 = ADVANCED_FACE ( 'NONE', ( #2016 ), #4121, .F. ) ;
#413 = DIRECTION ( 'NONE',  ( 0.0000000000000000000, 1.000000000000000000, 0.0000000000000000000 ) ) ;
#414 = DIRECTION ( 'NONE',  ( -0.0000000000000000000, 0.0000000000000000000, 1.000000000000000000 ) ) ;
#415 = CARTESIAN_POINT ( 'NONE',  ( -0.9439935064935065512, 0.7999999999999999334, -0.1288961038961039529 ) ) ;
#416 = LINE ( 'NONE', #2612, #2924 ) ;
#417 = DIRECTION ( 'NONE',  ( -0.0000000000000000000, 0.0000000000000000000, 1.000000000000000000 ) ) ;
#418 = CARTESIAN_POINT ( 'NONE',  ( -1.300000000000000266, 1.174999999999999822, 0.1499999999999999944 ) ) ;
#419 = ORIENTED_EDGE ( 'NONE', *, *, #410, .F. ) ;
#420 = CYLINDRICAL_SURFACE ( 'NONE', #3301, 0.1999999999999999556 ) ;
#421 = UNCERTAINTY_MEASURE_WITH_UNIT (LENGTH_MEASURE( 1.000000000000000082E-05 ), #822, 'distance_accuracy_value', 'NONE');
#422 = CYLINDRICAL_SURFACE ( 'NONE', #1925, 0.1999999999999999278 ) ;
#423 = DIRECTION ( 'NONE',  ( -0.0000000000000000000, 1.000000000000000000, -0.0000000000000000000 ) ) ;
#424 = DIRECTION ( 'NONE',  ( 3.469446951953615767E-15, -1.000000000000000000, 0.0000000000000000000 ) ) ;
#425 = CARTESIAN_POINT ( 'NONE',  ( 0.6212891588590407910, 0.7999999999999997113, -0.06363970847087735416 ) ) ;
#426 = FACE_OUTER_BOUND ( 'NONE', #1943, .T. ) ;
#427 = LINE ( 'NONE', #60, #2620 ) ;
#428 = PLANE ( 'NONE',  #2162 ) ;
#429 = EDGE_LOOP ( 'NONE', ( #2833, #1593, #3336, #3852 ) ) ;
#430 = CARTESIAN_POINT ( 'NONE',  ( 1.191118489197771746, 0.6000000000000000888, 1.191118489197771746 ) ) ;
#431 = CARTESIAN_POINT ( 'NONE',  ( 0.6212144501250265183, 0.8000000000000002665, 0.02236814398280168384 ) ) ;
#432 = EDGE_CURVE ( 'NONE', #639, #526, #897, .T. ) ;
#433 = EDGE_CURVE ( 'NONE', #2404, #4530, #1947, .T. ) ;
#434 = CARTESIAN_POINT ( 'NONE',  ( 0.9063238064768736058, 0.8000000000000000444, 0.03746986104516668997 ) ) ;
#435 = VECTOR ( 'NONE', #1790, 1000.000000000000000 ) ;
#436 = EDGE_CURVE ( 'NONE', #2469, #4168, #4074, .T. ) ;
#437 = APPLICATION_CONTEXT ( 'automotive_design' ) ;
#438 = ADVANCED_BREP_SHAPE_REPRESENTATION ( '', ( #1484, #2780 ), #314 ) ;
#439 = VECTOR ( 'NONE', #4538, 1000.000000000000000 ) ;
#440 = AXIS2_PLACEMENT_3D ( 'NONE', #1258, #3042, #3712 ) ;
#441 = CARTESIAN_POINT ( 'NONE',  ( 1.219999999999999751, -0.5300000000000002487, 0.1499999999999999944 ) ) ;
#442 = CARTESIAN_POINT ( 'NONE',  ( 1.008065161015134326, 0.7999999999999999334, 0.01834648556683748932 ) ) ;
#443 = VERTEX_POINT ( 'NONE', #943 ) ;
#444 = CARTESIAN_POINT ( 'NONE',  ( 1.103371918784728622, 0.7999999999999999334, -0.07085137393589363564 ) ) ;
#445 = MECHANICAL_DESIGN_GEOMETRIC_PRESENTATION_REPRESENTATION (  '', ( #3722 ), #3054 ) ;
#446 = DIRECTION ( 'NONE',  ( -0.0000000000000000000, -0.0000000000000000000, -1.000000000000000000 ) ) ;
#447 = FILL_AREA_STYLE_COLOUR ( '', #2169 ) ;
#448 = ORIENTED_EDGE ( 'NONE', *, *, #4147, .F. ) ;
#449 = VECTOR ( 'NONE', #2297, 1000.000000000000114 ) ;
#450 = LINE ( 'NONE', #1875, #2457 ) ;
#451 = CARTESIAN_POINT ( 'NONE',  ( 0.5714285714285715079, 0.8000000000000000444, 0.01875000000000004788 ) ) ;
#452 = FACE_OUTER_BOUND ( 'NONE', #2329, .T. ) ;
#453 = DIRECTION ( 'NONE',  ( -1.000000000000000000, 3.614007241618346306E-16, 0.0000000000000000000 ) ) ;
#454 = ORIENTED_EDGE ( 'NONE', *, *, #485, .F. ) ;
#455 = VECTOR ( 'NONE', #3905, 1000.000000000000000 ) ;
#456 = LINE ( 'NONE', #1554, #1931 ) ;
#457 = PLANE ( 'NONE',  #1340 ) ;
#458 = VECTOR ( 'NONE', #1343, 1000.000000000000000 ) ;
#459 = LINE ( 'NONE', #1121, #899 ) ;
#460 = EDGE_CURVE ( 'NONE', #2346, #806, #922, .T. ) ;
#461 = AXIS2_PLACEMENT_3D ( 'NONE', #2769, #2425, #3836 ) ;
#462 = CARTESIAN_POINT ( 'NONE',  ( 1.191118489197771302, 0.5999999999999999778, -1.191118489197771746 ) ) ;
#463 = EDGE_CURVE ( 'NONE', #783, #3220, #1455, .T. ) ;
#464 = ORIENTED_EDGE ( 'NONE', *, *, #65, .F. ) ;
#465 = DIRECTION ( 'NONE',  ( 0.0000000000000000000, -0.0000000000000000000, 1.000000000000000000 ) ) ;
#466 = CARTESIAN_POINT ( 'NONE',  ( -0.1650000000000003131, -1.285000000000000586, 0.1499999999999999944 ) ) ;
#467 = PRODUCT_DEFINITION_CONTEXT ( 'detailed design', #1010, 'design' ) ;
#468 = CARTESIAN_POINT ( 'NONE',  ( 1.299999999999999822, -0.4500000000000001776, 0.1499999999999999944 ) ) ;
#469 = EDGE_LOOP ( 'NONE', ( #2552, #3550, #1143, #3906, #2008, #2496, #167, #1822, #2791, #907 ) ) ;
#470 = FACE_OUTER_BOUND ( 'NONE', #3970, .T. ) ;
#471 = FACE_OUTER_BOUND ( 'NONE', #957, .T. ) ;
#472 = CARTESIAN_POINT ( 'NONE',  ( 1.191118489197771968, 0.6347296355333861273, 1.388080039800213328 ) ) ;
#473 = ORIENTED_EDGE ( 'NONE', *, *, #3003, .F. ) ;
#474 = LINE ( 'NONE', #1902, #1345 ) ;
#475 = CARTESIAN_POINT ( 'NONE',  ( 0.1183769665400298127, 0.8000000000000001554, 0.02978120179883365221 ) ) ;
#476 = ORIENTED_EDGE ( 'NONE', *, *, #1575, .T. ) ;
#477 = VERTEX_POINT ( 'NONE', #647 ) ;
#478 = CARTESIAN_POINT ( 'NONE',  ( 0.1423344403354358800, 0.8000000000000002665, -0.01809434751735869776 ) ) ;
#479 = EDGE_CURVE ( 'NONE', #396, #4283, #2115, .T. ) ;
#480 = CARTESIAN_POINT ( 'NONE',  ( 1.049202951017341068, 0.7999999999999999334, 0.07385267002376499912 ) ) ;
#481 = VERTEX_POINT ( 'NONE', #3937 ) ;
#482 = CARTESIAN_POINT ( 'NONE',  ( 0.1512402087621979863, 0.7999999999999998224, -0.02631299440737948706 ) ) ;
#483 = DIRECTION ( 'NONE',  ( -0.0000000000000000000, -0.0000000000000000000, -1.000000000000000000 ) ) ;
#484 = ADVANCED_FACE ( 'NONE', ( #3888 ), #2472, .T. ) ;
#485 = EDGE_CURVE ( 'NONE', #1280, #690, #1764, .T. ) ;
#486 = CARTESIAN_POINT ( 'NONE',  ( -1.505765273202733567, -0.03269648909979128160, 1.308803722600291986 ) ) ;
#487 = LINE ( 'NONE', #3691, #596 ) ;
#488 = ORIENTED_EDGE ( 'NONE', *, *, #1726, .T. ) ;
#489 = CARTESIAN_POINT ( 'NONE',  ( -1.599999999999999867, 0.4500000000000000111, 0.0000000000000000000 ) ) ;
#490 = CARTESIAN_POINT ( 'NONE',  ( 0.0000000000000000000, 0.8000000000000000444, 0.0000000000000000000 ) ) ;
#491 = CARTESIAN_POINT ( 'NONE',  ( -0.1649999999999998412, 1.175000000000000488, 0.0000000000000000000 ) ) ;
#492 = CARTESIAN_POINT ( 'NONE',  ( -0.5610389610389613368, 0.8000000000000000444, 0.0000000000000000000 ) ) ;
#493 = ORIENTED_EDGE ( 'NONE', *, *, #2444, .T. ) ;
#494 = CARTESIAN_POINT ( 'NONE',  ( -0.05499999999999984068, 1.285000000000000586, 0.1499999999999999944 ) ) ;
#495 = FACE_OUTER_BOUND ( 'NONE', #124, .T. ) ;
#496 = CARTESIAN_POINT ( 'NONE',  ( 0.5987824675324676660, 0.8000000000000001554, 0.2051948051948052909 ) ) ;
#497 = EDGE_LOOP ( 'NONE', ( #3287, #1767, #275, #268 ) ) ;
#498 = CARTESIAN_POINT ( 'NONE',  ( 1.299999999999999822, -0.1750000000000000722, 0.1499999999999999944 ) ) ;
#499 = DIRECTION ( 'NONE',  ( 1.000000000000000000, 0.0000000000000000000, 0.0000000000000000000 ) ) ;
#500 = LINE ( 'NONE', #418, #3881 ) ;
#501 = ORIENTED_EDGE ( 'NONE', *, *, #2099, .F. ) ;
#502 = CARTESIAN_POINT ( 'NONE',  ( 0.05609196433786927533, 0.7999999999999999334, -0.1245731538730045357 ) ) ;
#503 = EDGE_CURVE ( 'NONE', #2801, #1905, #1785, .T. ) ;
#504 = CARTESIAN_POINT ( 'NONE',  ( 1.090322315308865475, 0.7999999999999998224, 0.01099073264058222400 ) ) ;
#505 = VECTOR ( 'NONE', #3065, 1000.000000000000000 ) ;
#506 = ORIENTED_EDGE ( 'NONE', *, *, #4602, .F. ) ;
#507 = UNCERTAINTY_MEASURE_WITH_UNIT (LENGTH_MEASURE( 1.000000000000000082E-05 ), #2445, 'distance_accuracy_value', 'NONE');
#508 = CARTESIAN_POINT ( 'NONE',  ( -1.300000000000000044, 0.4500000000000000111, 0.1499999999999999944 ) ) ;
#509 = EDGE_LOOP ( 'NONE', ( #849, #2742, #633, #1307 ) ) ;
#510 = DIRECTION ( 'NONE',  ( -0.0000000000000000000, -0.0000000000000000000, -1.000000000000000000 ) ) ;
#511 = LINE ( 'NONE', #914, #977 ) ;
#512 = COLOUR_RGB ( '',1.000000000000000000, 1.000000000000000000, 1.000000000000000000 ) ;
#513 = EDGE_CURVE ( 'NONE', #2102, #2346, #740, .T. ) ;
#514 = AXIS2_PLACEMENT_3D ( 'NONE', #1392, #2427, #3838 ) ;
#515 = DIRECTION ( 'NONE',  ( -1.000000000000000000, 0.0000000000000000000, 0.0000000000000000000 ) ) ;
#516 = VECTOR ( 'NONE', #2856, 1000.000000000000000 ) ;
#517 = CARTESIAN_POINT ( 'NONE',  ( 1.191118489197771968, 0.6000000000000000888, -1.191118489197771968 ) ) ;
#518 = ORIENTED_EDGE ( 'NONE', *, *, #3403, .T. ) ;
#519 = CARTESIAN_POINT ( 'NONE',  ( 1.303038449397558418, 0.0000000000000000000, 1.500000000000000000 ) ) ;
#520 = CARTESIAN_POINT ( 'NONE',  ( -0.9169093184550787257, 0.8000000000000002665, 0.1190896990363663477 ) ) ;
#521 = B_SPLINE_CURVE_WITH_KNOTS ( 'NONE', 3,
 ( #3747, #1270, #547, #1967, #1295, #3394, #4425, #1221, #3047, #197, #1622 ),
 .UNSPECIFIED., .F., .F.,
 ( 4, 1, 1, 1, 1, 1, 1, 1, 4 ),
 ( 0.0000000000000000000, 0.1496219791022196932, 0.2850938845736596949, 0.4097787157041714590, 0.5312823997527953424, 0.6495366272833105192, 0.7627929517968679018, 0.8782783017585339413, 1.000000000000000000 ),
 .UNSPECIFIED. ) ;
#522 = CARTESIAN_POINT ( 'NONE',  ( -0.8234402117206846006, 0.7999999999999998224, -0.04862096809782962686 ) ) ;
#523 = ADVANCED_FACE ( 'NONE', ( #3215, #11, #1437 ), #4289, .F. ) ;
#524 = VECTOR ( 'NONE', #3034, 1000.000000000000000 ) ;
#525 =( GEOMETRIC_REPRESENTATION_CONTEXT ( 3 ) GLOBAL_UNCERTAINTY_ASSIGNED_CONTEXT ( ( #421 ) ) GLOBAL_UNIT_ASSIGNED_CONTEXT ( ( #822, #53, #3668 ) ) REPRESENTATION_CONTEXT ( 'NONE', 'WORKASPACE' ) );
#526 = VERTEX_POINT ( 'NONE', #2222 ) ;
#527 = ORIENTED_EDGE ( 'NONE', *, *, #2507, .T. ) ;
#528 = CARTESIAN_POINT ( 'NONE',  ( 0.9039636726256815580, 0.8000000000000000444, -0.1012214016846878367 ) ) ;
#529 = VECTOR ( 'NONE', #109, 1000.000000000000000 ) ;
#530 = VECTOR ( 'NONE', #1919, 1000.000000000000000 ) ;
#531 = DIRECTION ( 'NONE',  ( 0.0000000000000000000, 0.0000000000000000000, 1.000000000000000000 ) ) ;
#532 = DIRECTION ( 'NONE',  ( 0.0000000000000000000, 1.000000000000000000, 0.0000000000000000000 ) ) ;
#533 = ORIENTED_EDGE ( 'NONE', *, *, #4172, .F. ) ;
#534 = CARTESIAN_POINT ( 'NONE',  ( 0.04293746728297363063, 0.7999999999999997113, -0.09743931418620592477 ) ) ;
#535 = VECTOR ( 'NONE', #1459, 1000.000000000000000 ) ;
#536 = ORIENTED_EDGE ( 'NONE', *, *, #2640, .F. ) ;
#537 = LINE ( 'NONE', #911, #505 ) ;
#538 = CARTESIAN_POINT ( 'NONE',  ( 0.06233766233766225434, 0.8000000000000000444, 0.01875000000000002706 ) ) ;
#539 = ORIENTED_EDGE ( 'NONE', *, *, #2327, .T. ) ;
#540 = FACE_OUTER_BOUND ( 'NONE', #25, .T. ) ;
#541 = CARTESIAN_POINT ( 'NONE',  ( -1.599999999999999867, -0.4500000000000000111, 0.1499999999999999944 ) ) ;
#542 = EDGE_CURVE ( 'NONE', #3389, #4506, #1508, .T. ) ;
#543 = CARTESIAN_POINT ( 'NONE',  ( 0.5782467532467533422, 0.7999999999999999334, -0.04935064935064931851 ) ) ;
#544 = ORIENTED_EDGE ( 'NONE', *, *, #1542, .F. ) ;
#545 = CARTESIAN_POINT ( 'NONE',  ( 1.049336671372103513, 0.8000000000000000444, 0.08084602209493975400 ) ) ;
#546 = DIRECTION ( 'NONE',  ( 0.0000000000000000000, 1.000000000000000000, -0.0000000000000000000 ) ) ;
#547 = CARTESIAN_POINT ( 'NONE',  ( 1.048986217620818451, 0.8000000000000000444, -0.1014131794562578293 ) ) ;
#548 = VERTEX_POINT ( 'NONE', #1897 ) ;
#549 = ADVANCED_FACE ( 'NONE', ( #2600 ), #789, .F. ) ;
#550 = EDGE_CURVE ( 'NONE', #729, #258, #3987, .T. ) ;
#551 = ORIENTED_EDGE ( 'NONE', *, *, #1469, .F. ) ;
#552 = CARTESIAN_POINT ( 'NONE',  ( 0.9384425134857860007, 0.7999999999999999334, -0.1787857032385733735 ) ) ;
#553 = LINE ( 'NONE', #1278, #1063 ) ;
#554 = CARTESIAN_POINT ( 'NONE',  ( 1.599999999999999201, 0.4499999999999997891, 0.1499999999999999944 ) ) ;
#555 = ORIENTED_EDGE ( 'NONE', *, *, #3267, .T. ) ;
#556 = DIRECTION ( 'NONE',  ( -0.0000000000000000000, -0.0000000000000000000, -1.000000000000000000 ) ) ;
#557 = ORIENTED_EDGE ( 'NONE', *, *, #4611, .F. ) ;
#558 = DIRECTION ( 'NONE',  ( 5.114161190969363366E-16, -1.000000000000000000, 0.0000000000000000000 ) ) ;
#559 = FILL_AREA_STYLE ('',( #912 ) ) ;
#560 = ORIENTED_EDGE ( 'NONE', *, *, #1296, .F. ) ;
#561 = CARTESIAN_POINT ( 'NONE',  ( 1.010381453208787583, 0.8000000000000003775, -0.04427144235394957217 ) ) ;
#562 = CARTESIAN_POINT ( 'NONE',  ( 0.9996810260724144914, 0.8000000000000002665, -0.1373168781648963777 ) ) ;
#563 = CARTESIAN_POINT ( 'NONE',  ( -0.05194805194805202087, 0.8000000000000000444, 0.09090909090909092549 ) ) ;
#564 = CARTESIAN_POINT ( 'NONE',  ( -1.599999999999999645, 0.8499999999999999778, 0.1499999999999999944 ) ) ;
#565 = VERTEX_POINT ( 'NONE', #807 ) ;
#566 = CARTESIAN_POINT ( 'NONE',  ( 0.01368820576195326107, 0.8000000000000000444, -0.1686996978373203060 ) ) ;
#567 = DIRECTION ( 'NONE',  ( 0.1710878697460360698, 0.9702875252478139201, -0.1710878697460362641 ) ) ;
#568 = CARTESIAN_POINT ( 'NONE',  ( 0.6941776374224364332, 0.7999999999999999334, 0.1391277749229158922 ) ) ;
#569 = CARTESIAN_POINT ( 'NONE',  ( -0.8856646842617966753, 0.8000000000000002665, -0.04709140488358335569 ) ) ;
#570 = EDGE_CURVE ( 'NONE', #4210, #4076, #2977, .T. ) ;
#571 = EDGE_LOOP ( 'NONE', ( #4154, #4358, #972, #2606 ) ) ;
#572 = B_SPLINE_CURVE_WITH_KNOTS ( 'NONE', 3,
 ( #830, #1136, #2942, #3648, #3282, #2565, #451 ),
 .UNSPECIFIED., .F., .F.,
 ( 4, 1, 1, 1, 4 ),
 ( 0.0000000000000000000, 0.2138465037178001182, 0.4488532362386296048, 0.7121003335125397626, 0.9999999999999998890 ),
 .UNSPECIFIED. ) ;
#573 = ORIENTED_EDGE ( 'NONE', *, *, #4512, .F. ) ;
#574 = DIRECTION ( 'NONE',  ( 2.464095846557962920E-16, -1.000000000000000000, 0.0000000000000000000 ) ) ;
#575 = EDGE_CURVE ( 'NONE', #1614, #3694, #1529, .T. ) ;
#576 = EDGE_CURVE ( 'NONE', #2397, #1304, #1067, .T. ) ;
#577 = SURFACE_SIDE_STYLE ('',( #202 ) ) ;
#578 = DIRECTION ( 'NONE',  ( -0.0000000000000000000, -0.0000000000000000000, -1.000000000000000000 ) ) ;
#579 = ORIENTED_EDGE ( 'NONE', *, *, #4002, .F. ) ;
#580 = DIRECTION ( 'NONE',  ( 1.355252715606869696E-15, 1.000000000000000000, -0.0000000000000000000 ) ) ;
#581 = EDGE_CURVE ( 'NONE', #2041, #2076, #58, .T. ) ;
#582 = DIRECTION ( 'NONE',  ( 0.0000000000000000000, 1.000000000000000000, 0.0000000000000000000 ) ) ;
#583 = ORIENTED_EDGE ( 'NONE', *, *, #842, .F. ) ;
#584 = LINE ( 'NONE', #3039, #2464 ) ;
#585 = DIRECTION ( 'NONE',  ( 0.0000000000000000000, -0.0000000000000000000, 1.000000000000000000 ) ) ;
#586 = ORIENTED_EDGE ( 'NONE', *, *, #3379, .F. ) ;
#587 = AXIS2_PLACEMENT_3D ( 'NONE', #2980, #2630, #2895 ) ;
#588 = LINE ( 'NONE', #895, #2305 ) ;
#589 = VECTOR ( 'NONE', #3910, 1000.000000000000000 ) ;
#590 = ORIENTED_EDGE ( 'NONE', *, *, #2507, .F. ) ;
#591 = CARTESIAN_POINT ( 'NONE',  ( -0.01010652497320647762, 0.7999999999999997113, -0.1212980005103616726 ) ) ;
#592 = AXIS2_PLACEMENT_3D ( 'NONE', #155, #4075, #3350 ) ;
#593 = LINE ( 'NONE', #2744, #4099 ) ;
#594 = CARTESIAN_POINT ( 'NONE',  ( -0.9122310202930832279, 0.7999999999999998224, -0.1923857483527681433 ) ) ;
#595 = CARTESIAN_POINT ( 'NONE',  ( -1.096103896103896025, 0.8000000000000000444, 0.0000000000000000000 ) ) ;
#596 = VECTOR ( 'NONE', #1912, 1000.000000000000000 ) ;
#597 = CLOSED_SHELL ( 'NONE', ( #183, #3456, #3616, #3090, #179, #4322, #233, #412, #4451, #3070, #1720, #2687, #4521, #265, #1892, #2719, #2749, #730, #674, #206, #2415, #2177, #1225, #4518, #2695, #484 ) ) ;
#598 = VERTEX_POINT ( 'NONE', #2891 ) ;
#599 = ORIENTED_EDGE ( 'NONE', *, *, #2233, .F. ) ;
#600 = CARTESIAN_POINT ( 'NONE',  ( 1.599999999999998979, 0.1999999999999998723, 0.0000000000000000000 ) ) ;
#601 = CARTESIAN_POINT ( 'NONE',  ( 0.9076112083749870996, 0.7999999999999998224, -0.1297991729186148691 ) ) ;
#602 = AXIS2_PLACEMENT_3D ( 'NONE', #1055, #3159, #4254 ) ;
#603 = VECTOR ( 'NONE', #1573, 1000.000000000000000 ) ;
#604 = EDGE_CURVE ( 'NONE', #1308, #645, #4241, .T. ) ;
#605 = CARTESIAN_POINT ( 'NONE',  ( 0.0000000000000000000, 0.8000000000000000444, -0.1324675324675324839 ) ) ;
#606 = APPLICATION_PROTOCOL_DEFINITION ( 'draft international standard', 'automotive_design', 1998, #437 ) ;
#607 = DIRECTION ( 'NONE',  ( 1.000000000000000000, 5.731465228998257581E-16, 0.0000000000000000000 ) ) ;
#608 = EDGE_LOOP ( 'NONE', ( #4148, #2879, #4565, #555 ) ) ;
#609 = AXIS2_PLACEMENT_3D ( 'NONE', #385, #1766, #2208 ) ;
#610 =( NAMED_UNIT ( * ) PLANE_ANGLE_UNIT ( ) SI_UNIT ( $, .RADIAN. ) );
#611 = SPHERICAL_SURFACE ( 'NONE', #1806, 0.2000000000000000111 ) ;
#612 = VECTOR ( 'NONE', #3912, 1000.000000000000000 ) ;
#613 = EDGE_CURVE ( 'NONE', #3226, #4235, #450, .T. ) ;
#614 = EDGE_CURVE ( 'NONE', #4628, #2351, #1832, .T. ) ;
#615 = VERTEX_POINT ( 'NONE', #145 ) ;
#616 = EDGE_LOOP ( 'NONE', ( #326, #2777, #3907, #3132 ) ) ;
#617 = CARTESIAN_POINT ( 'NONE',  ( -0.8911184891977721456, 0.8000000000000000444, -0.7911184891977719458 ) ) ;
#618 = ORIENTED_EDGE ( 'NONE', *, *, #4232, .T. ) ;
#619 = DIRECTION ( 'NONE',  ( 0.0000000000000000000, 0.0000000000000000000, -1.000000000000000000 ) ) ;
#620 = COLOUR_RGB ( '',0.8509803921568627194, 0.8509803921568627194, 0.8509803921568627194 ) ;
#621 = LINE ( 'NONE', #4462, #14 ) ;
#622 = DIRECTION ( 'NONE',  ( 5.114161190969363366E-16, -1.000000000000000000, 0.0000000000000000000 ) ) ;
#623 = CARTESIAN_POINT ( 'NONE',  ( 0.05500000000000004191, 1.550000000000000488, 0.1499999999999999944 ) ) ;
#624 = VERTEX_POINT ( 'NONE', #3711 ) ;
#625 = DIRECTION ( 'NONE',  ( 0.0000000000000000000, -1.000000000000000000, 0.0000000000000000000 ) ) ;
#626 = CARTESIAN_POINT ( 'NONE',  ( -0.9452645158713979257, 0.7999999999999999334, 0.1302033988648646223 ) ) ;
#627 = CARTESIAN_POINT ( 'NONE',  ( 1.299999999999999822, -0.2000000000000002609, 0.0000000000000000000 ) ) ;
#628 = CARTESIAN_POINT ( 'NONE',  ( 0.06955379756610786945, 0.7999999999999998224, 0.01617616586501547868 ) ) ;
#629 = ORIENTED_EDGE ( 'NONE', *, *, #1169, .T. ) ;
#630 = ORIENTED_EDGE ( 'NONE', *, *, #1781, .F. ) ;
#631 = PRODUCT_CONTEXT ( 'NONE', #437, 'mechanical' ) ;
#632 = DIRECTION ( 'NONE',  ( 5.731465228998257581E-16, -1.000000000000000000, 0.0000000000000000000 ) ) ;
#633 = ORIENTED_EDGE ( 'NONE', *, *, #143, .F. ) ;
#634 = DIRECTION ( 'NONE',  ( -0.0000000000000000000, -1.000000000000000000, -0.0000000000000000000 ) ) ;
#635 = CARTESIAN_POINT ( 'NONE',  ( 0.1656572093906703014, 0.8000000000000001554, 0.1690449791823780135 ) ) ;
#636 = EDGE_CURVE ( 'NONE', #624, #4294, #1896, .T. ) ;
#637 = ORIENTED_EDGE ( 'NONE', *, *, #2264, .F. ) ;
#638 = EDGE_LOOP ( 'NONE', ( #4108, #1918, #2863, #3049 ) ) ;
#639 = VERTEX_POINT ( 'NONE', #1000 ) ;
#640 = LINE ( 'NONE', #2033, #3221 ) ;
#641 = CARTESIAN_POINT ( 'NONE',  ( 1.009446715006024675, 0.7999999999999999334, -0.1999057573517094843 ) ) ;
#642 = EDGE_CURVE ( 'NONE', #3947, #4202, #2065, .T. ) ;
#643 = ADVANCED_FACE ( 'NONE', ( #2872 ), #721, .F. ) ;
#644 = CARTESIAN_POINT ( 'NONE',  ( 1.108586475338937172, 0.8000000000000001554, 0.1171183062780232625 ) ) ;
#645 = VERTEX_POINT ( 'NONE', #2821 ) ;
#646 = LINE ( 'NONE', #2059, #1953 ) ;
#647 = CARTESIAN_POINT ( 'NONE',  ( 0.1650000000000001743, 1.175000000000000488, 0.0000000000000000000 ) ) ;
#648 = DIRECTION ( 'NONE',  ( 1.000000000000000000, 0.0000000000000000000, 0.0000000000000000000 ) ) ;
#649 = CARTESIAN_POINT ( 'NONE',  ( -0.9982141766265230087, 0.7999999999999999334, -0.1324479360130500494 ) ) ;
#650 = EDGE_LOOP ( 'NONE', ( #488, #1014, #2105, #2736 ) ) ;
#651 = DIRECTION ( 'NONE',  ( 1.022832238193873659E-15, 1.000000000000000000, 0.0000000000000000000 ) ) ;
#652 = ORIENTED_EDGE ( 'NONE', *, *, #3749, .T. ) ;
#653 = APPLICATION_PROTOCOL_DEFINITION ( 'draft international standard', 'automotive_design', 1998, #3012 ) ;
#654 = CARTESIAN_POINT ( 'NONE',  ( -0.7012987012987015323, 0.8000000000000000444, -0.03896103896103896708 ) ) ;
#655 = ORIENTED_EDGE ( 'NONE', *, *, #4296, .F. ) ;
#656 = PRESENTATION_STYLE_ASSIGNMENT (( #3529 ) ) ;
#657 = DIRECTION ( 'NONE',  ( 8.673617379884039416E-16, 1.000000000000000000, 0.0000000000000000000 ) ) ;
#658 = EDGE_LOOP ( 'NONE', ( #4444, #1783, #366, #3777 ) ) ;
#659 = ORIENTED_EDGE ( 'NONE', *, *, #3516, .F. ) ;
#660 = CARTESIAN_POINT ( 'NONE',  ( 0.6514253494263450017, 0.8000000000000000444, -0.01809434751735867000 ) ) ;
#661 = ORIENTED_EDGE ( 'NONE', *, *, #1253, .F. ) ;
#662 = LINE ( 'NONE', #2078, #4557 ) ;
#663 = CARTESIAN_POINT ( 'NONE',  ( 1.500000000000000000, 0.0000000000000000000, 1.500000000000000000 ) ) ;
#664 = CARTESIAN_POINT ( 'NONE',  ( 0.05500000000000004191, 1.550000000000000488, 0.1499999999999999944 ) ) ;
#665 = EDGE_CURVE ( 'NONE', #2037, #3655, #3518, .T. ) ;
#666 = ORIENTED_EDGE ( 'NONE', *, *, #793, .F. ) ;
#667 = CARTESIAN_POINT ( 'NONE',  ( -1.300000000000000044, 0.4500000000000000111, 0.0000000000000000000 ) ) ;
#668 = CARTESIAN_POINT ( 'NONE',  ( 0.3033738067925764725, 0.8000000000000000444, 0.1753444938342413051 ) ) ;
#669 = VECTOR ( 'NONE', #61, 1000.000000000000000 ) ;
#670 = CARTESIAN_POINT ( 'NONE',  ( -1.191118489197771968, 0.5999999999999999778, -1.191118489197771746 ) ) ;
#671 =( GEOMETRIC_REPRESENTATION_CONTEXT ( 3 ) GLOBAL_UNCERTAINTY_ASSIGNED_CONTEXT ( ( #507 ) ) GLOBAL_UNIT_ASSIGNED_CONTEXT ( ( #2445, #352, #993 ) ) REPRESENTATION_CONTEXT ( 'NONE', 'WORKASPACE' ) );
#672 = VECTOR ( 'NONE', #2161, 1000.000000000000000 ) ;
#673 = CARTESIAN_POINT ( 'NONE',  ( -0.05499999999999997946, -1.285000000000000586, 0.1499999999999999944 ) ) ;
#674 = ADVANCED_FACE ( 'NONE', ( #1394 ), #1418, .F. ) ;
#675 = ORIENTED_EDGE ( 'NONE', *, *, #979, .F. ) ;
#676 = EDGE_CURVE ( 'NONE', #1758, #783, #2849, .T. ) ;
#677 = CARTESIAN_POINT ( 'NONE',  ( -0.8715661122585959264, 0.8000000000000002665, 0.1656188865023266732 ) ) ;
#678 = SURFACE_STYLE_USAGE ( .BOTH. , #724 ) ;
#679 = VECTOR ( 'NONE', #81, 1000.000000000000000 ) ;
#680 = AXIS2_PLACEMENT_3D ( 'NONE', #177, #546, #3440 ) ;
#681 = AXIS2_PLACEMENT_3D ( 'NONE', #4369, #118, #2216 ) ;
#682 = CARTESIAN_POINT ( 'NONE',  ( 0.0000000000000000000, 0.0000000000000000000, 0.1499999999999999944 ) ) ;
#683 = AXIS2_PLACEMENT_3D ( 'NONE', #1696, #567, #2673 ) ;
#684 = CARTESIAN_POINT ( 'NONE',  ( -1.600000000000000533, 1.099999999999999867, 0.1499999999999999944 ) ) ;
#685 = ORIENTED_EDGE ( 'NONE', *, *, #762, .F. ) ;
#686 = FACE_OUTER_BOUND ( 'NONE', #4310, .T. ) ;
#687 = VECTOR ( 'NONE', #3830, 1000.000000000000000 ) ;
#688 = AXIS2_PLACEMENT_3D ( 'NONE', #3682, #2638, #816 ) ;
#689 = VECTOR ( 'NONE', #375, 1000.000000000000000 ) ;
#690 = VERTEX_POINT ( 'NONE', #3219 ) ;
#691 = EDGE_LOOP ( 'NONE', ( #744, #501, #4262, #48, #3354, #1049, #551, #2182, #3118, #3551, #3385, #3185, #960, #316, #2768, #3299, #75, #3200, #1486, #3997, #3253, #3603, #1951, #3628 ) ) ;
#692 = CARTESIAN_POINT ( 'NONE',  ( -0.1649999999999998412, 1.175000000000000488, 0.1499999999999999944 ) ) ;
#693 = ORIENTED_EDGE ( 'NONE', *, *, #1857, .F. ) ;
#694 =( REPRESENTATION_RELATIONSHIP ('NONE','NONE', #4101, #944 ) REPRESENTATION_RELATIONSHIP_WITH_TRANSFORMATION ( #3195 )SHAPE_REPRESENTATION_RELATIONSHIP( ) );
#695 = CARTESIAN_POINT ( 'NONE',  ( 1.086870732879445134, 0.7999999999999994893, -0.1627326352385060904 ) ) ;
#696 = AXIS2_PLACEMENT_3D ( 'NONE', #2361, #1979, #4555 ) ;
#697 = ORIENTED_EDGE ( 'NONE', *, *, #1551, .F. ) ;
#698 = CARTESIAN_POINT ( 'NONE',  ( 0.9737140457267408067, 0.8000000000000000444, 0.1259715013162020503 ) ) ;
#699 = PRESENTATION_LAYER_ASSIGNMENT (  '', '', ( #4042 ) ) ;
#700 = CARTESIAN_POINT ( 'NONE',  ( 0.9067543615731891160, 0.7999999999999997113, -0.07057128785823343908 ) ) ;
#701 = EDGE_CURVE ( 'NONE', #4255, #2536, #4269, .T. ) ;
#702 = DIRECTION ( 'NONE',  ( -0.0000000000000000000, -0.0000000000000000000, -1.000000000000000000 ) ) ;
#703 = ORIENTED_EDGE ( 'NONE', *, *, #4383, .T. ) ;
#704 = CARTESIAN_POINT ( 'NONE',  ( -0.9439935064935065512, 0.7999999999999999334, -0.1288961038961039529 ) ) ;
#705 =( NAMED_UNIT ( * ) SI_UNIT ( $, .STERADIAN. ) SOLID_ANGLE_UNIT ( ) );
#706 = ADVANCED_FACE ( 'NONE', ( #1440 ), #4293, .F. ) ;
#707 = EDGE_CURVE ( 'NONE', #1800, #4252, #3146, .T. ) ;
#708 = CARTESIAN_POINT ( 'NONE',  ( 0.9961690998828475196, 0.7999999999999997113, 0.01880730734212735997 ) ) ;
#709 = VERTEX_POINT ( 'NONE', #315 ) ;
#710 = LINE ( 'NONE', #343, #2403 ) ;
#711 = ORIENTED_EDGE ( 'NONE', *, *, #2603, .F. ) ;
#712 = ORIENTED_EDGE ( 'NONE', *, *, #3009, .T. ) ;
#713 = ORIENTED_EDGE ( 'NONE', *, *, #1376, .T. ) ;
#714 = DIRECTION ( 'NONE',  ( -0.0000000000000000000, -0.0000000000000000000, -1.000000000000000000 ) ) ;
#715 = DIRECTION ( 'NONE',  ( -0.0000000000000000000, 1.000000000000000000, -0.0000000000000000000 ) ) ;
#716 = CARTESIAN_POINT ( 'NONE',  ( 1.098438740058150342, 0.8000000000000003775, 0.1475054733039539157 ) ) ;
#717 = VERTEX_POINT ( 'NONE', #4195 ) ;
#718 = CARTESIAN_POINT ( 'NONE',  ( 0.1650000000000001743, 1.175000000000000488, 0.1499999999999999944 ) ) ;
#719 = PLANE ( 'NONE',  #514 ) ;
#720 = CARTESIAN_POINT ( 'NONE',  ( 0.9061073980350972112, 0.8000000000000001554, 0.1345262540796634543 ) ) ;
#721 = PLANE ( 'NONE',  #2383 ) ;
#722 = ORIENTED_EDGE ( 'NONE', *, *, #128, .T. ) ;
#723 = LINE ( 'NONE', #1420, #2393 ) ;
#724 = SURFACE_SIDE_STYLE ('',( #1725 ) ) ;
#725 = CARTESIAN_POINT ( 'NONE',  ( -0.2181818181818181712, 0.8000000000000000444, 0.0000000000000000000 ) ) ;
#726 = FACE_OUTER_BOUND ( 'NONE', #4579, .T. ) ;
#727 = CARTESIAN_POINT ( 'NONE',  ( -1.599999999999999867, 0.4500000000000000111, 0.0000000000000000000 ) ) ;
#728 = EDGE_CURVE ( 'NONE', #690, #4585, #287, .T. ) ;
#729 = VERTEX_POINT ( 'NONE', #1347 ) ;
#730 = ADVANCED_FACE ( 'NONE', ( #1722 ), #2800, .F. ) ;
#731 = ORIENTED_EDGE ( 'NONE', *, *, #581, .T. ) ;
#732 = ORIENTED_EDGE ( 'NONE', *, *, #947, .F. ) ;
#733 =( LENGTH_UNIT ( ) NAMED_UNIT ( * ) SI_UNIT ( .MILLI., .METRE. ) );
#734 = CARTESIAN_POINT ( 'NONE',  ( 0.6724208684063964769, 0.8000000000000000444, -0.006854938935581334283 ) ) ;
#735 = EDGE_CURVE ( 'NONE', #1601, #1008, #3895, .T. ) ;
#736 = CARTESIAN_POINT ( 'NONE',  ( 0.9839104217910116246, 0.7999999999999998224, -0.05077116303899021493 ) ) ;
#737 = FACE_BOUND ( 'NONE', #4534, .T. ) ;
#738 = ORIENTED_EDGE ( 'NONE', *, *, #1916, .T. ) ;
#739 = FACE_OUTER_BOUND ( 'NONE', #3542, .T. ) ;
#740 = LINE ( 'NONE', #2498, #2676 ) ;
#741 = DIRECTION ( 'NONE',  ( -0.0000000000000000000, 0.0000000000000000000, -1.000000000000000000 ) ) ;
#742 = CARTESIAN_POINT ( 'NONE',  ( 0.9953229930378520995, 0.7999999999999998224, 0.2049526318826442317 ) ) ;
#743 = CARTESIAN_POINT ( 'NONE',  ( -0.01513844303648861564, 0.8000000000000000444, 0.1002266531156791041 ) ) ;
#744 = ORIENTED_EDGE ( 'NONE', *, *, #542, .F. ) ;
#745 = DIRECTION ( 'NONE',  ( -1.000000000000000000, 0.0000000000000000000, 0.0000000000000000000 ) ) ;
#746 = CARTESIAN_POINT ( 'NONE',  ( -0.9440611015176534337, 0.7999999999999998224, -0.1985987894240507090 ) ) ;
#747 = CARTESIAN_POINT ( 'NONE',  ( -0.9033965576238851547, 0.7999999999999999334, -0.1014387187832308523 ) ) ;
#748 = CARTESIAN_POINT ( 'NONE',  ( 0.1298701298701298024, 0.8000000000000000444, 0.07573051948051950921 ) ) ;
#749 = CARTESIAN_POINT ( 'NONE',  ( 0.5002823345530452714, 0.8000000000000001554, 0.1309448695662126239 ) ) ;
#750 = ORIENTED_EDGE ( 'NONE', *, *, #4008, .T. ) ;
#751 = VECTOR ( 'NONE', #1534, 1000.000000000000000 ) ;
#752 = AXIS2_PLACEMENT_3D ( 'NONE', #1361, #2759, #4183 ) ;
#753 = EDGE_CURVE ( 'NONE', #948, #2648, #2118, .T. ) ;
#754 = VECTOR ( 'NONE', #2331, 1000.000000000000000 ) ;
#755 = ORIENTED_EDGE ( 'NONE', *, *, #1916, .F. ) ;
#756 = DIRECTION ( 'NONE',  ( -0.0000000000000000000, -0.0000000000000000000, -1.000000000000000000 ) ) ;
#757 = CARTESIAN_POINT ( 'NONE',  ( 0.6230802039709181228, 0.8000000000000000444, -0.1269474755395965382 ) ) ;
#758 = CARTESIAN_POINT ( 'NONE',  ( 0.1246753246753245781, 0.8000000000000000444, -0.09691558441558438541 ) ) ;
#759 = CARTESIAN_POINT ( 'NONE',  ( -0.2855519480519480569, 0.8000000000000000444, 0.1999999999999999833 ) ) ;
#760 = VECTOR ( 'NONE', #4282, 1000.000000000000000 ) ;
#761 = CARTESIAN_POINT ( 'NONE',  ( 1.106266712847239875, 0.7999999999999998224, -0.1082569376499932234 ) ) ;
#762 = EDGE_CURVE ( 'NONE', #2637, #3173, #1531, .T. ) ;
#763 = ADVANCED_FACE ( 'NONE', ( #2567 ), #2586, .F. ) ;
#764 = CARTESIAN_POINT ( 'NONE',  ( 0.5300000000000003597, 0.1750000000000001277, 0.1499999999999999944 ) ) ;
#765 = EDGE_LOOP ( 'NONE', ( #3139, #3153, #3748, #3743 ) ) ;
#766 = CARTESIAN_POINT ( 'NONE',  ( -1.500000000000000000, 0.6347296355333861273, 1.388080039800213328 ) ) ;
#767 = CARTESIAN_POINT ( 'NONE',  ( 0.5300000000000003597, 0.1750000000000001277, 0.1499999999999999944 ) ) ;
#768 = PLANE ( 'NONE',  #2839 ) ;
#769 = CARTESIAN_POINT ( 'NONE',  ( 0.9027752861296954867, 0.7999999999999999334, 0.1231847696521690128 ) ) ;
#770 = VECTOR ( 'NONE', #3300, 1000.000000000000000 ) ;
#771 = LINE ( 'NONE', #2964, #1787 ) ;
#772 = ORIENTED_EDGE ( 'NONE', *, *, #918, .F. ) ;
#773 = FACE_OUTER_BOUND ( 'NONE', #2158, .T. ) ;
#774 = PLANE ( 'NONE',  #3498 ) ;
#775 = B_SPLINE_CURVE_WITH_KNOTS ( 'NONE', 3,
 ( #1119, #1470, #3348, #3973, #2277, #152, #4346, #2124, #21, #2877, #2196 ),
 .UNSPECIFIED., .F., .F.,
 ( 4, 1, 1, 1, 1, 1, 1, 1, 4 ),
 ( 0.0000000000000000000, 0.1091472446530389051, 0.2152589674700650935, 0.3246390711331706425, 0.4396674703298382170, 0.5616255148480202575, 0.6934057302043228344, 0.8380270563770019221, 1.000000000000000000 ),
 .UNSPECIFIED. ) ;
#776 = PRODUCT_DEFINITION_FORMATION_WITH_SPECIFIED_SOURCE ( 'ANY', '', #2122, .NOT_KNOWN. ) ;
#777 = LINE ( 'NONE', #725, #2705 ) ;
#778 = CARTESIAN_POINT ( 'NONE',  ( 1.599999999999999423, 1.099999999999999645, 0.1499999999999999944 ) ) ;
#779 = CARTESIAN_POINT ( 'NONE',  ( 0.1730708556772025397, 0.8000000000000004885, 0.002497070038249597605 ) ) ;
#780 = ORIENTED_EDGE ( 'NONE', *, *, #2091, .T. ) ;
#781 = CARTESIAN_POINT ( 'NONE',  ( 1.299999999999999822, -0.2000000000000002609, 0.1499999999999999944 ) ) ;
#782 = DIRECTION ( 'NONE',  ( -0.1736481776669307198, -0.9848077530122080203, 0.0000000000000000000 ) ) ;
#783 = VERTEX_POINT ( 'NONE', #409 ) ;
#784 =( LENGTH_UNIT ( ) NAMED_UNIT ( * ) SI_UNIT ( .MILLI., .METRE. ) );
#785 = EDGE_CURVE ( 'NONE', #4448, #4539, #1880, .T. ) ;
#786 = CARTESIAN_POINT ( 'NONE',  ( 1.066422874489435735, 0.8000000000000001554, -0.1834501186900406589 ) ) ;
#787 = CARTESIAN_POINT ( 'NONE',  ( 0.5773354212357781901, 0.8000000000000000444, -0.1986170317022188936 ) ) ;
#788 = DIRECTION ( 'NONE',  ( -0.0000000000000000000, 1.000000000000000000, -0.0000000000000000000 ) ) ;
#789 = PLANE ( 'NONE',  #141 ) ;
#790 = DIRECTION ( 'NONE',  ( -2.464095846557962920E-16, 1.000000000000000000, 0.0000000000000000000 ) ) ;
#791 = ADVANCED_FACE ( 'NONE', ( #3263 ), #3309, .F. ) ;
#792 = SURFACE_STYLE_FILL_AREA ( #3989 ) ;
#793 = EDGE_CURVE ( 'NONE', #3808, #3552, #833, .T. ) ;
#794 = DIRECTION ( 'NONE',  ( -5.114161190969362380E-16, 1.000000000000000000, 0.0000000000000000000 ) ) ;
#795 = ORIENTED_EDGE ( 'NONE', *, *, #4457, .F. ) ;
#796 = LINE ( 'NONE', #3634, #1568 ) ;
#797 = LINE ( 'NONE', #42, #1494 ) ;
#798 = CARTESIAN_POINT ( 'NONE',  ( 1.299999999999999822, -1.175000000000000488, 0.0000000000000000000 ) ) ;
#799 = CARTESIAN_POINT ( 'NONE',  ( 0.1167919121240232616, 0.8000000000000000444, -0.06803176917897567344 ) ) ;
#800 = ORIENTED_EDGE ( 'NONE', *, *, #259, .F. ) ;
#801 =( NAMED_UNIT ( * ) SI_UNIT ( $, .STERADIAN. ) SOLID_ANGLE_UNIT ( ) );
#802 = LINE ( 'NONE', #1891, #2779 ) ;
#803 = UNCERTAINTY_MEASURE_WITH_UNIT (LENGTH_MEASURE( 1.000000000000000082E-05 ), #360, 'distance_accuracy_value', 'NONE');
#804 = CARTESIAN_POINT ( 'NONE',  ( 0.5967532467532467022, 0.8000000000000000444, -0.1999999999999999556 ) ) ;
#805 = CARTESIAN_POINT ( 'NONE',  ( -1.300000000000000044, 0.5300000000000003597, 0.1499999999999999944 ) ) ;
#806 = VERTEX_POINT ( 'NONE', #3654 ) ;
#807 = CARTESIAN_POINT ( 'NONE',  ( 1.169999999999999485, 0.1999999999999999556, 0.1499999999999999944 ) ) ;
#808 = CARTESIAN_POINT ( 'NONE',  ( -1.033766233766233889, 0.8000000000000000444, -0.1324675324675325117 ) ) ;
#809 = EDGE_CURVE ( 'NONE', #4132, #2130, #2225, .T. ) ;
#810 = LINE ( 'NONE', #130, #3882 ) ;
#811 = ORIENTED_EDGE ( 'NONE', *, *, #204, .T. ) ;
#812 = LINE ( 'NONE', #1516, #2843 ) ;
#813 = CARTESIAN_POINT ( 'NONE',  ( 0.6326474591850145268, 0.8000000000000002665, 0.03898898323455505383 ) ) ;
#814 = EDGE_CURVE ( 'NONE', #2254, #1206, #771, .T. ) ;
#815 = ADVANCED_FACE ( 'NONE', ( #2209 ), #2193, .T. ) ;
#816 = DIRECTION ( 'NONE',  ( 1.000000000000000000, 7.228014483236692611E-16, 0.0000000000000000000 ) ) ;
#817 = AXIS2_PLACEMENT_3D ( 'NONE', #3647, #1135, #850 ) ;
#818 = AXIS2_PLACEMENT_3D ( 'NONE', #168, #2006, #2622 ) ;
#819 = PRODUCT_DEFINITION_SHAPE ( 'NONE', 'NONE',  #3475 ) ;
#820 = CARTESIAN_POINT ( 'NONE',  ( 1.014054538417155760, 0.7999999999999998224, 0.01867169321486428918 ) ) ;
#821 = VERTEX_POINT ( 'NONE', #1139 ) ;
#822 =( LENGTH_UNIT ( ) NAMED_UNIT ( * ) SI_UNIT ( .MILLI., .METRE. ) );
#823 = CARTESIAN_POINT ( 'NONE',  ( 1.055844155844156251, 0.7999999999999999334, -0.01509740259740251223 ) ) ;
#824 = MECHANICAL_DESIGN_GEOMETRIC_PRESENTATION_REPRESENTATION (  '', ( #218 ), #1492 ) ;
#825 = AXIS2_PLACEMENT_3D ( 'NONE', #1160, #2569, #1580 ) ;
#826 = FACE_OUTER_BOUND ( 'NONE', #3304, .T. ) ;
#827 = LINE ( 'NONE', #3368, #1641 ) ;
#828 = VECTOR ( 'NONE', #2933, 1000.000000000000000 ) ;
#829 = ORIENTED_EDGE ( 'NONE', *, *, #3984, .F. ) ;
#830 = CARTESIAN_POINT ( 'NONE',  ( 0.5980519480519480569, 0.8000000000000000444, 0.01298701298701302430 ) ) ;
#831 =( LENGTH_UNIT ( ) NAMED_UNIT ( * ) SI_UNIT ( .MILLI., .METRE. ) );
#832 =( GEOMETRIC_REPRESENTATION_CONTEXT ( 3 ) GLOBAL_UNCERTAINTY_ASSIGNED_CONTEXT ( ( #1594 ) ) GLOBAL_UNIT_ASSIGNED_CONTEXT ( ( #863, #3362, #3704 ) ) REPRESENTATION_CONTEXT ( 'NONE', 'WORKASPACE' ) );
#833 = LINE ( 'NONE', #4007, #3199 ) ;
#834 = EDGE_LOOP ( 'NONE', ( #630, #3736, #637, #3017 ) ) ;
#835 = AXIS2_PLACEMENT_3D ( 'NONE', #541, #4070, #891 ) ;
#836 = CARTESIAN_POINT ( 'NONE',  ( 0.05499999999999984068, 1.285000000000000586, 0.1499999999999999944 ) ) ;
#837 = EDGE_CURVE ( 'NONE', #2919, #2285, #3632, .T. ) ;
#838 = VECTOR ( 'NONE', #4495, 1000.000000000000000 ) ;
#839 = CARTESIAN_POINT ( 'NONE',  ( 1.388080039800213328, 0.6347296355333861273, 1.500000000000000000 ) ) ;
#840 = CARTESIAN_POINT ( 'NONE',  ( 0.9496494180190532264, 0.7999999999999999334, -0.01273186641522953272 ) ) ;
#841 = AXIS2_PLACEMENT_3D ( 'NONE', #1120, #1096, #1076 ) ;
#842 = EDGE_CURVE ( 'NONE', #1384, #4506, #4380, .T. ) ;
#843 = ADVANCED_FACE ( 'NONE', ( #2604 ), #428, .F. ) ;
#844 = FACE_OUTER_BOUND ( 'NONE', #4194, .T. ) ;
#845 = FACE_OUTER_BOUND ( 'NONE', #3234, .T. ) ;
#846 = DIRECTION ( 'NONE',  ( -0.0000000000000000000, -0.0000000000000000000, -1.000000000000000000 ) ) ;
#847 = CARTESIAN_POINT ( 'NONE',  ( 0.6547382424486628549, 0.8000000000000000444, -0.1826654224524911219 ) ) ;
#848 = DIRECTION ( 'NONE',  ( 0.0000000000000000000, -1.000000000000000000, 0.0000000000000000000 ) ) ;
#849 = ORIENTED_EDGE ( 'NONE', *, *, #3398, .T. ) ;
#850 = DIRECTION ( 'NONE',  ( 0.0000000000000000000, -0.0000000000000000000, -1.000000000000000000 ) ) ;
#851 = LINE ( 'NONE', #2668, #603 ) ;
#852 = LINE ( 'NONE', #1939, #1426 ) ;
#853 = DIRECTION ( 'NONE',  ( -0.0000000000000000000, -0.0000000000000000000, -1.000000000000000000 ) ) ;
#854 = ORIENTED_EDGE ( 'NONE', *, *, #2931, .T. ) ;
#855 = PRESENTATION_STYLE_ASSIGNMENT (( #2900 ) ) ;
#856 = CARTESIAN_POINT ( 'NONE',  ( 1.599999999999999201, 0.4499999999999997891, 0.1499999999999999944 ) ) ;
#857 = VERTEX_POINT ( 'NONE', #2253 ) ;
#858 = CARTESIAN_POINT ( 'NONE',  ( 0.5563020524133290845, 0.8000000000000000444, 0.09008798502804507558 ) ) ;
#859 = CARTESIAN_POINT ( 'NONE',  ( 0.1580308091267485504, 0.8000000000000000444, -0.01072951774682001647 ) ) ;
#860 = EDGE_CURVE ( 'NONE', #4202, #396, #3328, .T. ) ;
#861 = CARTESIAN_POINT ( 'NONE',  ( 0.1099025974025973212, 0.8000000000000001554, -0.06144480519480516323 ) ) ;
#862 = VERTEX_POINT ( 'NONE', #472 ) ;
#863 =( LENGTH_UNIT ( ) NAMED_UNIT ( * ) SI_UNIT ( .MILLI., .METRE. ) );
#864 = CARTESIAN_POINT ( 'NONE',  ( -1.169999999999999929, -0.1999999999999999833, 0.0000000000000000000 ) ) ;
#865 = EDGE_CURVE ( 'NONE', #3677, #3680, #1900, .T. ) ;
#866 = DIRECTION ( 'NONE',  ( -3.068496714581618118E-16, 1.000000000000000000, 0.0000000000000000000 ) ) ;
#867 = ORIENTED_EDGE ( 'NONE', *, *, #3014, .T. ) ;
#868 = CARTESIAN_POINT ( 'NONE',  ( 0.05072585222008323125, 0.7999999999999997113, 0.1980408756082137900 ) ) ;
#869 = CARTESIAN_POINT ( 'NONE',  ( 1.048988386704113207, 0.8000000000000000444, -0.08092148441312141394 ) ) ;
#870 = CARTESIAN_POINT ( 'NONE',  ( -1.300000000000000266, 1.100000000000000089, 0.1499999999999999944 ) ) ;
#871 = CARTESIAN_POINT ( 'NONE',  ( 1.220990545077582867, 0.4653167881076130663, 1.417952095680024005 ) ) ;
#872 = ORIENTED_EDGE ( 'NONE', *, *, #345, .F. ) ;
#873 = CARTESIAN_POINT ( 'NONE',  ( 1.030529778414868369, 0.7999999999999998224, 0.1338297357470812354 ) ) ;
#874 = DIRECTION ( 'NONE',  ( 1.000000000000000000, 0.0000000000000000000, 0.0000000000000000000 ) ) ;
#875 = CARTESIAN_POINT ( 'NONE',  ( -0.9039429556214838568, 0.8000000000000000444, -0.1890631769870814438 ) ) ;
#876 = ORIENTED_EDGE ( 'NONE', *, *, #1289, .F. ) ;
#877 = ORIENTED_EDGE ( 'NONE', *, *, #1863, .T. ) ;
#878 = CARTESIAN_POINT ( 'NONE',  ( 0.1912429513993431918, 0.8000000000000002665, 0.03488170261159799501 ) ) ;
#879 = SURFACE_STYLE_FILL_AREA ( #1954 ) ;
#880 = CARTESIAN_POINT ( 'NONE',  ( 1.299999999999999822, -1.175000000000000488, 0.0000000000000000000 ) ) ;
#881 = VECTOR ( 'NONE', #281, 1000.000000000000000 ) ;
#882 = ORIENTED_EDGE ( 'NONE', *, *, #503, .T. ) ;
#883 = EDGE_CURVE ( 'NONE', #4471, #3677, #810, .T. ) ;
#884 = AXIS2_PLACEMENT_3D ( 'NONE', #2767, #2699, #3412 ) ;
#885 = VERTEX_POINT ( 'NONE', #4399 ) ;
#886 = LINE ( 'NONE', #4486, #3124 ) ;
#887 = LINE ( 'NONE', #2579, #3211 ) ;
#888 = ORIENTED_EDGE ( 'NONE', *, *, #2436, .F. ) ;
#889 =( LENGTH_UNIT ( ) NAMED_UNIT ( * ) SI_UNIT ( .MILLI., .METRE. ) );
#890 = AXIS2_PLACEMENT_3D ( 'NONE', #4273, #1072, #1116 ) ;
#891 = DIRECTION ( 'NONE',  ( 0.0000000000000000000, -0.0000000000000000000, 1.000000000000000000 ) ) ;
#892 = EDGE_CURVE ( 'NONE', #3655, #301, #1197, .T. ) ;
#893 = EDGE_CURVE ( 'NONE', #1747, #2298, #3659, .T. ) ;
#894 = VECTOR ( 'NONE', #1341, 1000.000000000000000 ) ;
#895 = CARTESIAN_POINT ( 'NONE',  ( 1.299999999999999822, -1.100000000000000311, 0.0000000000000000000 ) ) ;
#896 = ORIENTED_EDGE ( 'NONE', *, *, #2000, .T. ) ;
#897 = LINE ( 'NONE', #4142, #3285 ) ;
#898 = CARTESIAN_POINT ( 'NONE',  ( -0.8725697919218373677, 0.8000000000000000444, -0.1664902346337689132 ) ) ;
#899 = VECTOR ( 'NONE', #3313, 1000.000000000000000 ) ;
#900 = AXIS2_PLACEMENT_3D ( 'NONE', #3503, #277, #2792 ) ;
#901 = ORIENTED_EDGE ( 'NONE', *, *, #2635, .T. ) ;
#902 = LINE ( 'NONE', #3726, #2164 ) ;
#903 = VECTOR ( 'NONE', #3205, 1000.000000000000000 ) ;
#904 = VECTOR ( 'NONE', #3164, 1000.000000000000000 ) ;
#905 =( NAMED_UNIT ( * ) SI_UNIT ( $, .STERADIAN. ) SOLID_ANGLE_UNIT ( ) );
#906 = PLANE ( 'NONE',  #3218 ) ;
#907 = ORIENTED_EDGE ( 'NONE', *, *, #2210, .T. ) ;
#908 = LINE ( 'NONE', #208, #2557 ) ;
#909 = COLOUR_RGB ( '',0.1019607843137254888, 0.1019607843137254888, 0.1019607843137254888 ) ;
#910 = VERTEX_POINT ( 'NONE', #3005 ) ;
#911 = CARTESIAN_POINT ( 'NONE',  ( -0.05499999999999984068, 1.285000000000000586, 0.1499999999999999944 ) ) ;
#912 = FILL_AREA_STYLE_COLOUR ( '', #3586 ) ;
#913 = ORIENTED_EDGE ( 'NONE', *, *, #2203, .T. ) ;
#914 = CARTESIAN_POINT ( 'NONE',  ( -1.599999999999999867, -0.4500000000000000111, 0.1499999999999999944 ) ) ;
#915 = DIRECTION ( 'NONE',  ( -0.5000533132177906737, 0.0000000000000000000, 0.8659946211957151307 ) ) ;
#916 = CARTESIAN_POINT ( 'NONE',  ( 0.5823177673893487061, 0.8000000000000001554, -0.04940859315390187800 ) ) ;
#917 = FILL_AREA_STYLE_COLOUR ( '', #2838 ) ;
#918 = EDGE_CURVE ( 'NONE', #4168, #862, #4071, .T. ) ;
#919 = ORIENTED_EDGE ( 'NONE', *, *, #4575, .T. ) ;
#920 = LINE ( 'NONE', #1648, #838 ) ;
#921 = EDGE_CURVE ( 'NONE', #2965, #2397, #3364, .T. ) ;
#922 = LINE ( 'NONE', #3026, #2239 ) ;
#923 = CARTESIAN_POINT ( 'NONE',  ( -0.8326663520643144967, 0.7999999999999998224, -0.09519821548814610956 ) ) ;
#924 = CARTESIAN_POINT ( 'NONE',  ( -0.8839518146474070193, 0.8000000000000001554, -0.02955409509436806442 ) ) ;
#925 = ORIENTED_EDGE ( 'NONE', *, *, #3990, .F. ) ;
#926 = EDGE_CURVE ( 'NONE', #1070, #1140, #4160, .T. ) ;
#927 = VERTEX_POINT ( 'NONE', #1238 ) ;
#928 =( BOUNDED_CURVE ( )  B_SPLINE_CURVE ( 3, ( #3303, #4048, #1234, #3672 ),
 .UNSPECIFIED., .F., .T. ) 
 B_SPLINE_CURVE_WITH_KNOTS ( ( 4, 4 ),
 ( 5.512866274278616530, 7.053504340080555934 ),
 .UNSPECIFIED. ) 
 CURVE ( )  GEOMETRIC_REPRESENTATION_ITEM ( )  RATIONAL_B_SPLINE_CURVE ( ( 1.000000000000000000, 0.8117923620232503357, 0.8117923620232503357, 1.000000000000000000 ) ) 
 REPRESENTATION_ITEM ( '' )  );
#929 = DIRECTION ( 'NONE',  ( -0.0000000000000000000, -0.0000000000000000000, -1.000000000000000000 ) ) ;
#930 = CARTESIAN_POINT ( 'NONE',  ( 0.0000000000000000000, 0.8000000000000000444, -0.2000000000000000389 ) ) ;
#931 = VERTEX_POINT ( 'NONE', #563 ) ;
#932 = CARTESIAN_POINT ( 'NONE',  ( 0.4623376623376622141, 0.8000000000000000444, 0.2000000000000000389 ) ) ;
#933 = ORIENTED_EDGE ( 'NONE', *, *, #1124, .T. ) ;
#934 = CARTESIAN_POINT ( 'NONE',  ( 0.6060164721276136701, 0.7999999999999999334, 0.1422013310090573246 ) ) ;
#935 = ORIENTED_EDGE ( 'NONE', *, *, #809, .F. ) ;
#936 = B_SPLINE_CURVE_WITH_KNOTS ( 'NONE', 3,
 ( #3166, #4498, #2401, #3417, #2019, #2725, #2773, #3864, #2062, #1297, #266, #1698, #1718, #969, #4569, #4165, #1991, #2745, #1393 ),
 .UNSPECIFIED., .F., .F.,
 ( 4, 1, 1, 1, 1, 1, 1, 1, 1, 1, 1, 1, 1, 1, 1, 1, 4 ),
 ( 0.0000000000000000000, 0.07100693462297497094, 0.1389634504224013245, 0.2040172446691754238, 0.2672358126575071213, 0.3297592516517948158, 0.3922333557121825409, 0.4551522122437307027, 0.5196097778754115160, 0.5840611037659667604, 0.6459596159144181948, 0.7064627874602604773, 0.7653467385920158517, 0.8238034009888768328, 0.8823311130496598320, 0.9409137721218191475, 1.000000000000000000 ),
 .UNSPECIFIED. ) ;
#937 = CARTESIAN_POINT ( 'NONE',  ( 1.037754257040970796, 0.8000000000000003775, -0.05618761889557218753 ) ) ;
#938 = CARTESIAN_POINT ( 'NONE',  ( 0.9662337662337665556, 0.8000000000000000444, -0.09131493506493498780 ) ) ;
#939 = DIRECTION ( 'NONE',  ( -1.000000000000000000, 0.0000000000000000000, 0.0000000000000000000 ) ) ;
#940 = CARTESIAN_POINT ( 'NONE',  ( 0.2181818181818180880, 0.8000000000000000444, 0.2000000000000000389 ) ) ;
#941 = ORIENTED_EDGE ( 'NONE', *, *, #2288, .T. ) ;
#942 = DIRECTION ( 'NONE',  ( 0.0000000000000000000, -1.000000000000000000, 0.0000000000000000000 ) ) ;
#943 = CARTESIAN_POINT ( 'NONE',  ( -0.05499999999999997946, -1.285000000000000586, 0.1499999999999999944 ) ) ;
#944 = SHAPE_REPRESENTATION ( 'lead frame', ( #2780 ), #2110 ) ;
#945 = CARTESIAN_POINT ( 'NONE',  ( 0.6023875018410976834, 0.8000000000000001554, 0.2050868343376850422 ) ) ;
#946 = LINE ( 'NONE', #595, #162 ) ;
#947 = EDGE_CURVE ( 'NONE', #3567, #2511, #4089, .T. ) ;
#948 = VERTEX_POINT ( 'NONE', #4463 ) ;
#949 = CARTESIAN_POINT ( 'NONE',  ( 0.1974025974025973296, 0.7999999999999998224, 0.07735389610389614701 ) ) ;
#950 = EDGE_CURVE ( 'NONE', #353, #4448, #2651, .T. ) ;
#951 = EDGE_CURVE ( 'NONE', #3533, #1747, #964, .T. ) ;
#952 = CARTESIAN_POINT ( 'NONE',  ( -0.5300000000000004707, -0.1750000000000003220, 0.0000000000000000000 ) ) ;
#953 = FACE_OUTER_BOUND ( 'NONE', #650, .T. ) ;
#954 = ORIENTED_EDGE ( 'NONE', *, *, #614, .F. ) ;
#955 = CARTESIAN_POINT ( 'NONE',  ( -1.169999999999999929, -0.1999999999999999833, 0.1499999999999999944 ) ) ;
#956 = CARTESIAN_POINT ( 'NONE',  ( 0.1004393713244247227, 0.8000000000000001554, 0.2048729079617184479 ) ) ;
#957 = EDGE_LOOP ( 'NONE', ( #347, #2052, #2142, #3273 ) ) ;
#958 = EDGE_LOOP ( 'NONE', ( #925, #3991, #213, #590, #1159 ) ) ;
#959 = SURFACE_STYLE_FILL_AREA ( #559 ) ;
#960 = ORIENTED_EDGE ( 'NONE', *, *, #4036, .F. ) ;
#961 = CARTESIAN_POINT ( 'NONE',  ( 1.500000000000000000, 0.0000000000000000000, 1.500000000000000000 ) ) ;
#962 = CARTESIAN_POINT ( 'NONE',  ( 1.299999999999999822, -1.100000000000000311, 0.1499999999999999944 ) ) ;
#963 = AXIS2_PLACEMENT_3D ( 'NONE', #3243, #2918, #4341 ) ;
#964 = LINE ( 'NONE', #2013, #3948 ) ;
#965 = LINE ( 'NONE', #2083, #365 ) ;
#966 = EDGE_LOOP ( 'NONE', ( #158, #954, #4458, #3562 ) ) ;
#967 = DIRECTION ( 'NONE',  ( 0.0000000000000000000, -0.0000000000000000000, -1.000000000000000000 ) ) ;
#968 = CARTESIAN_POINT ( 'NONE',  ( -0.9805194805194805685, 0.7999999999999999334, 0.1324675324675324561 ) ) ;
#969 = CARTESIAN_POINT ( 'NONE',  ( 0.1803964804095373742, 0.8000000000000004885, -0.1364346279224902814 ) ) ;
#970 = VECTOR ( 'NONE', #1874, 1000.000000000000000 ) ;
#971 = VECTOR ( 'NONE', #1748, 1000.000000000000000 ) ;
#972 = ORIENTED_EDGE ( 'NONE', *, *, #4398, .T. ) ;
#973 = ORIENTED_EDGE ( 'NONE', *, *, #2266, .T. ) ;
#974 = CARTESIAN_POINT ( 'NONE',  ( 0.1815887603607282685, 0.8000000000000001554, 0.01403334456889230621 ) ) ;
#975 = AXIS2_PLACEMENT_3D ( 'NONE', #1226, #3799, #2682 ) ;
#976 = EDGE_CURVE ( 'NONE', #1775, #353, #588, .T. ) ;
#977 = VECTOR ( 'NONE', #3370, 1000.000000000000000 ) ;
#978 = CARTESIAN_POINT ( 'NONE',  ( 1.599999999999999201, 0.4499999999999997891, 0.0000000000000000000 ) ) ;
#979 = EDGE_CURVE ( 'NONE', #2594, #1964, #1917, .T. ) ;
#980 = VERTEX_POINT ( 'NONE', #1314 ) ;
#981 = CIRCLE ( 'NONE', #2021, 0.1000000000000000472 ) ;
#982 = ADVANCED_FACE ( 'NONE', ( #2396 ), #3411, .T. ) ;
#983 = SURFACE_SIDE_STYLE ('',( #2786 ) ) ;
#984 =( LENGTH_UNIT ( ) NAMED_UNIT ( * ) SI_UNIT ( .MILLI., .METRE. ) );
#985 = PRESENTATION_LAYER_ASSIGNMENT (  '', '', ( #2627 ) ) ;
#986 = ORIENTED_EDGE ( 'NONE', *, *, #1519, .T. ) ;
#987 = ORIENTED_EDGE ( 'NONE', *, *, #3238, .F. ) ;
#988 = PLANE ( 'NONE',  #1047 ) ;
#989 = DIRECTION ( 'NONE',  ( -0.0000000000000000000, -0.0000000000000000000, -1.000000000000000000 ) ) ;
#990 = VECTOR ( 'NONE', #424, 1000.000000000000000 ) ;
#991 = DIRECTION ( 'NONE',  ( -0.1736481776669307198, 0.9848077530122080203, 0.0000000000000000000 ) ) ;
#992 = B_SPLINE_CURVE_WITH_KNOTS ( 'NONE', 3,
 ( #313, #1318, #1745, #4593, #924, #2350, #569, #3621, #3901, #1817, #3194, #3695, #747, #2547, #1794, #1095, #1770, #2145, #415 ),
 .UNSPECIFIED., .F., .F.,
 ( 4, 1, 1, 1, 1, 1, 1, 1, 1, 1, 1, 1, 1, 1, 1, 1, 4 ),
 ( 0.0000000000000000000, 0.06927859596492409733, 0.1354627749323279173, 0.1970056626194024718, 0.2555319336833397625, 0.3100625540032290184, 0.3616267438686810443, 0.4087279642659945589, 0.4530790406333977116, 0.5348019656838391978, 0.6099022385730100693, 0.6802051952475912655, 0.7465040569553209604, 0.8102748019791504719, 0.8728342735888489079, 0.9357397386928092420, 1.000000000000000000 ),
 .UNSPECIFIED. ) ;
#993 =( NAMED_UNIT ( * ) SI_UNIT ( $, .STERADIAN. ) SOLID_ANGLE_UNIT ( ) );
#994 = ORIENTED_EDGE ( 'NONE', *, *, #3238, .T. ) ;
#995 = DIRECTION ( 'NONE',  ( 0.0000000000000000000, -0.0000000000000000000, -1.000000000000000000 ) ) ;
#996 = PRESENTATION_STYLE_ASSIGNMENT (( #2770 ) ) ;
#997 = CARTESIAN_POINT ( 'NONE',  ( -1.500000000000000000, 0.0000000000000000000, -1.303038449397557974 ) ) ;
#998 = CARTESIAN_POINT ( 'NONE',  ( -0.9661224010085895930, 0.7999999999999996003, -0.1316023045237184053 ) ) ;
#999 = ORIENTED_EDGE ( 'NONE', *, *, #2317, .F. ) ;
#1000 = CARTESIAN_POINT ( 'NONE',  ( -0.5300000000000003597, -1.175000000000000266, 0.1499999999999999944 ) ) ;
#1001 = VERTEX_POINT ( 'NONE', #2698 ) ;
#1002 = DIRECTION ( 'NONE',  ( -0.4998141711995284231, 0.0000000000000000000, -0.8661326655126964091 ) ) ;
#1003 = DIRECTION ( 'NONE',  ( 0.0000000000000000000, -0.0000000000000000000, 1.000000000000000000 ) ) ;
#1004 = VERTEX_POINT ( 'NONE', #1576 ) ;
#1005 = CARTESIAN_POINT ( 'NONE',  ( -0.9453708417021878807, 0.7999999999999999334, -0.1291811142449588723 ) ) ;
#1006 = ADVANCED_FACE ( 'NONE', ( #4421 ), #2320, .F. ) ;
#1007 = VERTEX_POINT ( 'NONE', #1032 ) ;
#1008 = VERTEX_POINT ( 'NONE', #2793 ) ;
#1009 = ORIENTED_EDGE ( 'NONE', *, *, #576, .T. ) ;
#1010 = APPLICATION_CONTEXT ( 'automotive_design' ) ;
#1011 = FACE_OUTER_BOUND ( 'NONE', #2129, .T. ) ;
#1012 = EDGE_CURVE ( 'NONE', #2390, #3041, #4212, .T. ) ;
#1013 = CARTESIAN_POINT ( 'NONE',  ( -1.599999999999999867, -1.099999999999999867, 0.1499999999999999944 ) ) ;
#1014 = ORIENTED_EDGE ( 'NONE', *, *, #4543, .F. ) ;
#1015 = CARTESIAN_POINT ( 'NONE',  ( 0.9807241657120355782, 0.8000000000000000444, 0.1333865750348649792 ) ) ;
#1016 = CARTESIAN_POINT ( 'NONE',  ( -1.500000000000000000, 0.0000000000000000000, 1.303038449397558418 ) ) ;
#1017 = CARTESIAN_POINT ( 'NONE',  ( 0.6810808197722978408, 0.7999999999999997113, -0.1532163578260392900 ) ) ;
#1018 = CARTESIAN_POINT ( 'NONE',  ( -1.001623376623376638, 0.7999999999999999334, -0.1324675324675325117 ) ) ;
#1019 = CARTESIAN_POINT ( 'NONE',  ( 0.02565103557566267983, 0.8000000000000001554, 0.1828861067383551475 ) ) ;
#1020 = ORIENTED_EDGE ( 'NONE', *, *, #2264, .T. ) ;
#1021 = CARTESIAN_POINT ( 'NONE',  ( -0.8321484357723408776, 0.8000000000000002665, 0.09392769096898971604 ) ) ;
#1022 = DIRECTION ( 'NONE',  ( 1.000000000000000000, 0.0000000000000000000, 0.0000000000000000000 ) ) ;
#1023 = CARTESIAN_POINT ( 'NONE',  ( 0.1298701298701298024, 0.8000000000000000444, 0.07573051948051950921 ) ) ;
#1024 = ORIENTED_EDGE ( 'NONE', *, *, #2899, .F. ) ;
#1025 = CARTESIAN_POINT ( 'NONE',  ( -1.219999999999999529, 0.7699999999999997957, 0.1499999999999999944 ) ) ;
#1026 = ORIENTED_EDGE ( 'NONE', *, *, #1755, .F. ) ;
#1027 = ORIENTED_EDGE ( 'NONE', *, *, #1575, .F. ) ;
#1028 = CARTESIAN_POINT ( 'NONE',  ( 0.6944507434366202769, 0.8000000000000001554, 0.02054390040745002199 ) ) ;
#1029 = ORIENTED_EDGE ( 'NONE', *, *, #2876, .F. ) ;
#1030 = DIRECTION ( 'NONE',  ( -0.1710878697460362641, 0.9702875252478139201, -0.1710878697460360698 ) ) ;
#1031 = CARTESIAN_POINT ( 'NONE',  ( 1.299999999999999822, -0.4500000000000001776, 0.0000000000000000000 ) ) ;
#1032 = CARTESIAN_POINT ( 'NONE',  ( -0.05500000000000025008, -1.550000000000000266, 0.1499999999999999944 ) ) ;
#1033 = ORIENTED_EDGE ( 'NONE', *, *, #3156, .T. ) ;
#1034 = DIRECTION ( 'NONE',  ( 0.0000000000000000000, -1.000000000000000000, 0.0000000000000000000 ) ) ;
#1035 = CARTESIAN_POINT ( 'NONE',  ( -0.8964619142015077813, 0.8000000000000000444, 0.09232351651651971025 ) ) ;
#1036 = CARTESIAN_POINT ( 'NONE',  ( 0.6961038961038961137, 0.8000000000000000444, -0.1004058441558441234 ) ) ;
#1037 = VECTOR ( 'NONE', #3342, 1000.000000000000000 ) ;
#1038 = ADVANCED_FACE ( 'NONE', ( #2112 ), #1335, .F. ) ;
#1039 = CARTESIAN_POINT ( 'NONE',  ( -1.599999999999999867, -0.4500000000000000111, 0.1499999999999999944 ) ) ;
#1040 = EDGE_CURVE ( 'NONE', #1061, #1008, #2766, .T. ) ;
#1041 = PRODUCT_DEFINITION_SHAPE ( 'NONE', 'NONE',  #2925 ) ;
#1042 = PRESENTATION_LAYER_ASSIGNMENT (  '', '', ( #4395 ) ) ;
#1043 = DIRECTION ( 'NONE',  ( 0.0000000000000000000, -0.0000000000000000000, 1.000000000000000000 ) ) ;
#1044 = EDGE_LOOP ( 'NONE', ( #4091, #3264, #4533, #1821 ) ) ;
#1045 = CARTESIAN_POINT ( 'NONE',  ( -0.1650000000000003131, -1.285000000000000586, 0.0000000000000000000 ) ) ;
#1046 = PLANE ( 'NONE',  #1561 ) ;
#1047 = AXIS2_PLACEMENT_3D ( 'NONE', #4156, #257, #585 ) ;
#1048 = AXIS2_PLACEMENT_3D ( 'NONE', #517, #4138, #939 ) ;
#1049 = ORIENTED_EDGE ( 'NONE', *, *, #1862, .F. ) ;
#1050 = FILL_AREA_STYLE_COLOUR ( '', #2702 ) ;
#1051 = COLOUR_RGB ( '',0.8509803921568627194, 0.8509803921568627194, 0.8509803921568627194 ) ;
#1052 = VECTOR ( 'NONE', #634, 1000.000000000000000 ) ;
#1053 = ORIENTED_EDGE ( 'NONE', *, *, #642, .F. ) ;
#1054 = ORIENTED_EDGE ( 'NONE', *, *, #1493, .T. ) ;
#1055 = CARTESIAN_POINT ( 'NONE',  ( -1.220990545077582423, 0.4305871525742268613, -1.220990545077581979 ) ) ;
#1056 = VERTEX_POINT ( 'NONE', #331 ) ;
#1057 = CARTESIAN_POINT ( 'NONE',  ( 0.1649999999999997025, -1.285000000000000586, 0.0000000000000000000 ) ) ;
#1058 = CARTESIAN_POINT ( 'NONE',  ( 1.074014691379744812, 0.7999999999999998224, -0.1773252408565581528 ) ) ;
#1059 = CIRCLE ( 'NONE', #3522, 0.1999999999999999833 ) ;
#1060 = CARTESIAN_POINT ( 'NONE',  ( -0.05499999999999997252, 1.550000000000000488, 0.0000000000000000000 ) ) ;
#1061 = VERTEX_POINT ( 'NONE', #8 ) ;
#1062 = CARTESIAN_POINT ( 'NONE',  ( -0.01558441558441568155, 0.8000000000000000444, 0.09610389610389613591 ) ) ;
#1063 = VECTOR ( 'NONE', #929, 1000.000000000000000 ) ;
#1064 = DIRECTION ( 'NONE',  ( -1.000000000000000000, 0.0000000000000000000, 0.0000000000000000000 ) ) ;
#1065 = CARTESIAN_POINT ( 'NONE',  ( -1.096103896103896025, 0.8000000000000000444, 0.1999999999999999833 ) ) ;
#1066 = FACE_OUTER_BOUND ( 'NONE', #834, .T. ) ;
#1067 = B_SPLINE_CURVE_WITH_KNOTS ( 'NONE', 3,
 ( #4375, #425, #2538, #4050, #4004, #1460, #2958 ),
 .UNSPECIFIED., .F., .F.,
 ( 4, 1, 1, 1, 4 ),
 ( 0.0000000000000000000, 0.2387690697432958142, 0.4777833542648582399, 0.7270131220759113999, 1.000000000000000000 ),
 .UNSPECIFIED. ) ;
#1068 = EDGE_CURVE ( 'NONE', #4287, #3694, #1762, .T. ) ;
#1069 = EDGE_CURVE ( 'NONE', #3487, #3531, #3175, .T. ) ;
#1070 = VERTEX_POINT ( 'NONE', #3479 ) ;
#1071 = CARTESIAN_POINT ( 'NONE',  ( 1.299999999999999822, -0.1750000000000000722, 0.1499999999999999944 ) ) ;
#1072 = DIRECTION ( 'NONE',  ( -1.000000000000000000, -3.068496714581618118E-16, 0.0000000000000000000 ) ) ;
#1073 = EDGE_CURVE ( 'NONE', #1362, #3366, #2135, .T. ) ;
#1074 =( REPRESENTATION_RELATIONSHIP ('NONE','NONE', #4101, #3331 ) REPRESENTATION_RELATIONSHIP_WITH_TRANSFORMATION ( #3902 )SHAPE_REPRESENTATION_RELATIONSHIP( ) );
#1075 = CARTESIAN_POINT ( 'NONE',  ( 0.0000000000000000000, 0.8000000000000000444, 0.2000000000000000111 ) ) ;
#1076 = DIRECTION ( 'NONE',  ( 0.0000000000000000000, 0.0000000000000000000, -1.000000000000000000 ) ) ;
#1077 = DIRECTION ( 'NONE',  ( 0.0000000000000000000, -0.0000000000000000000, 1.000000000000000000 ) ) ;
#1078 = EDGE_LOOP ( 'NONE', ( #3754, #4617, #248, #1980 ) ) ;
#1079 = ORIENTED_EDGE ( 'NONE', *, *, #1774, .T. ) ;
#1080 = ORIENTED_EDGE ( 'NONE', *, *, #2479, .T. ) ;
#1081 = CARTESIAN_POINT ( 'NONE',  ( 0.7064935064935065068, 0.8000000000000000444, 0.07735389610389616089 ) ) ;
#1082 = ORIENTED_EDGE ( 'NONE', *, *, #665, .F. ) ;
#1083 = FILL_AREA_STYLE ('',( #3998 ) ) ;
#1084 = CARTESIAN_POINT ( 'NONE',  ( 0.1650000000000001743, 1.175000000000000488, 0.1499999999999999944 ) ) ;
#1085 = UNCERTAINTY_MEASURE_WITH_UNIT (LENGTH_MEASURE( 1.000000000000000082E-05 ), #1315, 'distance_accuracy_value', 'NONE');
#1086 = DIRECTION ( 'NONE',  ( 1.000000000000000000, 0.0000000000000000000, 0.0000000000000000000 ) ) ;
#1087 = ORIENTED_EDGE ( 'NONE', *, *, #2976, .T. ) ;
#1088 = CARTESIAN_POINT ( 'NONE',  ( -0.1650000000000003131, -1.285000000000000586, 0.1499999999999999944 ) ) ;
#1089 = CARTESIAN_POINT ( 'NONE',  ( -0.8893068383646967057, 0.7999999999999999334, 0.06951837848546281451 ) ) ;
#1090 = CARTESIAN_POINT ( 'NONE',  ( 0.6697894401330235503, 0.7999999999999999334, -0.03509170625363847856 ) ) ;
#1091 = CARTESIAN_POINT ( 'NONE',  ( 0.8987872172262443282, 0.7999999999999999334, 0.08969621267011465560 ) ) ;
#1092 = VERTEX_POINT ( 'NONE', #1013 ) ;
#1093 = DIRECTION ( 'NONE',  ( 1.000000000000000000, 0.0000000000000000000, 0.0000000000000000000 ) ) ;
#1094 = EDGE_CURVE ( 'NONE', #2402, #3500, #3561, .T. ) ;
#1095 = CARTESIAN_POINT ( 'NONE',  ( -0.9254520326859042578, 0.8000000000000001554, -0.1219790663339994502 ) ) ;
#1096 = DIRECTION ( 'NONE',  ( 1.000000000000000000, 0.0000000000000000000, 0.0000000000000000000 ) ) ;
#1097 = CARTESIAN_POINT ( 'NONE',  ( 0.4948232397464607524, 0.8000000000000003775, 0.1082764498155457250 ) ) ;
#1098 = ORIENTED_EDGE ( 'NONE', *, *, #150, .F. ) ;
#1099 =( BOUNDED_CURVE ( )  B_SPLINE_CURVE ( 3, ( #3611, #2581, #3281, #1831 ),
 .UNSPECIFIED., .F., .T. ) 
 B_SPLINE_CURVE_WITH_KNOTS ( ( 4, 4 ),
 ( 5.512866274278616530, 7.053504340080555934 ),
 .UNSPECIFIED. ) 
 CURVE ( )  GEOMETRIC_REPRESENTATION_ITEM ( )  RATIONAL_B_SPLINE_CURVE ( ( 1.000000000000000000, 0.8117923620232503357, 0.8117923620232503357, 1.000000000000000000 ) ) 
 REPRESENTATION_ITEM ( '' )  );
#1100 = EDGE_CURVE ( 'NONE', #3494, #3101, #4627, .T. ) ;
#1101 = VERTEX_POINT ( 'NONE', #1873 ) ;
#1102 = CARTESIAN_POINT ( 'NONE',  ( 0.5558441558441558072, 0.8000000000000000444, 0.08571428571428577059 ) ) ;
#1103 = LINE ( 'NONE', #1185, #4193 ) ;
#1104 = LINE ( 'NONE', #1385, #2686 ) ;
#1105 = ORIENTED_EDGE ( 'NONE', *, *, #1781, .T. ) ;
#1106 = CARTESIAN_POINT ( 'NONE',  ( 0.9911259536784877699, 0.8000000000000001554, -0.04699545907980087756 ) ) ;
#1107 = CARTESIAN_POINT ( 'NONE',  ( 0.5361778890888422300, 0.8000000000000001554, -0.1811591342482329892 ) ) ;
#1108 = ORIENTED_EDGE ( 'NONE', *, *, #2378, .T. ) ;
#1109 = CARTESIAN_POINT ( 'NONE',  ( -1.599999999999999645, 0.8499999999999999778, 0.1499999999999999944 ) ) ;
#1110 = CARTESIAN_POINT ( 'NONE',  ( 0.06029425118137774625, 0.8000000000000000444, 0.1281350166178961414 ) ) ;
#1111 = DIRECTION ( 'NONE',  ( 1.000000000000000000, -1.807003620809173153E-16, 0.0000000000000000000 ) ) ;
#1112 = CARTESIAN_POINT ( 'NONE',  ( 0.9638362595526007714, 0.7999999999999997113, 0.1972423359172537638 ) ) ;
#1113 = CARTESIAN_POINT ( 'NONE',  ( 1.599999999999999867, -0.8500000000000001998, 0.0000000000000000000 ) ) ;
#1114 = ORIENTED_EDGE ( 'NONE', *, *, #1296, .T. ) ;
#1115 = CARTESIAN_POINT ( 'NONE',  ( -0.8383751055611944336, 0.8000000000000001554, 0.1120942085493515511 ) ) ;
#1116 = DIRECTION ( 'NONE',  ( 3.068496714581618118E-16, -1.000000000000000000, 0.0000000000000000000 ) ) ;
#1117 = VECTOR ( 'NONE', #3822, 1000.000000000000000 ) ;
#1118 = PRODUCT_DEFINITION ( 'UNKNOWN', '', #4275, #3322 ) ;
#1119 = CARTESIAN_POINT ( 'NONE',  ( 0.5949675324675325339, 0.8000000000000000444, -0.1376623376623375972 ) ) ;
#1120 = CARTESIAN_POINT ( 'NONE',  ( -1.300000000000000044, 0.4500000000000000111, 0.1499999999999999944 ) ) ;
#1121 = CARTESIAN_POINT ( 'NONE',  ( -1.300000000000000266, 1.100000000000000089, 0.0000000000000000000 ) ) ;
#1122 = VECTOR ( 'NONE', #3015, 1000.000000000000000 ) ;
#1123 = ADVANCED_FACE ( 'NONE', ( #1848 ), #1192, .F. ) ;
#1124 = EDGE_CURVE ( 'NONE', #2513, #3494, #1545, .T. ) ;
#1125 = ORIENTED_EDGE ( 'NONE', *, *, #4123, .T. ) ;
#1126 = CARTESIAN_POINT ( 'NONE',  ( 0.6337662337662338663, 0.7999999999999999334, -0.09691558441558435766 ) ) ;
#1127 = CARTESIAN_POINT ( 'NONE',  ( -1.599999999999999867, -0.1999999999999999833, 0.1499999999999999944 ) ) ;
#1128 = ORIENTED_EDGE ( 'NONE', *, *, #2443, .T. ) ;
#1129 = CARTESIAN_POINT ( 'NONE',  ( 1.599999999999999867, -0.8500000000000001998, 0.1499999999999999944 ) ) ;
#1130 = CARTESIAN_POINT ( 'NONE',  ( -1.300000000000000266, 0.8499999999999999778, 0.1499999999999999944 ) ) ;
#1131 = AXIS2_PLACEMENT_3D ( 'NONE', #1129, #3956, #1846 ) ;
#1132 = CARTESIAN_POINT ( 'NONE',  ( 0.5934223050451651327, 0.8000000000000004885, -0.1999180248123017256 ) ) ;
#1133 = VERTEX_POINT ( 'NONE', #2219 ) ;
#1134 = LINE ( 'NONE', #4359, #1436 ) ;
#1135 = DIRECTION ( 'NONE',  ( 0.0000000000000000000, -1.000000000000000000, 0.0000000000000000000 ) ) ;
#1136 = CARTESIAN_POINT ( 'NONE',  ( 0.5960981407707355295, 0.8000000000000000444, 0.01304171254521256651 ) ) ;
#1137 = VECTOR ( 'NONE', #1834, 1000.000000000000000 ) ;
#1138 = PLANE ( 'NONE',  #2551 ) ;
#1139 = CARTESIAN_POINT ( 'NONE',  ( -0.1714285714285715134, 0.8000000000000000444, 0.01298701298701299828 ) ) ;
#1140 = VERTEX_POINT ( 'NONE', #4356 ) ;
#1141 = DIRECTION ( 'NONE',  ( -0.0000000000000000000, -1.000000000000000000, -0.0000000000000000000 ) ) ;
#1142 = DIRECTION ( 'NONE',  ( 0.0000000000000000000, -0.0000000000000000000, -1.000000000000000000 ) ) ;
#1143 = ORIENTED_EDGE ( 'NONE', *, *, #2876, .T. ) ;
#1144 = CARTESIAN_POINT ( 'NONE',  ( 0.9126278286189738465, 0.8000000000000000444, 0.02394117976769462655 ) ) ;
#1145 = CARTESIAN_POINT ( 'NONE',  ( 0.5976865866500709057, 0.8000000000000000444, -0.1375524156239613383 ) ) ;
#1146 = CARTESIAN_POINT ( 'NONE',  ( 1.005032467532467999, 0.7999999999999999334, 0.01818181818181825726 ) ) ;
#1147 = ORIENTED_EDGE ( 'NONE', *, *, #1073, .T. ) ;
#1148 = CARTESIAN_POINT ( 'NONE',  ( 1.067062872149704633, 0.7999999999999998224, -0.02089993053759729366 ) ) ;
#1149 = EDGE_CURVE ( 'NONE', #1611, #1546, #1183, .T. ) ;
#1150 = CARTESIAN_POINT ( 'NONE',  ( 0.5227791148528621035, 0.7999999999999998224, -0.1686996978373201950 ) ) ;
#1151 = CARTESIAN_POINT ( 'NONE',  ( 0.1650000000000001465, 1.285000000000000586, 0.1499999999999999944 ) ) ;
#1152 = EDGE_LOOP ( 'NONE', ( #518, #1105, #3530, #1020 ) ) ;
#1153 = DIRECTION ( 'NONE',  ( 5.735222866557838191E-16, 3.252606517456512513E-15, 1.000000000000000000 ) ) ;
#1154 = CARTESIAN_POINT ( 'NONE',  ( 0.08847402597402588553, 0.8000000000000000444, 0.1428571428571429047 ) ) ;
#1155 = PLANE ( 'NONE',  #1859 ) ;
#1156 = LINE ( 'NONE', #3675, #3436 ) ;
#1157 = ADVANCED_FACE ( 'NONE', ( #826 ), #422, .T. ) ;
#1158 = DIRECTION ( 'NONE',  ( -0.0000000000000000000, -0.0000000000000000000, -1.000000000000000000 ) ) ;
#1159 = ORIENTED_EDGE ( 'NONE', *, *, #1886, .F. ) ;
#1160 = CARTESIAN_POINT ( 'NONE',  ( 0.05500000000000004191, 1.550000000000000488, 0.1499999999999999944 ) ) ;
#1161 = CARTESIAN_POINT ( 'NONE',  ( 0.5975649350649351321, 0.8000000000000000444, 0.1428571428571429602 ) ) ;
#1162 = FACE_OUTER_BOUND ( 'NONE', #3633, .T. ) ;
#1163 = CARTESIAN_POINT ( 'NONE',  ( 0.6029634838865841617, 0.7999999999999998224, -0.1373390887604274135 ) ) ;
#1164 = CARTESIAN_POINT ( 'NONE',  ( 1.106493506493506862, 0.8000000000000000444, -0.09788961038961031813 ) ) ;
#1165 = ORIENTED_EDGE ( 'NONE', *, *, #951, .T. ) ;
#1166 = DIRECTION ( 'NONE',  ( 1.000000000000000000, 0.0000000000000000000, 0.0000000000000000000 ) ) ;
#1167 = UNCERTAINTY_MEASURE_WITH_UNIT (LENGTH_MEASURE( 1.000000000000000082E-05 ), #4511, 'distance_accuracy_value', 'NONE');
#1168 = DIRECTION ( 'NONE',  ( 0.0000000000000000000, -1.000000000000000000, 0.0000000000000000000 ) ) ;
#1169 = EDGE_CURVE ( 'NONE', #3252, #2735, #2247, .T. ) ;
#1170 = ORIENTED_EDGE ( 'NONE', *, *, #3155, .F. ) ;
#1171 = DIRECTION ( 'NONE',  ( -1.000000000000000000, -5.731465228998257581E-16, 0.0000000000000000000 ) ) ;
#1172 = SURFACE_STYLE_FILL_AREA ( #108 ) ;
#1173 = DIRECTION ( 'NONE',  ( -1.000000000000000000, 8.673617379884038430E-16, 0.0000000000000000000 ) ) ;
#1174 = CARTESIAN_POINT ( 'NONE',  ( -0.4207792207792208083, 0.8000000000000000444, 0.0000000000000000000 ) ) ;
#1175 = EDGE_CURVE ( 'NONE', #2106, #380, #2003, .T. ) ;
#1176 = ORIENTED_EDGE ( 'NONE', *, *, #2656, .F. ) ;
#1177 = EDGE_CURVE ( 'NONE', #258, #910, #4391, .T. ) ;
#1178 = LINE ( 'NONE', #836, #1191 ) ;
#1179 = CARTESIAN_POINT ( 'NONE',  ( 0.6389610389610389518, 0.8000000000000000444, 0.07573051948051953697 ) ) ;
#1180 = ORIENTED_EDGE ( 'NONE', *, *, #3688, .T. ) ;
#1181 = DIRECTION ( 'NONE',  ( -0.4602042784669109210, 0.0000000000000000000, -0.8878130558179181397 ) ) ;
#1182 = VECTOR ( 'NONE', #3837, 1000.000000000000000 ) ;
#1183 = CIRCLE ( 'NONE', #147, 0.1000000000000000472 ) ;
#1184 = VECTOR ( 'NONE', #4265, 1000.000000000000000 ) ;
#1185 = CARTESIAN_POINT ( 'NONE',  ( -1.599999999999999867, -0.8499999999999998668, 0.1499999999999999944 ) ) ;
#1186 = LINE ( 'NONE', #2993, #828 ) ;
#1187 = ORIENTED_EDGE ( 'NONE', *, *, #2963, .T. ) ;
#1188 = CARTESIAN_POINT ( 'NONE',  ( 0.04604948290991869864, 0.8000000000000001554, -0.1080754985529953083 ) ) ;
#1189 = DIRECTION ( 'NONE',  ( -1.000000000000000000, 0.0000000000000000000, 0.0000000000000000000 ) ) ;
#1190 = VECTOR ( 'NONE', #2220, 1000.000000000000000 ) ;
#1191 = VECTOR ( 'NONE', #1533, 1000.000000000000000 ) ;
#1192 = PLANE ( 'NONE',  #2080 ) ;
#1193 = SURFACE_STYLE_USAGE ( .BOTH. , #4066 ) ;
#1194 = DIRECTION ( 'NONE',  ( 0.5002229223370926459, 0.0000000000000000000, -0.8658966612526803885 ) ) ;
#1195 = CARTESIAN_POINT ( 'NONE',  ( 1.299999999999999822, -0.1750000000000000722, 0.0000000000000000000 ) ) ;
#1196 = VECTOR ( 'NONE', #1194, 1000.000000000000000 ) ;
#1197 = LINE ( 'NONE', #492, #2475 ) ;
#1198 = ORIENTED_EDGE ( 'NONE', *, *, #323, .F. ) ;
#1199 = CARTESIAN_POINT ( 'NONE',  ( -1.300000000000000266, 0.7699999999999997957, 0.1499999999999999944 ) ) ;
#1200 = VECTOR ( 'NONE', #3126, 1000.000000000000000 ) ;
#1201 = DIRECTION ( 'NONE',  ( -1.000000000000000000, 0.0000000000000000000, 0.0000000000000000000 ) ) ;
#1202 = CARTESIAN_POINT ( 'NONE',  ( -0.8250649961184693959, 0.7999999999999998224, -0.06036757036415685979 ) ) ;
#1203 = EDGE_CURVE ( 'NONE', #3677, #3203, #3323, .T. ) ;
#1204 = VECTOR ( 'NONE', #2470, 1000.000000000000000 ) ;
#1205 = ORIENTED_EDGE ( 'NONE', *, *, #4205, .T. ) ;
#1206 = VERTEX_POINT ( 'NONE', #1829 ) ;
#1207 = CARTESIAN_POINT ( 'NONE',  ( 0.9614720275477702804, 0.7999999999999998224, 0.06526270359988121939 ) ) ;
#1208 = VECTOR ( 'NONE', #1481, 1000.000000000000000 ) ;
#1209 = ADVANCED_FACE ( 'NONE', ( #3585, #1457, #1526, #106, #2955, #3985, #2888, #3258, #3278, #4334, #737 ), #1807, .F. ) ;
#1210 = DIRECTION ( 'NONE',  ( 7.671241786454046035E-16, 1.000000000000000000, 0.0000000000000000000 ) ) ;
#1211 = ORIENTED_EDGE ( 'NONE', *, *, #2871, .F. ) ;
#1212 = FACE_OUTER_BOUND ( 'NONE', #1699, .T. ) ;
#1213 = CARTESIAN_POINT ( 'NONE',  ( 1.098171272275007215, 0.8000000000000002665, 0.02274302108551583962 ) ) ;
#1214 = LINE ( 'NONE', #1637, #1924 ) ;
#1215 = ORIENTED_EDGE ( 'NONE', *, *, #38, .T. ) ;
#1216 = CARTESIAN_POINT ( 'NONE',  ( 0.03362203668896206893, 0.7999999999999999334, 0.1887939285525598587 ) ) ;
#1217 = SURFACE_STYLE_FILL_AREA ( #4117 ) ;
#1218 = ORIENTED_EDGE ( 'NONE', *, *, #2479, .F. ) ;
#1219 = CARTESIAN_POINT ( 'NONE',  ( 1.049309395217463248, 0.7999999999999998224, 0.08591814742544300054 ) ) ;
#1220 = DIRECTION ( 'NONE',  ( 0.0000000000000000000, 0.0000000000000000000, 1.000000000000000000 ) ) ;
#1221 = CARTESIAN_POINT ( 'NONE',  ( 1.024585328582440003, 0.8000000000000002665, -0.1349479330284940048 ) ) ;
#1222 = VERTEX_POINT ( 'NONE', #4309 ) ;
#1223 = LINE ( 'NONE', #4077, #2763 ) ;
#1224 = CARTESIAN_POINT ( 'NONE',  ( -1.191118489197771968, 0.6000000000000000888, -1.191118489197771968 ) ) ;
#1225 = ADVANCED_FACE ( 'NONE', ( #1505 ), #1595, .F. ) ;
#1226 = CARTESIAN_POINT ( 'NONE',  ( -1.600000000000000533, 1.099999999999999867, 0.1499999999999999944 ) ) ;
#1227 = EDGE_CURVE ( 'NONE', #1586, #1362, #2714, .T. ) ;
#1228 = ORIENTED_EDGE ( 'NONE', *, *, #1094, .F. ) ;
#1229 = EDGE_CURVE ( 'NONE', #1964, #4210, #3708, .T. ) ;
#1230 = DIRECTION ( 'NONE',  ( 0.0000000000000000000, -1.000000000000000000, 0.0000000000000000000 ) ) ;
#1231 = CARTESIAN_POINT ( 'NONE',  ( 0.0000000000000000000, 0.8000000000000000444, 0.01298701298701299828 ) ) ;
#1232 = VERTEX_POINT ( 'NONE', #190 ) ;
#1233 = CARTESIAN_POINT ( 'NONE',  ( 0.6389610389610389518, 0.8000000000000000444, 0.07573051948051953697 ) ) ;
#1234 = CARTESIAN_POINT ( 'NONE',  ( -1.419124823942438773, 0.0000000000000000000, -1.499999999999999334 ) ) ;
#1235 = ORIENTED_EDGE ( 'NONE', *, *, #150, .T. ) ;
#1236 = LINE ( 'NONE', #2366, #1196 ) ;
#1237 = DIRECTION ( 'NONE',  ( -0.0000000000000000000, 1.000000000000000000, -0.0000000000000000000 ) ) ;
#1238 = CARTESIAN_POINT ( 'NONE',  ( 0.1099025974025973212, 0.8000000000000001554, -0.06144480519480516323 ) ) ;
#1239 = ORIENTED_EDGE ( 'NONE', *, *, #65, .T. ) ;
#1240 = CARTESIAN_POINT ( 'NONE',  ( -0.05194805194805202087, 0.8000000000000000444, 0.01298701298701299828 ) ) ;
#1241 = DIRECTION ( 'NONE',  ( -0.0000000000000000000, -0.0000000000000000000, -1.000000000000000000 ) ) ;
#1242 = CARTESIAN_POINT ( 'NONE',  ( 1.599999999999999645, -1.100000000000000089, 0.1499999999999999944 ) ) ;
#1243 = VERTEX_POINT ( 'NONE', #4133 ) ;
#1244 = ORIENTED_EDGE ( 'NONE', *, *, #16, .T. ) ;
#1245 = LINE ( 'NONE', #930, #524 ) ;
#1246 = VECTOR ( 'NONE', #510, 1000.000000000000000 ) ;
#1247 = ORIENTED_EDGE ( 'NONE', *, *, #1974, .F. ) ;
#1248 = CARTESIAN_POINT ( 'NONE',  ( 0.04155844155844147514, 0.8000000000000000444, -0.08571428571428571508 ) ) ;
#1249 = CARTESIAN_POINT ( 'NONE',  ( 1.599999999999999423, 1.099999999999999645, 0.0000000000000000000 ) ) ;
#1250 = VECTOR ( 'NONE', #558, 1000.000000000000000 ) ;
#1251 = EDGE_CURVE ( 'NONE', #2402, #2903, #2364, .T. ) ;
#1252 = VECTOR ( 'NONE', #4221, 1000.000000000000000 ) ;
#1253 = EDGE_CURVE ( 'NONE', #4096, #2072, #537, .T. ) ;
#1254 = ORIENTED_EDGE ( 'NONE', *, *, #3321, .F. ) ;
#1255 = CARTESIAN_POINT ( 'NONE',  ( 0.6363468094153537091, 0.8000000000000000444, 0.1034312601576114071 ) ) ;
#1256 = SURFACE_STYLE_FILL_AREA ( #2051 ) ;
#1257 = VERTEX_POINT ( 'NONE', #3388 ) ;
#1258 = CARTESIAN_POINT ( 'NONE',  ( -1.300000000000000044, 0.1999999999999999278, 0.1499999999999999944 ) ) ;
#1259 = PRESENTATION_LAYER_ASSIGNMENT (  '', '', ( #1567 ) ) ;
#1260 = VECTOR ( 'NONE', #1241, 1000.000000000000000 ) ;
#1261 = CARTESIAN_POINT ( 'NONE',  ( 1.048917996713401468, 0.8000000000000000444, -0.1927224734328178424 ) ) ;
#1262 = EDGE_CURVE ( 'NONE', #2298, #2637, #1214, .T. ) ;
#1263 = CIRCLE ( 'NONE', #2765, 0.1999999999999999833 ) ;
#1264 = VECTOR ( 'NONE', #1158, 1000.000000000000000 ) ;
#1265 = CARTESIAN_POINT ( 'NONE',  ( -1.500000000000000000, 0.0000000000000000000, 1.500000000000000000 ) ) ;
#1266 = CARTESIAN_POINT ( 'NONE',  ( -0.7636363636363638907, 0.8000000000000000444, 0.2000000000000000111 ) ) ;
#1267 = ORIENTED_EDGE ( 'NONE', *, *, #950, .F. ) ;
#1268 = CARTESIAN_POINT ( 'NONE',  ( 0.0000000000000000000, 0.0000000000000000000, 0.1499999999999999944 ) ) ;
#1269 = LINE ( 'NONE', #2372, #894 ) ;
#1270 = CARTESIAN_POINT ( 'NONE',  ( 1.049225218002909354, 0.7999999999999999334, -0.09479058303993996570 ) ) ;
#1271 =( GEOMETRIC_REPRESENTATION_CONTEXT ( 3 ) GLOBAL_UNCERTAINTY_ASSIGNED_CONTEXT ( ( #3277 ) ) GLOBAL_UNIT_ASSIGNED_CONTEXT ( ( #784, #3931, #801 ) ) REPRESENTATION_CONTEXT ( 'NONE', 'WORKASPACE' ) );
#1272 = ORIENTED_EDGE ( 'NONE', *, *, #286, .F. ) ;
#1273 = VECTOR ( 'NONE', #2183, 1000.000000000000000 ) ;
#1274 = ORIENTED_EDGE ( 'NONE', *, *, #2030, .F. ) ;
#1275 = LINE ( 'NONE', #2708, #4333 ) ;
#1276 = VECTOR ( 'NONE', #2820, 1000.000000000000114 ) ;
#1277 =( GEOMETRIC_REPRESENTATION_CONTEXT ( 3 ) GLOBAL_UNCERTAINTY_ASSIGNED_CONTEXT ( ( #105 ) ) GLOBAL_UNIT_ASSIGNED_CONTEXT ( ( #4576, #3491, #3547 ) ) REPRESENTATION_CONTEXT ( 'NONE', 'WORKASPACE' ) );
#1278 = CARTESIAN_POINT ( 'NONE',  ( -1.300000000000000044, 0.1749999999999999056, 0.1499999999999999944 ) ) ;
#1279 = CARTESIAN_POINT ( 'NONE',  ( 0.5300000000000003597, 1.175000000000000266, 0.0000000000000000000 ) ) ;
#1280 = VERTEX_POINT ( 'NONE', #211 ) ;
#1281 = CARTESIAN_POINT ( 'NONE',  ( 0.1755241410729908025, 0.8000000000000000444, -0.05428938453355672267 ) ) ;
#1282 = CARTESIAN_POINT ( 'NONE',  ( 0.1210486977945101766, 0.8000000000000001554, 0.2002481625159119594 ) ) ;
#1283 = CIRCLE ( 'NONE', #2859, 0.1999999999999999833 ) ;
#1284 = ORIENTED_EDGE ( 'NONE', *, *, #1525, .F. ) ;
#1285 = CARTESIAN_POINT ( 'NONE',  ( 0.6004646508105501157, 0.7999999999999999334, -0.1999098020809793597 ) ) ;
#1286 = CARTESIAN_POINT ( 'NONE',  ( 0.5300000000000003597, 0.1750000000000001277, 0.1499999999999999944 ) ) ;
#1287 = ORIENTED_EDGE ( 'NONE', *, *, #4430, .F. ) ;
#1288 =( NAMED_UNIT ( * ) PLANE_ANGLE_UNIT ( ) SI_UNIT ( $, .RADIAN. ) );
#1289 = EDGE_CURVE ( 'NONE', #1499, #4448, #584, .T. ) ;
#1290 = CARTESIAN_POINT ( 'NONE',  ( 0.1649999999999996747, -1.175000000000000488, 0.1499999999999999944 ) ) ;
#1291 = LINE ( 'NONE', #664, #2386 ) ;
#1292 = ORIENTED_EDGE ( 'NONE', *, *, #2727, .F. ) ;
#1293 = FACE_OUTER_BOUND ( 'NONE', #616, .T. ) ;
#1294 = DIRECTION ( 'NONE',  ( -0.0000000000000000000, -0.0000000000000000000, -1.000000000000000000 ) ) ;
#1295 = CARTESIAN_POINT ( 'NONE',  ( 1.043086790754183868, 0.7999999999999999334, -0.1188473783834854969 ) ) ;
#1296 = EDGE_CURVE ( 'NONE', #1601, #1280, #2339, .T. ) ;
#1297 = CARTESIAN_POINT ( 'NONE',  ( 0.1602379649998538491, 0.8000000000000003775, -0.1690704196179212693 ) ) ;
#1298 = ORIENTED_EDGE ( 'NONE', *, *, #728, .F. ) ;
#1299 = ORIENTED_EDGE ( 'NONE', *, *, #403, .T. ) ;
#1300 = CARTESIAN_POINT ( 'NONE',  ( 0.1246753246753245781, 0.8000000000000000444, -0.09691558441558438541 ) ) ;
#1301 = B_SPLINE_CURVE_WITH_KNOTS ( 'NONE', 3,
 ( #2373, #2704, #2634, #4122, #2349, #3441, #568, #3787, #245, #4143, #2279, #178, #3027, #1990, #4056, #1650, #3076, #945, #496 ),
 .UNSPECIFIED., .F., .F.,
 ( 4, 1, 1, 1, 1, 1, 1, 1, 1, 1, 1, 1, 1, 1, 1, 1, 4 ),
 ( 0.0000000000000000000, 0.07293111332186152929, 0.1428174378056282778, 0.2104347745976195005, 0.2764413666885388032, 0.3414389221553662535, 0.4052669598182466748, 0.4693035474503972071, 0.5335776493204329451, 0.5968602406575185260, 0.6572157576442388960, 0.7158163588670163335, 0.7724516706876726202, 0.8290213632245184705, 0.8848334484977629089, 0.9418742489274803953, 1.000000000000000000 ),
 .UNSPECIFIED. ) ;
#1302 = CONTEXT_DEPENDENT_SHAPE_REPRESENTATION ( #1074, #3314 ) ;
#1303 = LINE ( 'NONE', #880, #3805 ) ;
#1304 = VERTEX_POINT ( 'NONE', #142 ) ;
#1305 = LINE ( 'NONE', #1756, #4409 ) ;
#1306 = CARTESIAN_POINT ( 'NONE',  ( 0.1490513136040269859, 0.7999999999999998224, 0.1848849553035757931 ) ) ;
#1307 = ORIENTED_EDGE ( 'NONE', *, *, #4580, .T. ) ;
#1308 = VERTEX_POINT ( 'NONE', #4065 ) ;
#1309 = FACE_OUTER_BOUND ( 'NONE', #3784, .T. ) ;
#1310 = EDGE_LOOP ( 'NONE', ( #1453, #4226, #2085, #2491 ) ) ;
#1311 = CARTESIAN_POINT ( 'NONE',  ( 1.191118489197771302, 0.6347296355333861273, -1.388080039800213328 ) ) ;
#1312 = CARTESIAN_POINT ( 'NONE',  ( -1.169999999999999929, -0.1999999999999999833, 0.1499999999999999944 ) ) ;
#1313 = EDGE_CURVE ( 'NONE', #3963, #4096, #2646, .T. ) ;
#1314 = CARTESIAN_POINT ( 'NONE',  ( 0.05499999999999968109, -1.285000000000000586, 0.0000000000000000000 ) ) ;
#1315 =( LENGTH_UNIT ( ) NAMED_UNIT ( * ) SI_UNIT ( .MILLI., .METRE. ) );
#1316 = EDGE_LOOP ( 'NONE', ( #3528, #1647, #1867, #9 ) ) ;
#1317 = CARTESIAN_POINT ( 'NONE',  ( 1.599999999999999645, -1.100000000000000089, 0.1499999999999999944 ) ) ;
#1318 = CARTESIAN_POINT ( 'NONE',  ( -0.8831239731961920691, 0.7999999999999998224, -0.002624790752179327179 ) ) ;
#1319 = ORIENTED_EDGE ( 'NONE', *, *, #3631, .T. ) ;
#1320 = EDGE_CURVE ( 'NONE', #2431, #404, #3960, .T. ) ;
#1321 = EDGE_CURVE ( 'NONE', #2351, #3854, #886, .T. ) ;
#1322 = ORIENTED_EDGE ( 'NONE', *, *, #3742, .T. ) ;
#1323 = LINE ( 'NONE', #2748, #291 ) ;
#1324 = CARTESIAN_POINT ( 'NONE',  ( 0.0000000000000000000, 0.0000000000000000000, 0.0000000000000000000 ) ) ;
#1325 = FACE_OUTER_BOUND ( 'NONE', #571, .T. ) ;
#1326 = ORIENTED_EDGE ( 'NONE', *, *, #707, .F. ) ;
#1327 = DIRECTION ( 'NONE',  ( -1.000000000000000000, 1.355252715606869696E-15, 0.0000000000000000000 ) ) ;
#1328 = DIRECTION ( 'NONE',  ( -1.000000000000000000, -0.0000000000000000000, -0.0000000000000000000 ) ) ;
#1329 = ORIENTED_EDGE ( 'NONE', *, *, #201, .F. ) ;
#1330 = ORIENTED_EDGE ( 'NONE', *, *, #3523, .T. ) ;
#1331 = DIRECTION ( 'NONE',  ( -0.0000000000000000000, -0.0000000000000000000, -1.000000000000000000 ) ) ;
#1332 = ORIENTED_EDGE ( 'NONE', *, *, #4010, .F. ) ;
#1333 = DIRECTION ( 'NONE',  ( -1.000000000000000000, 0.0000000000000000000, 0.0000000000000000000 ) ) ;
#1334 = VECTOR ( 'NONE', #3617, 1000.000000000000000 ) ;
#1335 = PLANE ( 'NONE',  #1560 ) ;
#1336 = DIRECTION ( 'NONE',  ( -1.000000000000000000, 1.807003620809173153E-16, -0.0000000000000000000 ) ) ;
#1337 = AXIS2_PLACEMENT_3D ( 'NONE', #4372, #1168, #3237 ) ;
#1338 = ORIENTED_EDGE ( 'NONE', *, *, #1169, .F. ) ;
#1339 = PLANE ( 'NONE',  #461 ) ;
#1340 = AXIS2_PLACEMENT_3D ( 'NONE', #2256, #3248, #2524 ) ;
#1341 = DIRECTION ( 'NONE',  ( -0.0000000000000000000, -0.0000000000000000000, -1.000000000000000000 ) ) ;
#1342 = CARTESIAN_POINT ( 'NONE',  ( 0.5676161063277312957, 0.8000000000000000444, 0.05682926451910553373 ) ) ;
#1343 = DIRECTION ( 'NONE',  ( -0.0000000000000000000, -0.0000000000000000000, -1.000000000000000000 ) ) ;
#1344 = ADVANCED_FACE ( 'NONE', ( #3018 ), #3367, .F. ) ;
#1345 = VECTOR ( 'NONE', #3265, 1000.000000000000000 ) ;
#1346 = ORIENTED_EDGE ( 'NONE', *, *, #1253, .T. ) ;
#1347 = CARTESIAN_POINT ( 'NONE',  ( 1.303038449397557974, 0.0000000000000000000, -1.500000000000000000 ) ) ;
#1348 = ORIENTED_EDGE ( 'NONE', *, *, #1584, .F. ) ;
#1349 = PLANE ( 'NONE',  #2306 ) ;
#1350 = EDGE_CURVE ( 'NONE', #3101, #2276, #1512, .T. ) ;
#1351 = STYLED_ITEM ( 'NONE', ( #76 ), #3062 ) ;
#1352 = DIRECTION ( 'NONE',  ( 1.000000000000000000, 0.0000000000000000000, 0.0000000000000000000 ) ) ;
#1353 = CARTESIAN_POINT ( 'NONE',  ( 1.299999999999999822, -0.7699999999999999067, 0.1499999999999999944 ) ) ;
#1354 = ORIENTED_EDGE ( 'NONE', *, *, #2558, .F. ) ;
#1355 = FILL_AREA_STYLE ('',( #1050 ) ) ;
#1356 = EDGE_CURVE ( 'NONE', #3255, #262, #4127, .T. ) ;
#1357 = CARTESIAN_POINT ( 'NONE',  ( 0.08587662337662330114, 0.8000000000000000444, -0.1376623376623376249 ) ) ;
#1358 = VECTOR ( 'NONE', #483, 1000.000000000000000 ) ;
#1359 = ORIENTED_EDGE ( 'NONE', *, *, #2585, .F. ) ;
#1360 = ORIENTED_EDGE ( 'NONE', *, *, #513, .T. ) ;
#1361 = CARTESIAN_POINT ( 'NONE',  ( 1.191118489197771746, 0.5999999999999999778, -1.191118489197771968 ) ) ;
#1362 = VERTEX_POINT ( 'NONE', #4504 ) ;
#1363 = DIRECTION ( 'NONE',  ( -0.0000000000000000000, -0.0000000000000000000, -1.000000000000000000 ) ) ;
#1364 = VECTOR ( 'NONE', #788, 1000.000000000000000 ) ;
#1365 = CARTESIAN_POINT ( 'NONE',  ( 0.3034651807504014642, 0.8000000000000000444, 0.1752306138702663663 ) ) ;
#1366 = SURFACE_SIDE_STYLE ('',( #3815 ) ) ;
#1367 = VERTEX_POINT ( 'NONE', #952 ) ;
#1368 = CARTESIAN_POINT ( 'NONE',  ( -1.388080039800213328, 0.6347296355333861273, 1.191118489197771968 ) ) ;
#1369 = DIRECTION ( 'NONE',  ( -1.000000000000000000, 0.0000000000000000000, -0.0000000000000000000 ) ) ;
#1370 = FACE_OUTER_BOUND ( 'NONE', #429, .T. ) ;
#1371 = DIRECTION ( 'NONE',  ( -1.000000000000000000, -0.0000000000000000000, -0.0000000000000000000 ) ) ;
#1372 = DIRECTION ( 'NONE',  ( 1.000000000000000000, 0.0000000000000000000, 0.0000000000000000000 ) ) ;
#1373 = ORIENTED_EDGE ( 'NONE', *, *, #4270, .F. ) ;
#1374 = CARTESIAN_POINT ( 'NONE',  ( 1.299999999999999822, -1.175000000000000488, 0.1499999999999999944 ) ) ;
#1375 = FACE_OUTER_BOUND ( 'NONE', #3602, .T. ) ;
#1376 = EDGE_CURVE ( 'NONE', #2178, #170, #2380, .T. ) ;
#1377 =( LENGTH_UNIT ( ) NAMED_UNIT ( * ) SI_UNIT ( .MILLI., .METRE. ) );
#1378 = CARTESIAN_POINT ( 'NONE',  ( -0.1649999999999998690, 1.285000000000000586, 0.0000000000000000000 ) ) ;
#1379 = ORIENTED_EDGE ( 'NONE', *, *, #44, .T. ) ;
#1380 = CARTESIAN_POINT ( 'NONE',  ( -1.191118489197771968, 0.8000000000000000444, 1.191118489197771968 ) ) ;
#1381 = ADVANCED_FACE ( 'NONE', ( #4200 ), #2123, .T. ) ;
#1382 = EDGE_CURVE ( 'NONE', #3230, #1257, #2069, .T. ) ;
#1383 = ORIENTED_EDGE ( 'NONE', *, *, #2528, .F. ) ;
#1384 = VERTEX_POINT ( 'NONE', #340 ) ;
#1385 = CARTESIAN_POINT ( 'NONE',  ( -0.5300000000000004707, -0.1750000000000003220, 0.0000000000000000000 ) ) ;
#1386 = VERTEX_POINT ( 'NONE', #4620 ) ;
#1387 = LINE ( 'NONE', #961, #3063 ) ;
#1388 = CARTESIAN_POINT ( 'NONE',  ( 0.9724266265914589535, 0.7999999999999999334, -0.06301525393070735170 ) ) ;
#1389 = B_SPLINE_CURVE_WITH_KNOTS ( 'NONE', 3,
 ( #246, #2450, #3144, #3820, #628, #3839, #3464 ),
 .UNSPECIFIED., .F., .F.,
 ( 4, 1, 1, 1, 4 ),
 ( 0.0000000000000000000, 0.2138465037177980643, 0.4488532362386278840, 0.7121003335125394296, 1.000000000000000000 ),
 .UNSPECIFIED. ) ;
#1390 = VERTEX_POINT ( 'NONE', #623 ) ;
#1391 = CARTESIAN_POINT ( 'NONE',  ( 0.0000000000000000000, 0.8000000000000000444, -0.1324675324675325117 ) ) ;
#1392 = CARTESIAN_POINT ( 'NONE',  ( 1.599999999999999423, 1.099999999999999645, 0.1499999999999999944 ) ) ;
#1393 = CARTESIAN_POINT ( 'NONE',  ( 0.1870129870129869365, 0.8000000000000000444, -0.1004058441558441511 ) ) ;
#1394 = FACE_OUTER_BOUND ( 'NONE', #2795, .T. ) ;
#1395 = ORIENTED_EDGE ( 'NONE', *, *, #604, .F. ) ;
#1396 = PLANE ( 'NONE',  #2170 ) ;
#1397 = CARTESIAN_POINT ( 'NONE',  ( 1.599999999999998979, 0.8499999999999997558, 0.1499999999999999944 ) ) ;
#1398 = CARTESIAN_POINT ( 'NONE',  ( 1.002058063902799612, 0.7999999999999998224, 0.01839172228399337666 ) ) ;
#1399 = ORIENTED_EDGE ( 'NONE', *, *, #1229, .F. ) ;
#1400 =( LENGTH_UNIT ( ) NAMED_UNIT ( * ) SI_UNIT ( .MILLI., .METRE. ) );
#1401 = ORIENTED_EDGE ( 'NONE', *, *, #3009, .F. ) ;
#1402 = ORIENTED_EDGE ( 'NONE', *, *, #2962, .F. ) ;
#1403 = ORIENTED_EDGE ( 'NONE', *, *, #4082, .F. ) ;
#1404 = SURFACE_SIDE_STYLE ('',( #2133 ) ) ;
#1405 = CARTESIAN_POINT ( 'NONE',  ( 1.092073455669623661, 0.8000000000000002665, -0.1546158786724838863 ) ) ;
#1406 = EDGE_CURVE ( 'NONE', #4252, #2652, #4118, .T. ) ;
#1407 = ADVANCED_FACE ( 'NONE', ( #4517 ), #3783, .T. ) ;
#1408 = CARTESIAN_POINT ( 'NONE',  ( 0.0000000000000000000, 0.8000000000000000444, 0.0000000000000000000 ) ) ;
#1409 = ORIENTED_EDGE ( 'NONE', *, *, #4240, .T. ) ;
#1410 = CARTESIAN_POINT ( 'NONE',  ( -1.599999999999999867, -0.8499999999999998668, 0.0000000000000000000 ) ) ;
#1411 = CARTESIAN_POINT ( 'NONE',  ( -0.8864669639322780847, 0.8000000000000001554, 0.05531275334608899003 ) ) ;
#1412 = CARTESIAN_POINT ( 'NONE',  ( 1.169999999999999485, 0.1999999999999999556, 0.1499999999999999944 ) ) ;
#1413 = VECTOR ( 'NONE', #2914, 1000.000000000000000 ) ;
#1414 = CARTESIAN_POINT ( 'NONE',  ( 0.9104317075149549465, 0.8000000000000000444, 0.1451597972637508338 ) ) ;
#1415 = ADVANCED_FACE ( 'NONE', ( #4187 ), #3093, .F. ) ;
#1416 = MECHANICAL_DESIGN_GEOMETRIC_PRESENTATION_REPRESENTATION (  '', ( #4395 ), #671 ) ;
#1417 = AXIS2_PLACEMENT_3D ( 'NONE', #1461, #126, #4376 ) ;
#1418 = PLANE ( 'NONE',  #4246 ) ;
#1419 = EDGE_LOOP ( 'NONE', ( #3618, #2113, #164, #1993, #4081, #1128, #1723, #3610, #1322, #2321, #342, #4031, #1987, #3667, #4606, #1908, #3310 ) ) ;
#1420 = CARTESIAN_POINT ( 'NONE',  ( -1.599999999999999867, -1.099999999999999867, 0.0000000000000000000 ) ) ;
#1421 = VECTOR ( 'NONE', #1971, 1000.000000000000000 ) ;
#1422 = CARTESIAN_POINT ( 'NONE',  ( -1.300000000000000266, 1.174999999999999822, 0.0000000000000000000 ) ) ;
#1423 = LINE ( 'NONE', #2804, #516 ) ;
#1424 = VERTEX_POINT ( 'NONE', #1266 ) ;
#1425 = CIRCLE ( 'NONE', #3594, 0.2000000000000001499 ) ;
#1426 = VECTOR ( 'NONE', #3739, 1000.000000000000000 ) ;
#1427 = VERTEX_POINT ( 'NONE', #940 ) ;
#1428 = CARTESIAN_POINT ( 'NONE',  ( 0.5641300429850361065, 0.8000000000000002665, 0.1198663879971571117 ) ) ;
#1429 = CARTESIAN_POINT ( 'NONE',  ( 1.169999999999999485, 0.8499999999999998668, 0.1499999999999999944 ) ) ;
#1430 = SURFACE_STYLE_FILL_AREA ( #1083 ) ;
#1431 = CARTESIAN_POINT ( 'NONE',  ( 0.9776653687016865213, 0.8000000000000001554, -0.05619336482043615216 ) ) ;
#1432 = MECHANICAL_DESIGN_GEOMETRIC_PRESENTATION_REPRESENTATION (  '', ( #2627 ), #3738 ) ;
#1433 = EDGE_CURVE ( 'NONE', #1390, #3963, #1291, .T. ) ;
#1434 = ORIENTED_EDGE ( 'NONE', *, *, #1321, .F. ) ;
#1435 = LINE ( 'NONE', #2817, #612 ) ;
#1436 = VECTOR ( 'NONE', #3260, 1000.000000000000000 ) ;
#1437 = FACE_BOUND ( 'NONE', #3086, .T. ) ;
#1438 = CARTESIAN_POINT ( 'NONE',  ( 0.9106047393254367295, 0.7999999999999999334, -0.05850867574627761220 ) ) ;
#1439 = CARTESIAN_POINT ( 'NONE',  ( 0.9368935674709146788, 0.7999999999999997113, 0.1804544351753183118 ) ) ;
#1440 = FACE_OUTER_BOUND ( 'NONE', #2599, .T. ) ;
#1441 = EDGE_CURVE ( 'NONE', #198, #2662, #965, .T. ) ;
#1442 = ORIENTED_EDGE ( 'NONE', *, *, #4379, .T. ) ;
#1443 = ADVANCED_FACE ( 'NONE', ( #241 ), #3459, .F. ) ;
#1444 = LINE ( 'NONE', #2523, #971 ) ;
#1445 = ADVANCED_BREP_SHAPE_REPRESENTATION ( '', ( #4610, #1624, #3033, #1540, #3062, #3098, #2780 ), #2110 ) ;
#1446 = CARTESIAN_POINT ( 'NONE',  ( -1.219999999999999751, 0.5300000000000004707, 0.0000000000000000000 ) ) ;
#1447 = DIRECTION ( 'NONE',  ( -1.000000000000000000, -2.710505431213761085E-15, 0.0000000000000000000 ) ) ;
#1448 = DIRECTION ( 'NONE',  ( 1.000000000000000000, 0.0000000000000000000, -0.0000000000000000000 ) ) ;
#1449 = VERTEX_POINT ( 'NONE', #564 ) ;
#1450 = EDGE_LOOP ( 'NONE', ( #2882, #4406, #2217, #867 ) ) ;
#1451 = DIRECTION ( 'NONE',  ( -0.0000000000000000000, -0.0000000000000000000, -1.000000000000000000 ) ) ;
#1452 = CARTESIAN_POINT ( 'NONE',  ( 1.299999999999999822, -0.1750000000000000722, 0.1499999999999999944 ) ) ;
#1453 = ORIENTED_EDGE ( 'NONE', *, *, #1468, .F. ) ;
#1454 = FACE_OUTER_BOUND ( 'NONE', #1707, .T. ) ;
#1455 = B_SPLINE_CURVE_WITH_KNOTS ( 'NONE', 3,
 ( #968, #2324, #3746, #3393, #2399, #3818, #626, #4469, #2703, #2300, #3720, #520, #3377, #4237, #2844, #1035, #4264, #1089, #1411, #2518, #2160, #2426, #3141 ),
 .UNSPECIFIED., .F., .F.,
 ( 4, 1, 1, 1, 1, 1, 1, 1, 1, 1, 1, 1, 1, 1, 1, 1, 1, 1, 1, 1, 4 ),
 ( 0.0000000000000000000, 0.04292453660253159331, 0.08251633922631684825, 0.1196072189288541754, 0.1534842688284624168, 0.1840733179975992118, 0.2123803192990742217, 0.2375902297071962321, 0.2602123597442725367, 0.3020060870669338815, 0.3426419038324475808, 0.3824055302198271500, 0.4223180637581319674, 0.4659687131164686469, 0.5162161459445366862, 0.5739911853513954831, 0.6395401402483049669, 0.7142274374601926823, 0.7990441157676084760, 0.8943560950833353562, 1.000000000000000000 ),
 .UNSPECIFIED. ) ;
#1456 = CARTESIAN_POINT ( 'NONE',  ( 1.096567286011938647, 0.7999999999999997113, -0.1461628950368115132 ) ) ;
#1457 = FACE_BOUND ( 'NONE', #1152, .T. ) ;
#1458 = ORIENTED_EDGE ( 'NONE', *, *, #2813, .F. ) ;
#1459 = DIRECTION ( 'NONE',  ( 1.000000000000000000, 0.0000000000000000000, 0.0000000000000000000 ) ) ;
#1460 = CARTESIAN_POINT ( 'NONE',  ( 0.6336233344784073518, 0.8000000000000000444, -0.09329447087469126820 ) ) ;
#1461 = CARTESIAN_POINT ( 'NONE',  ( -0.5300000000000003597, -1.175000000000000266, 0.1499999999999999944 ) ) ;
#1462 = CARTESIAN_POINT ( 'NONE',  ( 0.9843214624161115145, 0.8000000000000000444, 0.2033323369011647008 ) ) ;
#1463 = ADVANCED_FACE ( 'NONE', ( #2369 ), #3113, .F. ) ;
#1464 = CARTESIAN_POINT ( 'NONE',  ( -1.191118489197771968, 0.8000000000000000444, 0.0000000000000000000 ) ) ;
#1465 = ORIENTED_EDGE ( 'NONE', *, *, #3800, .T. ) ;
#1466 = CARTESIAN_POINT ( 'NONE',  ( 1.599999999999998979, 0.1999999999999998723, 0.0000000000000000000 ) ) ;
#1467 = CARTESIAN_POINT ( 'NONE',  ( 0.1050780191415871534, 0.8000000000000001554, 0.01691601303216304364 ) ) ;
#1468 = EDGE_CURVE ( 'NONE', #4283, #4182, #217, .T. ) ;
#1469 = EDGE_CURVE ( 'NONE', #2151, #2204, #3858, .T. ) ;
#1470 = CARTESIAN_POINT ( 'NONE',  ( 0.5922157741573315093, 0.8000000000000001554, -0.1375129454663361339 ) ) ;
#1471 = DIRECTION ( 'NONE',  ( 1.000000000000000000, -9.035018104045900523E-16, 0.0000000000000000000 ) ) ;
#1472 = CARTESIAN_POINT ( 'NONE',  ( 0.9734284346381736341, 0.8000000000000001554, 0.03446852863368779496 ) ) ;
#1473 = ORIENTED_EDGE ( 'NONE', *, *, #324, .T. ) ;
#1474 = ORIENTED_EDGE ( 'NONE', *, *, #979, .T. ) ;
#1475 = CARTESIAN_POINT ( 'NONE',  ( 0.6314198092797077555, 0.8000000000000000444, -0.1138716929645459536 ) ) ;
#1476 = EDGE_LOOP ( 'NONE', ( #4625, #2873, #3121, #2631, #4370, #4558 ) ) ;
#1477 = CARTESIAN_POINT ( 'NONE',  ( 1.299999999999999822, -0.1750000000000000722, 0.0000000000000000000 ) ) ;
#1478 = CARTESIAN_POINT ( 'NONE',  ( 1.106417081213210585, 0.7999999999999999334, -0.1013832086664629567 ) ) ;
#1479 = CARTESIAN_POINT ( 'NONE',  ( -0.8911184891977721456, 0.8000000000000000444, -0.8911184891977721456 ) ) ;
#1480 = ORIENTED_EDGE ( 'NONE', *, *, #2150, .F. ) ;
#1481 = DIRECTION ( 'NONE',  ( -1.000000000000000000, -0.0000000000000000000, 0.0000000000000000000 ) ) ;
#1482 = DIRECTION ( 'NONE',  ( -0.0000000000000000000, -0.0000000000000000000, -1.000000000000000000 ) ) ;
#1483 = FACE_OUTER_BOUND ( 'NONE', #1078, .T. ) ;
#1484 = MANIFOLD_SOLID_BREP ( 'Split Line1', #3214 ) ;
#1485 = CARTESIAN_POINT ( 'NONE',  ( 1.219999999999999751, -0.5300000000000002487, 0.1499999999999999944 ) ) ;
#1486 = ORIENTED_EDGE ( 'NONE', *, *, #3351, .F. ) ;
#1487 = CARTESIAN_POINT ( 'NONE',  ( -1.599999999999999867, 0.1999999999999999833, 0.1499999999999999944 ) ) ;
#1488 = CARTESIAN_POINT ( 'NONE',  ( -0.9713739746390974705, 0.8000000000000001554, -0.1999703409444726077 ) ) ;
#1489 = AXIS2_PLACEMENT_3D ( 'NONE', #3814, #2741, #3346 ) ;
#1490 = LINE ( 'NONE', #4276, #96 ) ;
#1491 = CARTESIAN_POINT ( 'NONE',  ( 0.9611875027844701824, 0.7999999999999999334, 0.07347325861920236956 ) ) ;
#1492 =( GEOMETRIC_REPRESENTATION_CONTEXT ( 3 ) GLOBAL_UNCERTAINTY_ASSIGNED_CONTEXT ( ( #1085 ) ) GLOBAL_UNIT_ASSIGNED_CONTEXT ( ( #1315, #4161, #2794 ) ) REPRESENTATION_CONTEXT ( 'NONE', 'WORKASPACE' ) );
#1493 = EDGE_CURVE ( 'NONE', #3573, #2151, #3072, .T. ) ;
#1494 = VECTOR ( 'NONE', #3266, 1000.000000000000000 ) ;
#1495 = CLOSED_SHELL ( 'NONE', ( #1835, #3399, #3583, #2192, #3031, #2477 ) ) ;
#1496 = CARTESIAN_POINT ( 'NONE',  ( -0.5300000000000003597, -1.175000000000000266, 0.1499999999999999944 ) ) ;
#1497 = PLANE ( 'NONE',  #975 ) ;
#1498 = EDGE_CURVE ( 'NONE', #1424, #4130, #2270, .T. ) ;
#1499 = VERTEX_POINT ( 'NONE', #1894 ) ;
#1500 = EDGE_CURVE ( 'NONE', #301, #3808, #4373, .T. ) ;
#1501 = PLANE ( 'NONE',  #3291 ) ;
#1502 = FACE_OUTER_BOUND ( 'NONE', #144, .T. ) ;
#1503 = VECTOR ( 'NONE', #4330, 1000.000000000000000 ) ;
#1504 = UNCERTAINTY_MEASURE_WITH_UNIT (LENGTH_MEASURE( 1.000000000000000082E-05 ), #984, 'distance_accuracy_value', 'NONE');
#1505 = FACE_OUTER_BOUND ( 'NONE', #1450, .T. ) ;
#1506 = CARTESIAN_POINT ( 'NONE',  ( 0.1650000000000001743, 1.175000000000000488, 0.1499999999999999944 ) ) ;
#1507 = CARTESIAN_POINT ( 'NONE',  ( -0.05500000000000025008, -1.550000000000000266, 0.0000000000000000000 ) ) ;
#1508 = LINE ( 'NONE', #3966, #4088 ) ;
#1509 = CARTESIAN_POINT ( 'NONE',  ( -1.308803722600291986, -0.03269648909979128854, 1.505765273202733567 ) ) ;
#1510 = AXIS2_PLACEMENT_3D ( 'NONE', #3914, #1852, #2140 ) ;
#1511 = CARTESIAN_POINT ( 'NONE',  ( 0.9662337662337665556, 0.8000000000000000444, -0.09131493506493498780 ) ) ;
#1512 = B_SPLINE_CURVE_WITH_KNOTS ( 'NONE', 3,
 ( #1911, #1285, #3432, #1667, #2313, #4047, #3339, #847, #2269, #3690, #1569, #1017, #3513, #2819, #1625, #3229, #2880, #3850, #4476 ),
 .UNSPECIFIED., .F., .F.,
 ( 4, 1, 1, 1, 1, 1, 1, 1, 1, 1, 1, 1, 1, 1, 1, 1, 4 ),
 ( 0.0000000000000000000, 0.07100693462297548442, 0.1389634504224018241, 0.2040172446691755903, 0.2672358126575070658, 0.3297592516517950934, 0.3922333557121825964, 0.4551522122437308693, 0.5196097778754116270, 0.5840611037659667604, 0.6459596159144181948, 0.7064627874602602553, 0.7653467385920157406, 0.8238034009888769438, 0.8823311130496598320, 0.9409137721218192585, 1.000000000000000000 ),
 .UNSPECIFIED. ) ;
#1513 = AXIS2_PLACEMENT_3D ( 'NONE', #718, #2159, #4590 ) ;
#1514 = DIRECTION ( 'NONE',  ( -0.0000000000000000000, 0.0000000000000000000, 1.000000000000000000 ) ) ;
#1515 = ORIENTED_EDGE ( 'NONE', *, *, #1753, .F. ) ;
#1516 = CARTESIAN_POINT ( 'NONE',  ( -1.599999999999999867, -0.4500000000000000111, 0.0000000000000000000 ) ) ;
#1517 = CARTESIAN_POINT ( 'NONE',  ( 0.1650000000000001465, 1.285000000000000586, 0.1499999999999999944 ) ) ;
#1518 = CARTESIAN_POINT ( 'NONE',  ( 0.9538961038961042416, 0.7999999999999999334, -0.01509740259740251223 ) ) ;
#1519 = EDGE_CURVE ( 'NONE', #2106, #325, #827, .T. ) ;
#1520 = CARTESIAN_POINT ( 'NONE',  ( 0.0000000000000000000, 0.0000000000000000000, 0.1499999999999999944 ) ) ;
#1521 = PLANE ( 'NONE',  #2238 ) ;
#1522 = ORIENTED_EDGE ( 'NONE', *, *, #892, .T. ) ;
#1523 = DIRECTION ( 'NONE',  ( -0.0000000000000000000, -0.0000000000000000000, -1.000000000000000000 ) ) ;
#1524 = EDGE_CURVE ( 'NONE', #1928, #1614, #487, .T. ) ;
#1525 = EDGE_CURVE ( 'NONE', #3107, #159, #887, .T. ) ;
#1526 = FACE_BOUND ( 'NONE', #358, .T. ) ;
#1527 = CARTESIAN_POINT ( 'NONE',  ( -0.7636363636363638907, 0.8000000000000000444, 0.0000000000000000000 ) ) ;
#1528 = ORIENTED_EDGE ( 'NONE', *, *, #2559, .T. ) ;
#1529 = LINE ( 'NONE', #767, #2074 ) ;
#1530 = CARTESIAN_POINT ( 'NONE',  ( -0.5300000000000004707, -0.1750000000000003220, 0.1499999999999999944 ) ) ;
#1531 = LINE ( 'NONE', #1464, #1334 ) ;
#1532 = ORIENTED_EDGE ( 'NONE', *, *, #1382, .T. ) ;
#1533 = DIRECTION ( 'NONE',  ( 7.671241786454046035E-16, 1.000000000000000000, 0.0000000000000000000 ) ) ;
#1534 = DIRECTION ( 'NONE',  ( -0.0000000000000000000, -0.0000000000000000000, -1.000000000000000000 ) ) ;
#1535 = ORIENTED_EDGE ( 'NONE', *, *, #344, .T. ) ;
#1536 = CARTESIAN_POINT ( 'NONE',  ( 0.05499999999999984068, 1.285000000000000586, 0.0000000000000000000 ) ) ;
#1537 = CARTESIAN_POINT ( 'NONE',  ( 0.6104905805906524208, 0.8000000000000001554, -0.1352580208152782404 ) ) ;
#1538 = DIRECTION ( 'NONE',  ( 1.000000000000000000, -3.252606517456512513E-15, -5.735222866557838191E-16 ) ) ;
#1539 = ORIENTED_EDGE ( 'NONE', *, *, #2871, .T. ) ;
#1540 = MANIFOLD_SOLID_BREP ( 'Boss-Extrude1[4]', #597 ) ;
#1541 = CARTESIAN_POINT ( 'NONE',  ( 0.05039321746023037174, 0.8000000000000002665, -0.1171731005325948871 ) ) ;
#1542 = EDGE_CURVE ( 'NONE', #1007, #4439, #4438, .T. ) ;
#1543 = CARTESIAN_POINT ( 'NONE',  ( 1.055844155844156251, 0.7999999999999999334, -0.01509740259740251223 ) ) ;
#1544 = PRODUCT_DEFINITION_CONTEXT ( 'detailed design', #2592, 'design' ) ;
#1545 = LINE ( 'NONE', #2597, #4024 ) ;
#1546 = VERTEX_POINT ( 'NONE', #3279 ) ;
#1547 = DIRECTION ( 'NONE',  ( 1.000000000000000000, 0.0000000000000000000, -0.0000000000000000000 ) ) ;
#1548 = CARTESIAN_POINT ( 'NONE',  ( -0.5300000000000003597, -1.175000000000000266, 0.0000000000000000000 ) ) ;
#1549 = EDGE_CURVE ( 'NONE', #4454, #1092, #2248, .T. ) ;
#1550 = DIRECTION ( 'NONE',  ( -0.0000000000000000000, 1.000000000000000000, -0.0000000000000000000 ) ) ;
#1551 = EDGE_CURVE ( 'NONE', #2594, #258, #928, .T. ) ;
#1552 = DIRECTION ( 'NONE',  ( -2.710505431213761479E-15, 1.000000000000000000, -0.0000000000000000000 ) ) ;
#1553 = EDGE_LOOP ( 'NONE', ( #1631, #2066, #3446, #56, #2175, #1247, #4466, #2412, #1284, #252, #3685, #4325, #1654, #2983, #4124, #2108, #1026, #1211, #3168, #4589, #1680, #2424, #1267, #2643 ) ) ;
#1554 = CARTESIAN_POINT ( 'NONE',  ( 0.0000000000000000000, 0.8000000000000000444, 1.191118489197771968 ) ) ;
#1555 = CARTESIAN_POINT ( 'NONE',  ( 0.09721250572192370598, 0.8000000000000000444, 0.01359196015561411550 ) ) ;
#1556 = EDGE_CURVE ( 'NONE', #1004, #2178, #4357, .T. ) ;
#1557 = ORIENTED_EDGE ( 'NONE', *, *, #892, .F. ) ;
#1558 = ORIENTED_EDGE ( 'NONE', *, *, #3863, .T. ) ;
#1559 = LINE ( 'NONE', #2571, #298 ) ;
#1560 = AXIS2_PLACEMENT_3D ( 'NONE', #307, #1086, #3138 ) ;
#1561 = AXIS2_PLACEMENT_3D ( 'NONE', #3122, #4597, #2481 ) ;
#1562 = SURFACE_STYLE_USAGE ( .BOTH. , #137 ) ;
#1563 = FACE_OUTER_BOUND ( 'NONE', #2512, .T. ) ;
#1564 = VERTEX_POINT ( 'NONE', #2956 ) ;
#1565 = CARTESIAN_POINT ( 'NONE',  ( 0.1402597402597401677, 0.8000000000000002665, -0.01874999999999999584 ) ) ;
#1566 = CARTESIAN_POINT ( 'NONE',  ( 1.099248498485579484, 0.8000000000000001554, -0.05852814582811802224 ) ) ;
#1567 = STYLED_ITEM ( 'NONE', ( #3809 ), #1624 ) ;
#1568 = VECTOR ( 'NONE', #3619, 1000.000000000000000 ) ;
#1569 = CARTESIAN_POINT ( 'NONE',  ( 0.6756007022796640671, 0.8000000000000001554, -0.1613113309507866189 ) ) ;
#1570 = VECTOR ( 'NONE', #2710, 1000.000000000000000 ) ;
#1571 = ORIENTED_EDGE ( 'NONE', *, *, #1313, .F. ) ;
#1572 = CARTESIAN_POINT ( 'NONE',  ( 0.07944990178652477919, 0.8000000000000002665, 0.2049036749863517859 ) ) ;
#1573 = DIRECTION ( 'NONE',  ( -0.0000000000000000000, -0.0000000000000000000, -1.000000000000000000 ) ) ;
#1574 = VECTOR ( 'NONE', #2420, 1000.000000000000000 ) ;
#1575 = EDGE_CURVE ( 'NONE', #1797, #4454, #4416, .T. ) ;
#1576 = CARTESIAN_POINT ( 'NONE',  ( -0.5402597402597405507, 0.8000000000000000444, -0.2000000000000000111 ) ) ;
#1577 = ORIENTED_EDGE ( 'NONE', *, *, #1671, .T. ) ;
#1578 =( LENGTH_UNIT ( ) NAMED_UNIT ( * ) SI_UNIT ( .MILLI., .METRE. ) );
#1579 = VECTOR ( 'NONE', #3803, 1000.000000000000000 ) ;
#1580 = DIRECTION ( 'NONE',  ( 0.0000000000000000000, -0.0000000000000000000, -1.000000000000000000 ) ) ;
#1581 = LINE ( 'NONE', #2301, #4095 ) ;
#1582 = AXIS2_PLACEMENT_3D ( 'NONE', #3223, #3944, #4621 ) ;
#1583 = EDGE_CURVE ( 'NONE', #1814, #2102, #169, .T. ) ;
#1584 = EDGE_CURVE ( 'NONE', #1007, #2402, #1849, .T. ) ;
#1585 = VERTEX_POINT ( 'NONE', #1506 ) ;
#1586 = VERTEX_POINT ( 'NONE', #4001 ) ;
#1587 = CARTESIAN_POINT ( 'NONE',  ( -0.4207792207792208083, 0.8000000000000000444, 0.1999999999999999833 ) ) ;
#1588 = VECTOR ( 'NONE', #4386, 1000.000000000000000 ) ;
#1589 = CARTESIAN_POINT ( 'NONE',  ( 1.036904747394211013, 0.7999999999999998224, 0.03431492529195065422 ) ) ;
#1590 = EDGE_LOOP ( 'NONE', ( #4302, #4499, #4111, #2312 ) ) ;
#1591 = PRESENTATION_STYLE_ASSIGNMENT (( #2644 ) ) ;
#1592 = CARTESIAN_POINT ( 'NONE',  ( 1.111214553896961110, 0.8000000000000000444, 0.06605585984459180771 ) ) ;
#1593 = ORIENTED_EDGE ( 'NONE', *, *, #3268, .F. ) ;
#1594 = UNCERTAINTY_MEASURE_WITH_UNIT (LENGTH_MEASURE( 1.000000000000000082E-05 ), #863, 'distance_accuracy_value', 'NONE');
#1595 = PLANE ( 'NONE',  #3794 ) ;
#1596 = CARTESIAN_POINT ( 'NONE',  ( -0.05500000000000025008, -1.550000000000000266, 0.1499999999999999944 ) ) ;
#1597 = ORIENTED_EDGE ( 'NONE', *, *, #143, .T. ) ;
#1598 = DIRECTION ( 'NONE',  ( 1.000000000000000000, -0.0000000000000000000, -0.0000000000000000000 ) ) ;
#1599 = CARTESIAN_POINT ( 'NONE',  ( -0.2181818181818181712, 0.8000000000000000444, 0.1999999999999999833 ) ) ;
#1600 = PRESENTATION_STYLE_ASSIGNMENT (( #174 ) ) ;
#1601 = VERTEX_POINT ( 'NONE', #805 ) ;
#1602 = CARTESIAN_POINT ( 'NONE',  ( 1.044513615278324981, 0.8000000000000000444, 0.1122243794014744500 ) ) ;
#1603 = PLANE ( 'NONE',  #592 ) ;
#1604 = ADVANCED_FACE ( 'NONE', ( #1668 ), #988, .F. ) ;
#1605 = VERTEX_POINT ( 'NONE', #538 ) ;
#1606 = ORIENTED_EDGE ( 'NONE', *, *, #3262, .F. ) ;
#1607 = CARTESIAN_POINT ( 'NONE',  ( 0.1935737910477700885, 0.8000000000000001554, 0.04258298043062223870 ) ) ;
#1608 = EDGE_CURVE ( 'NONE', #1280, #195, #2418, .T. ) ;
#1609 = EDGE_CURVE ( 'NONE', #4471, #2700, #3779, .T. ) ;
#1610 = CARTESIAN_POINT ( 'NONE',  ( 0.5347419446665717668, 0.7999999999999999334, 0.1828861067383551198 ) ) ;
#1611 = VERTEX_POINT ( 'NONE', #617 ) ;
#1612 = CARTESIAN_POINT ( 'NONE',  ( 0.1868796887435760778, 0.8000000000000001554, -0.09625586101461826305 ) ) ;
#1613 = CARTESIAN_POINT ( 'NONE',  ( 1.599999999999999645, -0.4500000000000001776, 0.0000000000000000000 ) ) ;
#1614 = VERTEX_POINT ( 'NONE', #1286 ) ;
#1615 = CARTESIAN_POINT ( 'NONE',  ( 0.05499999999999976436, -1.550000000000000488, 0.1499999999999999944 ) ) ;
#1616 = CARTESIAN_POINT ( 'NONE',  ( 1.300000000000000044, -0.5300000000000002487, 0.1499999999999999944 ) ) ;
#1617 = EDGE_LOOP ( 'NONE', ( #2031, #2758, #1458, #3418 ) ) ;
#1618 = CARTESIAN_POINT ( 'NONE',  ( 1.049225739329396445, 0.8000000000000003775, -0.08773121989522172925 ) ) ;
#1619 = DIRECTION ( 'NONE',  ( 0.9848077530122080203, 0.1736481776669307198, 0.0000000000000000000 ) ) ;
#1620 = VERTEX_POINT ( 'NONE', #3433 ) ;
#1621 = CARTESIAN_POINT ( 'NONE',  ( -0.002269156387875843894, 0.7999999999999999334, -0.1430529544010418763 ) ) ;
#1622 = CARTESIAN_POINT ( 'NONE',  ( 1.008360389610390095, 0.8000000000000001554, -0.1376623376623375694 ) ) ;
#1623 = ORIENTED_EDGE ( 'NONE', *, *, #3262, .T. ) ;
#1624 = MANIFOLD_SOLID_BREP ( 'Boss-Extrude1[2]', #1495 ) ;
#1625 = CARTESIAN_POINT ( 'NONE',  ( 0.6924319103243506968, 0.8000000000000000444, -0.1277145200291132654 ) ) ;
#1626 = ORIENTED_EDGE ( 'NONE', *, *, #2722, .F. ) ;
#1627 = CARTESIAN_POINT ( 'NONE',  ( 0.9248574205377168012, 0.8000000000000000444, -0.1650458986755169721 ) ) ;
#1628 = EDGE_CURVE ( 'NONE', #1747, #3038, #2467, .T. ) ;
#1629 =( NAMED_UNIT ( * ) PLANE_ANGLE_UNIT ( ) SI_UNIT ( $, .RADIAN. ) );
#1630 = DIRECTION ( 'NONE',  ( 1.000000000000000000, 2.168404344971008868E-16, -0.0000000000000000000 ) ) ;
#1631 = ORIENTED_EDGE ( 'NONE', *, *, #1973, .F. ) ;
#1632 = CARTESIAN_POINT ( 'NONE',  ( 0.1576638038009551546, 0.7999999999999994893, 0.1775441023441015620 ) ) ;
#1633 = VECTOR ( 'NONE', #446, 1000.000000000000000 ) ;
#1634 = EDGE_CURVE ( 'NONE', #548, #2254, #3109, .T. ) ;
#1635 = ADVANCED_FACE ( 'NONE', ( #1309 ), #2737, .F. ) ;
#1636 = EDGE_LOOP ( 'NONE', ( #3792, #4560, #2675, #1409 ) ) ;
#1637 = CARTESIAN_POINT ( 'NONE',  ( 0.0000000000000000000, 0.8000000000000000444, -1.191118489197771968 ) ) ;
#1638 =( LENGTH_UNIT ( ) NAMED_UNIT ( * ) SI_UNIT ( .MILLI., .METRE. ) );
#1639 = ORIENTED_EDGE ( 'NONE', *, *, #1289, .T. ) ;
#1640 = CARTESIAN_POINT ( 'NONE',  ( -0.5300000000000003597, -1.175000000000000266, 0.0000000000000000000 ) ) ;
#1641 = VECTOR ( 'NONE', #2314, 1000.000000000000114 ) ;
#1642 = AXIS2_PLACEMENT_3D ( 'NONE', #3595, #2874, #3169 ) ;
#1643 = PLANE ( 'NONE',  #2323 ) ;
#1644 = B_SPLINE_CURVE_WITH_KNOTS ( 'NONE', 3,
 ( #264, #356, #312, #4290, #3889, #4238, #1438, #700, #1786, #2869, #2139 ),
 .UNSPECIFIED., .F., .F.,
 ( 4, 1, 1, 1, 1, 1, 1, 1, 4 ),
 ( 0.0000000000000000000, 0.1308437195069837022, 0.2544371249254006595, 0.3740696743564771443, 0.4917991231045812928, 0.6111544852554978702, 0.7339823771265153729, 0.8623581817443185527, 1.000000000000000000 ),
 .UNSPECIFIED. ) ;
#1645 = CARTESIAN_POINT ( 'NONE',  ( 0.6163353891686027541, 0.8000000000000000444, -0.05947506227168250503 ) ) ;
#1646 = CARTESIAN_POINT ( 'NONE',  ( 0.1650000000000001465, 1.285000000000000586, 0.0000000000000000000 ) ) ;
#1647 = ORIENTED_EDGE ( 'NONE', *, *, #2984, .F. ) ;
#1648 = CARTESIAN_POINT ( 'NONE',  ( -1.300000000000000266, 0.8499999999999999778, 0.1499999999999999944 ) ) ;
#1649 = LINE ( 'NONE', #3762, #3505 ) ;
#1650 = CARTESIAN_POINT ( 'NONE',  ( 0.6200200829537334535, 0.7999999999999999334, 0.2031316695387873350 ) ) ;
#1651 = CARTESIAN_POINT ( 'NONE',  ( -0.9916659804515752796, 0.8000000000000002665, -0.1324102962651904081 ) ) ;
#1652 = ORIENTED_EDGE ( 'NONE', *, *, #240, .F. ) ;
#1653 = AXIS2_PLACEMENT_3D ( 'NONE', #1312, #260, #2394 ) ;
#1654 = ORIENTED_EDGE ( 'NONE', *, *, #3398, .F. ) ;
#1655 = LINE ( 'NONE', #4546, #1421 ) ;
#1656 = CARTESIAN_POINT ( 'NONE',  ( 0.1952049365419683269, 0.8000000000000002665, 0.05074755590157727786 ) ) ;
#1657 = VECTOR ( 'NONE', #2508, 1000.000000000000000 ) ;
#1658 = PRESENTATION_LAYER_ASSIGNMENT (  '', '', ( #2629 ) ) ;
#1659 = LINE ( 'NONE', #2045, #1570 ) ;
#1660 = ORIENTED_EDGE ( 'NONE', *, *, #2785, .T. ) ;
#1661 = PLANE ( 'NONE',  #4266 ) ;
#1662 = PRESENTATION_STYLE_ASSIGNMENT (( #3471 ) ) ;
#1663 = B_SPLINE_CURVE_WITH_KNOTS ( 'NONE', 3,
 ( #4308, #1740, #4587, #1828, #1388, #1431, #736, #1106, #4231, #3257, #54 ),
 .UNSPECIFIED., .F., .F.,
 ( 4, 1, 1, 1, 1, 1, 1, 1, 4 ),
 ( 0.0000000000000000000, 0.1520970886401396827, 0.2890131866478073963, 0.4150746621508253908, 0.5348630616217725509, 0.6514478776087906375, 0.7635659866296635734, 0.8788513223528516827, 1.000000000000000000 ),
 .UNSPECIFIED. ) ;
#1664 = EDGE_CURVE ( 'NONE', #2075, #1384, #3879, .T. ) ;
#1665 = AXIS2_PLACEMENT_3D ( 'NONE', #2381, #1771, #4598 ) ;
#1666 = VERTEX_POINT ( 'NONE', #3553 ) ;
#1667 = CARTESIAN_POINT ( 'NONE',  ( 0.6183124470736016676, 0.8000000000000003775, -0.1982572049644883705 ) ) ;
#1668 = FACE_OUTER_BOUND ( 'NONE', #3437, .T. ) ;
#1669 = ORIENTED_EDGE ( 'NONE', *, *, #3524, .T. ) ;
#1670 = CARTESIAN_POINT ( 'NONE',  ( -0.5610389610389613368, 0.8000000000000000444, -0.03896103896103896708 ) ) ;
#1671 = EDGE_CURVE ( 'NONE', #2341, #1620, #2043, .T. ) ;
#1672 = EDGE_CURVE ( 'NONE', #4407, #288, #1759, .T. ) ;
#1673 = FILL_AREA_STYLE ('',( #917 ) ) ;
#1674 = ORIENTED_EDGE ( 'NONE', *, *, #4270, .T. ) ;
#1675 = CARTESIAN_POINT ( 'NONE',  ( -0.01476358035259006836, 0.7999999999999998224, -0.1004962877497633938 ) ) ;
#1676 = DIRECTION ( 'NONE',  ( 0.0000000000000000000, 0.0000000000000000000, -1.000000000000000000 ) ) ;
#1677 = CARTESIAN_POINT ( 'NONE',  ( -0.8624882933037805177, 0.8000000000000000444, -0.1552106314360019446 ) ) ;
#1678 = DIRECTION ( 'NONE',  ( -0.9848077530122079093, 0.1736481776669312749, 0.0000000000000000000 ) ) ;
#1679 = ORIENTED_EDGE ( 'NONE', *, *, #4377, .F. ) ;
#1680 = ORIENTED_EDGE ( 'NONE', *, *, #3207, .F. ) ;
#1681 = CARTESIAN_POINT ( 'NONE',  ( 0.1013996714997430215, 0.8000000000000000444, -0.1352580208152782126 ) ) ;
#1682 = DIRECTION ( 'NONE',  ( -2.168404344971008868E-16, 1.000000000000000000, 0.0000000000000000000 ) ) ;
#1683 = EDGE_LOOP ( 'NONE', ( #2136, #2677, #4280, #527, #3927 ) ) ;
#1684 = CARTESIAN_POINT ( 'NONE',  ( -1.599999999999999867, -1.099999999999999867, 0.1499999999999999944 ) ) ;
#1685 = CARTESIAN_POINT ( 'NONE',  ( 0.1109291738628243318, 0.7999999999999993783, 0.2031316695387873072 ) ) ;
#1686 = EDGE_LOOP ( 'NONE', ( #234, #4303, #750, #2889 ) ) ;
#1687 = ORIENTED_EDGE ( 'NONE', *, *, #3765, .F. ) ;
#1688 = DIRECTION ( 'NONE',  ( -0.0000000000000000000, -0.0000000000000000000, -1.000000000000000000 ) ) ;
#1689 = ORIENTED_EDGE ( 'NONE', *, *, #4008, .F. ) ;
#1690 = CARTESIAN_POINT ( 'NONE',  ( 1.007467532467533067, 0.8000000000000002665, -0.04415584415584406647 ) ) ;
#1691 = CARTESIAN_POINT ( 'NONE',  ( 1.599999999999999645, -1.100000000000000089, 0.1499999999999999944 ) ) ;
#1692 = CARTESIAN_POINT ( 'NONE',  ( 1.006655844155844637, 0.7999999999999999334, 0.2051948051948052909 ) ) ;
#1693 = EDGE_CURVE ( 'NONE', #1257, #3886, #4605, .T. ) ;
#1694 = ORIENTED_EDGE ( 'NONE', *, *, #386, .T. ) ;
#1695 = CARTESIAN_POINT ( 'NONE',  ( 0.07781202831071050430, 0.7999999999999996003, -0.1997575817805438414 ) ) ;
#1696 = CARTESIAN_POINT ( 'NONE',  ( -1.191118489197771746, 0.5999999999999999778, 1.191118489197771968 ) ) ;
#1697 = LINE ( 'NONE', #2039, #3423 ) ;
#1698 = CARTESIAN_POINT ( 'NONE',  ( 0.1719899106813887468, 0.8000000000000002665, -0.1532163578260393733 ) ) ;
#1699 = EDGE_LOOP ( 'NONE', ( #4015, #3576, #3840, #134, #1403, #3926, #2760, #2362, #4227, #1029 ) ) ;
#1700 = ADVANCED_FACE ( 'NONE', ( #3605 ), #373, .T. ) ;
#1701 = EDGE_LOOP ( 'NONE', ( #755, #1959, #3028, #1881 ) ) ;
#1702 = PRESENTATION_STYLE_ASSIGNMENT (( #678 ) ) ;
#1703 = CARTESIAN_POINT ( 'NONE',  ( 0.5987824675324676660, 0.8000000000000001554, 0.2051948051948052909 ) ) ;
#1704 = ORIENTED_EDGE ( 'NONE', *, *, #3320, .F. ) ;
#1705 = CARTESIAN_POINT ( 'NONE',  ( 0.0000000000000000000, 0.8000000000000000444, 0.0000000000000000000 ) ) ;
#1706 = ORIENTED_EDGE ( 'NONE', *, *, #4328, .T. ) ;
#1707 = EDGE_LOOP ( 'NONE', ( #1803, #4460, #1176, #1639 ) ) ;
#1708 = DIRECTION ( 'NONE',  ( 1.000000000000000000, 0.0000000000000000000, 0.0000000000000000000 ) ) ;
#1709 = ORIENTED_EDGE ( 'NONE', *, *, #2585, .T. ) ;
#1710 = B_SPLINE_CURVE_WITH_KNOTS ( 'NONE', 3,
 ( #390, #2545, #133, #64, #3972, #475, #1856, #1467, #1555, #2898, #3993 ),
 .UNSPECIFIED., .F., .F.,
 ( 4, 1, 1, 1, 1, 1, 1, 1, 4 ),
 ( 0.0000000000000000000, 0.1673861978402894912, 0.3175069701829470459, 0.4541492594670050176, 0.5810943830083249440, 0.6968750927347348023, 0.8022517942932877455, 0.9004566555579892606, 1.000000000000000000 ),
 .UNSPECIFIED. ) ;
#1711 = CARTESIAN_POINT ( 'NONE',  ( 1.191118489197771968, 0.5999999999999999778, 1.191118489197771746 ) ) ;
#1712 = CARTESIAN_POINT ( 'NONE',  ( 0.1649999999999996747, -1.175000000000000488, 0.0000000000000000000 ) ) ;
#1713 = DIRECTION ( 'NONE',  ( -1.000000000000000000, 2.521400401129082647E-16, 0.0000000000000000000 ) ) ;
#1714 = ORIENTED_EDGE ( 'NONE', *, *, #1441, .F. ) ;
#1715 = CARTESIAN_POINT ( 'NONE',  ( 1.599999999999999867, -0.2000000000000003164, 0.0000000000000000000 ) ) ;
#1716 = FILL_AREA_STYLE ('',( #3589 ) ) ;
#1717 = CARTESIAN_POINT ( 'NONE',  ( 0.6603311178531071635, 0.8000000000000000444, -0.02631299440737948706 ) ) ;
#1718 = CARTESIAN_POINT ( 'NONE',  ( 0.1766392790153414882, 0.8000000000000005995, -0.1449485310310863750 ) ) ;
#1719 = VECTOR ( 'NONE', #3400, 1000.000000000000114 ) ;
#1720 = ADVANCED_FACE ( 'NONE', ( #2077 ), #3233, .F. ) ;
#1721 = AXIS2_PLACEMENT_3D ( 'NONE', #1374, #2823, #2480 ) ;
#1722 = FACE_OUTER_BOUND ( 'NONE', #3829, .T. ) ;
#1723 = ORIENTED_EDGE ( 'NONE', *, *, #3984, .T. ) ;
#1724 = CARTESIAN_POINT ( 'NONE',  ( -1.096103896103896025, 0.8000000000000000444, -0.2000000000000000389 ) ) ;
#1725 = SURFACE_STYLE_FILL_AREA ( #3489 ) ;
#1726 = EDGE_CURVE ( 'NONE', #1367, #2726, #1104, .T. ) ;
#1727 = PRESENTATION_LAYER_ASSIGNMENT (  '', '', ( #1351 ) ) ;
#1728 = APPLICATION_PROTOCOL_DEFINITION ( 'draft international standard', 'automotive_design', 1998, #2592 ) ;
#1729 = LINE ( 'NONE', #364, #2097 ) ;
#1730 = ORIENTED_EDGE ( 'NONE', *, *, #2121, .F. ) ;
#1731 = AXIS2_PLACEMENT_3D ( 'NONE', #2296, #2318, #193 ) ;
#1732 = CARTESIAN_POINT ( 'NONE',  ( -0.8831168831168831890, 0.7999999999999999334, 0.0009740259740259301149 ) ) ;
#1733 = AXIS2_PLACEMENT_3D ( 'NONE', #3025, #625, #1965 ) ;
#1734 = ORIENTED_EDGE ( 'NONE', *, *, #542, .T. ) ;
#1735 = ORIENTED_EDGE ( 'NONE', *, *, #460, .T. ) ;
#1736 = CARTESIAN_POINT ( 'NONE',  ( 0.7063558170343537945, 0.8000000000000000444, 0.06816953155579232038 ) ) ;
#1737 = VERTEX_POINT ( 'NONE', #758 ) ;
#1738 = FILL_AREA_STYLE_COLOUR ( '', #299 ) ;
#1739 = VECTOR ( 'NONE', #2215, 1000.000000000000000 ) ;
#1740 = CARTESIAN_POINT ( 'NONE',  ( 0.9663565181280835414, 0.7999999999999999334, -0.08773034979635348229 ) ) ;
#1741 = CARTESIAN_POINT ( 'NONE',  ( 1.060680450008194331, 0.7999999999999999334, 0.1906786433282015580 ) ) ;
#1742 = ORIENTED_EDGE ( 'NONE', *, *, #1774, .F. ) ;
#1743 = PLANE ( 'NONE',  #1513 ) ;
#1744 = DIRECTION ( 'NONE',  ( -3.068496714581618118E-16, 1.000000000000000000, 0.0000000000000000000 ) ) ;
#1745 = CARTESIAN_POINT ( 'NONE',  ( -0.8831378366673595659, 0.7999999999999999334, -0.009661678457748087631 ) ) ;
#1746 = CARTESIAN_POINT ( 'NONE',  ( -0.0002557291705424249127, 0.8000000000000000444, 0.1509800495632279138 ) ) ;
#1747 = VERTEX_POINT ( 'NONE', #2181 ) ;
#1748 = DIRECTION ( 'NONE',  ( 8.673617379884039416E-16, 1.000000000000000000, 0.0000000000000000000 ) ) ;
#1749 = DIRECTION ( 'NONE',  ( -0.5000533132177907847, 0.0000000000000000000, -0.8659946211957150197 ) ) ;
#1750 = DIRECTION ( 'NONE',  ( -0.0000000000000000000, -0.0000000000000000000, -1.000000000000000000 ) ) ;
#1751 = CARTESIAN_POINT ( 'NONE',  ( 5.735398890020540881E-52, 0.01000000000000000021, 3.081487911019580102E-35 ) ) ;
#1752 = CARTESIAN_POINT ( 'NONE',  ( 0.08847402597402588553, 0.8000000000000000444, 0.1428571428571429047 ) ) ;
#1753 = EDGE_CURVE ( 'NONE', #1390, #1586, #398, .T. ) ;
#1754 = EDGE_LOOP ( 'NONE', ( #722, #1053, #3452, #1694 ) ) ;
#1755 = EDGE_CURVE ( 'NONE', #2700, #3680, #3254, .T. ) ;
#1756 = CARTESIAN_POINT ( 'NONE',  ( 0.1649999999999996747, -1.175000000000000488, 0.1499999999999999944 ) ) ;
#1757 = VERTEX_POINT ( 'NONE', #4228 ) ;
#1758 = VERTEX_POINT ( 'NONE', #138 ) ;
#1759 = LINE ( 'NONE', #1429, #4332 ) ;
#1760 = ADVANCED_FACE ( 'NONE', ( #1563 ), #1927, .F. ) ;
#1761 = CARTESIAN_POINT ( 'NONE',  ( -1.599999999999999867, -0.8499999999999998668, 0.1499999999999999944 ) ) ;
#1762 = LINE ( 'NONE', #2082, #589 ) ;
#1763 = DIRECTION ( 'NONE',  ( 1.000000000000000000, 1.084202172485504237E-15, -1.911740955519279479E-16 ) ) ;
#1764 = LINE ( 'NONE', #3187, #3791 ) ;
#1765 = LINE ( 'NONE', #2499, #4396 ) ;
#1766 = DIRECTION ( 'NONE',  ( 1.000000000000000000, 2.464095846557962920E-16, -0.0000000000000000000 ) ) ;
#1767 = ORIENTED_EDGE ( 'NONE', *, *, #4035, .F. ) ;
#1768 = CARTESIAN_POINT ( 'NONE',  ( 0.3402597402597400955, 0.8000000000000000444, -0.01136363636363631191 ) ) ;
#1769 = DIRECTION ( 'NONE',  ( -1.000000000000000000, -8.673617379884035472E-16, 0.0000000000000000000 ) ) ;
#1770 = CARTESIAN_POINT ( 'NONE',  ( -0.9343813635716511357, 0.7999999999999998224, -0.1262873341661903959 ) ) ;
#1771 = DIRECTION ( 'NONE',  ( 0.0000000000000000000, 0.0000000000000000000, 1.000000000000000000 ) ) ;
#1772 = CARTESIAN_POINT ( 'NONE',  ( -0.1649999999999998690, 1.285000000000000586, 0.1499999999999999944 ) ) ;
#1773 = ORIENTED_EDGE ( 'NONE', *, *, #4550, .T. ) ;
#1774 = EDGE_CURVE ( 'NONE', #2417, #2580, #3559, .T. ) ;
#1775 = VERTEX_POINT ( 'NONE', #4387 ) ;
#1776 = ORIENTED_EDGE ( 'NONE', *, *, #2443, .F. ) ;
#1777 = CARTESIAN_POINT ( 'NONE',  ( 0.6821617647681118557, 0.8000000000000002665, 0.002497070038249597605 ) ) ;
#1778 = ORIENTED_EDGE ( 'NONE', *, *, #13, .T. ) ;
#1779 = DIRECTION ( 'NONE',  ( -0.9848077530122079093, -0.1736481776669312749, 0.0000000000000000000 ) ) ;
#1780 = CARTESIAN_POINT ( 'NONE',  ( -0.5300000000000004707, -0.1750000000000003220, 0.1499999999999999944 ) ) ;
#1781 = EDGE_CURVE ( 'NONE', #4412, #1070, #4043, .T. ) ;
#1782 = EDGE_CURVE ( 'NONE', #927, #1737, #156, .T. ) ;
#1783 = ORIENTED_EDGE ( 'NONE', *, *, #3833, .F. ) ;
#1784 = CARTESIAN_POINT ( 'NONE',  ( 1.002866654613210118, 0.7999999999999999334, 0.1426572284543555502 ) ) ;
#1785 = LINE ( 'NONE', #2797, #881 ) ;
#1786 = CARTESIAN_POINT ( 'NONE',  ( 0.9043305374967605115, 0.8000000000000001554, -0.08364260671920818735 ) ) ;
#1787 = VECTOR ( 'NONE', #3969, 1000.000000000000000 ) ;
#1788 = CARTESIAN_POINT ( 'NONE',  ( 0.9219317119914997027, 0.8000000000000001554, 0.1643425337061766023 ) ) ;
#1789 = AXIS2_PLACEMENT_3D ( 'NONE', #1224, #182, #4502 ) ;
#1790 = DIRECTION ( 'NONE',  ( -0.0000000000000000000, -0.0000000000000000000, -1.000000000000000000 ) ) ;
#1791 = ORIENTED_EDGE ( 'NONE', *, *, #4609, .T. ) ;
#1792 = LINE ( 'NONE', #19, #149 ) ;
#1793 = VECTOR ( 'NONE', #1451, 1000.000000000000000 ) ;
#1794 = CARTESIAN_POINT ( 'NONE',  ( -0.9173403348576547600, 0.7999999999999998224, -0.1163741455568382543 ) ) ;
#1795 = DIRECTION ( 'NONE',  ( 0.0000000000000000000, 1.000000000000000000, 0.0000000000000000000 ) ) ;
#1796 = CARTESIAN_POINT ( 'NONE',  ( 0.4935064935064933933, 0.8000000000000000444, 0.09610389610389619142 ) ) ;
#1797 = VERTEX_POINT ( 'NONE', #2199 ) ;
#1798 = VECTOR ( 'NONE', #4184, 1000.000000000000000 ) ;
#1799 = STYLED_ITEM ( 'NONE', ( #656 ), #3209 ) ;
#1800 = VERTEX_POINT ( 'NONE', #2263 ) ;
#1801 = LINE ( 'NONE', #839, #2471 ) ;
#1802 = FACE_OUTER_BOUND ( 'NONE', #509, .T. ) ;
#1803 = ORIENTED_EDGE ( 'NONE', *, *, #785, .T. ) ;
#1804 = ADVANCED_FACE ( 'NONE', ( #3272 ), #2284, .F. ) ;
#1805 = LINE ( 'NONE', #5, #1877 ) ;
#1806 = AXIS2_PLACEMENT_3D ( 'NONE', #2385, #582, #4531 ) ;
#1807 = PLANE ( 'NONE',  #1337 ) ;
#1808 = LINE ( 'NONE', #4311, #3004 ) ;
#1809 = PRESENTATION_LAYER_ASSIGNMENT (  '', '', ( #2489 ) ) ;
#1810 = CARTESIAN_POINT ( 'NONE',  ( -0.05499999999999997946, -1.285000000000000586, 0.0000000000000000000 ) ) ;
#1811 = ADVANCED_FACE ( 'NONE', ( #2241 ), #3666, .T. ) ;
#1812 = EDGE_CURVE ( 'NONE', #3555, #4530, #2573, .T. ) ;
#1813 = CARTESIAN_POINT ( 'NONE',  ( 0.0000000000000000000, 0.0000000000000000000, 0.0000000000000000000 ) ) ;
#1814 = VERTEX_POINT ( 'NONE', #2970 ) ;
#1815 = FACE_OUTER_BOUND ( 'NONE', #3981, .T. ) ;
#1816 = CARTESIAN_POINT ( 'NONE',  ( 0.6386294657986574252, 0.7999999999999999334, 0.06229558381895955455 ) ) ;
#1817 = CARTESIAN_POINT ( 'NONE',  ( -0.8900754042206096006, 0.8000000000000000444, -0.07105991602155915798 ) ) ;
#1818 = DIRECTION ( 'NONE',  ( 0.0000000000000000000, 1.000000000000000000, 0.0000000000000000000 ) ) ;
#1819 = CARTESIAN_POINT ( 'NONE',  ( -0.4180194805194804575, 0.8000000000000000444, -0.2000000000000000389 ) ) ;
#1820 = ORIENTED_EDGE ( 'NONE', *, *, #2660, .T. ) ;
#1821 = ORIENTED_EDGE ( 'NONE', *, *, #3950, .T. ) ;
#1822 = ORIENTED_EDGE ( 'NONE', *, *, #4082, .T. ) ;
#1823 = LINE ( 'NONE', #441, #1588 ) ;
#1824 = DIRECTION ( 'NONE',  ( -0.0000000000000000000, -0.0000000000000000000, -1.000000000000000000 ) ) ;
#1825 = ORIENTED_EDGE ( 'NONE', *, *, #3060, .T. ) ;
#1826 = B_SPLINE_CURVE_WITH_KNOTS ( 'NONE', 3,
 ( #4423, #2347, #3074, #2721, #873, #2322, #263, #2701, #1602, #2398, #3761, #3744, #1219, #545, #4120 ),
 .UNSPECIFIED., .F., .F.,
 ( 4, 1, 1, 1, 1, 1, 1, 1, 1, 1, 1, 1, 4 ),
 ( 0.0000000000000000000, 0.1021943962874462403, 0.2018894162023820438, 0.3037390418909959866, 0.4151547017536457718, 0.4748638836317486955, 0.5374145495451437826, 0.6026564932455675816, 0.6728180894229355280, 0.7463049845875440180, 0.8253820944349674615, 0.9105150498665387504, 0.9999999999999998890 ),
 .UNSPECIFIED. ) ;
#1827 = CARTESIAN_POINT ( 'NONE',  ( 0.06915584415584406786, 0.8000000000000000444, -0.04935064935064934627 ) ) ;
#1828 = CARTESIAN_POINT ( 'NONE',  ( 0.9688033296117178894, 0.8000000000000001554, -0.07134126507917763760 ) ) ;
#1829 = CARTESIAN_POINT ( 'NONE',  ( -0.2805194805194805019, 0.8000000000000000444, 0.06712662337662335388 ) ) ;
#1830 = ORIENTED_EDGE ( 'NONE', *, *, #339, .T. ) ;
#1831 = CARTESIAN_POINT ( 'NONE',  ( 1.500000000000000000, 0.0000000000000000000, -1.303038449397558418 ) ) ;
#1832 = LINE ( 'NONE', #4418, #1246 ) ;
#1833 = DIRECTION ( 'NONE',  ( -0.1710878697460358200, -0.9702875252478138091, 0.1710878697460358477 ) ) ;
#1834 = DIRECTION ( 'NONE',  ( 1.000000000000000000, -1.891050300846811986E-16, -0.0000000000000000000 ) ) ;
#1835 = ADVANCED_FACE ( 'NONE', ( #844 ), #1521, .F. ) ;
#1836 = CARTESIAN_POINT ( 'NONE',  ( 0.0000000000000000000, 0.8000000000000000444, 0.1999999999999999833 ) ) ;
#1837 = ORIENTED_EDGE ( 'NONE', *, *, #1542, .T. ) ;
#1838 = SPHERICAL_SURFACE ( 'NONE', #293, 0.2000000000000000111 ) ;
#1839 = CARTESIAN_POINT ( 'NONE',  ( -0.9267366480118514049, 0.8000000000000000444, -0.1961469266892365004 ) ) ;
#1840 = EDGE_CURVE ( 'NONE', #3110, #1367, #1186, .T. ) ;
#1841 = DIRECTION ( 'NONE',  ( -0.0000000000000000000, 0.0000000000000000000, 1.000000000000000000 ) ) ;
#1842 = CARTESIAN_POINT ( 'NONE',  ( 0.05499999999999968109, -1.285000000000000586, 0.1499999999999999944 ) ) ;
#1843 = FACE_OUTER_BOUND ( 'NONE', #3725, .T. ) ;
#1844 = DIRECTION ( 'NONE',  ( 0.0000000000000000000, -1.000000000000000000, 0.0000000000000000000 ) ) ;
#1845 = VERTEX_POINT ( 'NONE', #1164 ) ;
#1846 = DIRECTION ( 'NONE',  ( 1.000000000000000000, -3.614007241618346306E-16, 0.0000000000000000000 ) ) ;
#1847 = DIRECTION ( 'NONE',  ( 1.000000000000000000, 0.0000000000000000000, 0.0000000000000000000 ) ) ;
#1848 = FACE_OUTER_BOUND ( 'NONE', #1982, .T. ) ;
#1849 = LINE ( 'NONE', #107, #679 ) ;
#1850 = DIRECTION ( 'NONE',  ( -1.084202172485504434E-15, 1.000000000000000000, -3.252606517456513696E-15 ) ) ;
#1851 = DIRECTION ( 'NONE',  ( -5.940833821838378259E-16, -1.000000000000000000, 0.0000000000000000000 ) ) ;
#1852 = DIRECTION ( 'NONE',  ( 0.0000000000000000000, 1.000000000000000000, 0.0000000000000000000 ) ) ;
#1853 = DIRECTION ( 'NONE',  ( 0.0000000000000000000, -0.0000000000000000000, 1.000000000000000000 ) ) ;
#1854 = ORIENTED_EDGE ( 'NONE', *, *, #2783, .T. ) ;
#1855 = LINE ( 'NONE', #4365, #2236 ) ;
#1856 = CARTESIAN_POINT ( 'NONE',  ( 0.1121235410341173411, 0.7999999999999999334, 0.02236814398280164568 ) ) ;
#1857 = EDGE_CURVE ( 'NONE', #3038, #2298, #1263, .T. ) ;
#1858 = VECTOR ( 'NONE', #1336, 1000.000000000000000 ) ;
#1859 = AXIS2_PLACEMENT_3D ( 'NONE', #490, #2650, #4112 ) ;
#1860 = CARTESIAN_POINT ( 'NONE',  ( 0.9205986082358401656, 0.7999999999999997113, 0.01180866010069358575 ) ) ;
#1861 = VECTOR ( 'NONE', #423, 1000.000000000000000 ) ;
#1862 = EDGE_CURVE ( 'NONE', #2204, #1586, #1888, .T. ) ;
#1863 = EDGE_CURVE ( 'NONE', #1384, #3405, #500, .T. ) ;
#1864 = VECTOR ( 'NONE', #874, 1000.000000000000000 ) ;
#1865 = CARTESIAN_POINT ( 'NONE',  ( 0.5949675324675325339, 0.8000000000000000444, -0.1376623376623375972 ) ) ;
#1866 = CARTESIAN_POINT ( 'NONE',  ( 0.1242590628459202956, 0.8000000000000002665, -0.08636737686368488320 ) ) ;
#1867 = ORIENTED_EDGE ( 'NONE', *, *, #319, .F. ) ;
#1868 = VECTOR ( 'NONE', #3, 1000.000000000000000 ) ;
#1869 = DIRECTION ( 'NONE',  ( -1.000000000000000000, 5.940833821838378259E-16, 0.0000000000000000000 ) ) ;
#1870 = CARTESIAN_POINT ( 'NONE',  ( 1.077039434077826430, 0.8000000000000000444, -0.02848439872019511293 ) ) ;
#1871 = AXIS2_PLACEMENT_3D ( 'NONE', #1915, #1173, #1878 ) ;
#1872 = UNCERTAINTY_MEASURE_WITH_UNIT (LENGTH_MEASURE( 1.000000000000000082E-05 ), #4452, 'distance_accuracy_value', 'NONE');
#1873 = CARTESIAN_POINT ( 'NONE',  ( 1.299999999999999822, -0.1750000000000000722, 0.1499999999999999944 ) ) ;
#1874 = DIRECTION ( 'NONE',  ( -0.0000000000000000000, 0.0000000000000000000, 1.000000000000000000 ) ) ;
#1875 = CARTESIAN_POINT ( 'NONE',  ( 0.02892242892242895269, 0.8000000000000000444, 0.1735345735345736329 ) ) ;
#1876 = CARTESIAN_POINT ( 'NONE',  ( 0.1650000000000001743, 1.175000000000000488, 0.1499999999999999944 ) ) ;
#1877 = VECTOR ( 'NONE', #715, 1000.000000000000000 ) ;
#1878 = DIRECTION ( 'NONE',  ( -8.673617379884038430E-16, -1.000000000000000000, 0.0000000000000000000 ) ) ;
#1879 = AXIS2_PLACEMENT_3D ( 'NONE', #3945, #1471, #4622 ) ;
#1880 = LINE ( 'NONE', #1113, #2605 ) ;
#1881 = ORIENTED_EDGE ( 'NONE', *, *, #2000, .F. ) ;
#1882 = DIRECTION ( 'NONE',  ( -0.0000000000000000000, -0.0000000000000000000, -1.000000000000000000 ) ) ;
#1883 = CARTESIAN_POINT ( 'NONE',  ( -0.05499999999999997946, -1.285000000000000586, 0.1499999999999999944 ) ) ;
#1884 = FACE_OUTER_BOUND ( 'NONE', #608, .T. ) ;
#1885 = ADVANCED_FACE ( 'NONE', ( #74 ), #1497, .F. ) ;
#1886 = EDGE_CURVE ( 'NONE', #135, #1889, #1245, .T. ) ;
#1887 = DIRECTION ( 'NONE',  ( -1.000000000000000000, 0.0000000000000000000, 0.0000000000000000000 ) ) ;
#1888 = LINE ( 'NONE', #2615, #3727 ) ;
#1889 = VERTEX_POINT ( 'NONE', #3448 ) ;
#1890 = DIRECTION ( 'NONE',  ( 0.0000000000000000000, -0.0000000000000000000, -1.000000000000000000 ) ) ;
#1891 = CARTESIAN_POINT ( 'NONE',  ( 0.1650000000000001465, 1.285000000000000586, 0.1499999999999999944 ) ) ;
#1892 = ADVANCED_FACE ( 'NONE', ( #953 ), #3752, .F. ) ;
#1893 = DIRECTION ( 'NONE',  ( 1.000000000000000000, 0.0000000000000000000, 0.0000000000000000000 ) ) ;
#1894 = CARTESIAN_POINT ( 'NONE',  ( 1.599999999999999867, -0.8500000000000001998, 0.1499999999999999944 ) ) ;
#1895 = ORIENTED_EDGE ( 'NONE', *, *, #3742, .F. ) ;
#1896 = B_SPLINE_CURVE_WITH_KNOTS ( 'NONE', 3,
 ( #2294, #2649, #1572, #4068, #3001, #868, #1937, #1216, #1019, #2502, #3865, #3566, #1746, #357, #2521, #2451, #4218, #743, #3915 ),
 .UNSPECIFIED., .F., .F.,
 ( 4, 1, 1, 1, 1, 1, 1, 1, 1, 1, 1, 1, 1, 1, 1, 1, 4 ),
 ( 0.0000000000000000000, 0.06151849915412020003, 0.1215987722068889998, 0.1798087130824879420, 0.2371923071147053197, 0.2949824495816658065, 0.3527381467175875196, 0.4118659044293798699, 0.4721445847257072503, 0.5334648702190162295, 0.5954005772925814455, 0.6578857308577000795, 0.7217293153825048435, 0.7874218303459794566, 0.8552810743914547320, 0.9258812380565808464, 1.000000000000000000 ),
 .UNSPECIFIED. ) ;
#1897 = CARTESIAN_POINT ( 'NONE',  ( -0.4831168831168831113, 0.8000000000000000444, -0.2000000000000000389 ) ) ;
#1898 = FACE_OUTER_BOUND ( 'NONE', #2338, .T. ) ;
#1899 =( NAMED_UNIT ( * ) SI_UNIT ( $, .STERADIAN. ) SOLID_ANGLE_UNIT ( ) );
#1900 = LINE ( 'NONE', #4363, #1264 ) ;
#1901 = VERTEX_POINT ( 'NONE', #2382 ) ;
#1902 = CARTESIAN_POINT ( 'NONE',  ( -0.05499999999999997946, -1.285000000000000586, 0.1499999999999999944 ) ) ;
#1903 = FACE_OUTER_BOUND ( 'NONE', #3016, .T. ) ;
#1904 = ORIENTED_EDGE ( 'NONE', *, *, #4296, .T. ) ;
#1905 = VERTEX_POINT ( 'NONE', #1279 ) ;
#1906 = CARTESIAN_POINT ( 'NONE',  ( 0.1464891394469303165, 0.8000000000000002665, -0.01678136795998077385 ) ) ;
#1907 = CARTESIAN_POINT ( 'NONE',  ( 1.046587890277481447, 0.7999999999999999334, 0.05358813133058942801 ) ) ;
#1908 = ORIENTED_EDGE ( 'NONE', *, *, #3119, .T. ) ;
#1909 = LINE ( 'NONE', #2996, #4259 ) ;
#1910 = DIRECTION ( 'NONE',  ( 1.000000000000000000, 0.0000000000000000000, 0.0000000000000000000 ) ) ;
#1911 = CARTESIAN_POINT ( 'NONE',  ( 0.5967532467532467022, 0.8000000000000000444, -0.1999999999999999556 ) ) ;
#1912 = DIRECTION ( 'NONE',  ( 1.000000000000000000, 1.184920407087982840E-16, -0.0000000000000000000 ) ) ;
#1913 = VERTEX_POINT ( 'NONE', #554 ) ;
#1914 = DIRECTION ( 'NONE',  ( 1.000000000000000000, -5.940833821838381217E-16, 0.0000000000000000000 ) ) ;
#1915 = CARTESIAN_POINT ( 'NONE',  ( 1.599999999999998979, 0.1999999999999998723, 0.1499999999999999944 ) ) ;
#1916 = EDGE_CURVE ( 'NONE', #175, #199, #1659, .T. ) ;
#1917 = LINE ( 'NONE', #1265, #2679 ) ;
#1918 = ORIENTED_EDGE ( 'NONE', *, *, #386, .F. ) ;
#1919 = DIRECTION ( 'NONE',  ( -1.000000000000000000, 0.0000000000000000000, 0.0000000000000000000 ) ) ;
#1920 = DIRECTION ( 'NONE',  ( -1.000000000000000000, 1.971276677246371124E-15, 0.0000000000000000000 ) ) ;
#1921 = CARTESIAN_POINT ( 'NONE',  ( -0.8270085904759597595, 0.8000000000000000444, -0.07152350719767802678 ) ) ;
#1922 = VERTEX_POINT ( 'NONE', #3057 ) ;
#1923 = DIRECTION ( 'NONE',  ( 0.0000000000000000000, -1.000000000000000000, 0.0000000000000000000 ) ) ;
#1924 = VECTOR ( 'NONE', #4085, 1000.000000000000000 ) ;
#1925 = AXIS2_PLACEMENT_3D ( 'NONE', #402, #2186, #2936 ) ;
#1926 =( LENGTH_UNIT ( ) NAMED_UNIT ( * ) SI_UNIT ( .MILLI., .METRE. ) );
#1927 = PLANE ( 'NONE',  #681 ) ;
#1928 = VERTEX_POINT ( 'NONE', #2307 ) ;
#1929 = CARTESIAN_POINT ( 'NONE',  ( 1.104329226447991585, 0.7999999999999997113, 0.03578313840067638002 ) ) ;
#1930 = MECHANICAL_DESIGN_GEOMETRIC_PRESENTATION_REPRESENTATION (  '', ( #1567 ), #2762 ) ;
#1931 = VECTOR ( 'NONE', #2985, 1000.000000000000000 ) ;
#1932 = EDGE_LOOP ( 'NONE', ( #1442, #2912, #2831, #685 ) ) ;
#1933 = DIRECTION ( 'NONE',  ( 0.1710878697460358477, 0.9702875252478138091, -0.1710878697460358200 ) ) ;
#1934 = FILL_AREA_STYLE ('',( #447 ) ) ;
#1935 = VECTOR ( 'NONE', #3853, 1000.000000000000000 ) ;
#1936 = ORIENTED_EDGE ( 'NONE', *, *, #2099, .T. ) ;
#1937 = CARTESIAN_POINT ( 'NONE',  ( 0.04196264673700834252, 0.8000000000000003775, 0.1939054334559145720 ) ) ;
#1938 = CARTESIAN_POINT ( 'NONE',  ( 0.05499999999999968109, -1.285000000000000586, 0.1499999999999999944 ) ) ;
#1939 = CARTESIAN_POINT ( 'NONE',  ( 0.0000000000000000000, 0.8000000000000000444, 0.1999999999999999833 ) ) ;
#1940 =( GEOMETRIC_REPRESENTATION_CONTEXT ( 3 ) GLOBAL_UNCERTAINTY_ASSIGNED_CONTEXT ( ( #3560 ) ) GLOBAL_UNIT_ASSIGNED_CONTEXT ( ( #2109, #2441, #3557 ) ) REPRESENTATION_CONTEXT ( 'NONE', 'WORKASPACE' ) );
#1941 = CARTESIAN_POINT ( 'NONE',  ( 1.599999999999999645, -1.100000000000000089, 0.0000000000000000000 ) ) ;
#1942 = EDGE_CURVE ( 'NONE', #1605, #3066, #3103, .T. ) ;
#1943 = EDGE_LOOP ( 'NONE', ( #2265, #655, #1329, #1187 ) ) ;
#1944 = CARTESIAN_POINT ( 'NONE',  ( 0.08766233766233758051, 0.8000000000000002665, -0.1999999999999999833 ) ) ;
#1945 = VECTOR ( 'NONE', #2029, 1000.000000000000000 ) ;
#1946 = ADVANCED_FACE ( 'NONE', ( #1976 ), #906, .F. ) ;
#1947 = LINE ( 'NONE', #2348, #1260 ) ;
#1948 = CARTESIAN_POINT ( 'NONE',  ( 1.169999999999999485, 0.4499999999999998446, 0.0000000000000000000 ) ) ;
#1949 = VECTOR ( 'NONE', #120, 999.9999999999998863 ) ;
#1950 = ORIENTED_EDGE ( 'NONE', *, *, #921, .F. ) ;
#1951 = ORIENTED_EDGE ( 'NONE', *, *, #2203, .F. ) ;
#1952 = CARTESIAN_POINT ( 'NONE',  ( 0.9143925526144793814, 0.8000000000000000444, -0.1486699646308408951 ) ) ;
#1953 = VECTOR ( 'NONE', #3482, 1000.000000000000000 ) ;
#1954 = FILL_AREA_STYLE ('',( #2262 ) ) ;
#1955 = CARTESIAN_POINT ( 'NONE',  ( 0.5785630861797348423, 0.8000000000000002665, 0.2034993324390678704 ) ) ;
#1956 = ORIENTED_EDGE ( 'NONE', *, *, #2289, .T. ) ;
#1957 = FILL_AREA_STYLE_COLOUR ( '', #2400 ) ;
#1958 = LINE ( 'NONE', #1613, #3002 ) ;
#1959 = ORIENTED_EDGE ( 'NONE', *, *, #69, .F. ) ;
#1960 = CARTESIAN_POINT ( 'NONE',  ( 0.6274219394935790506, 0.8000000000000001554, 0.1249469331238236419 ) ) ;
#1961 = ORIENTED_EDGE ( 'NONE', *, *, #1628, .F. ) ;
#1962 = PLANE ( 'NONE',  #1731 ) ;
#1963 = CARTESIAN_POINT ( 'NONE',  ( 0.6010916157245027591, 0.7999999999999999334, -0.05175024686478901792 ) ) ;
#1964 = VERTEX_POINT ( 'NONE', #4129 ) ;
#1965 = DIRECTION ( 'NONE',  ( 0.0000000000000000000, -0.0000000000000000000, -1.000000000000000000 ) ) ;
#1966 = DIRECTION ( 'NONE',  ( -1.000000000000000000, -0.0000000000000000000, -0.0000000000000000000 ) ) ;
#1967 = CARTESIAN_POINT ( 'NONE',  ( 1.046794162304798270, 0.8000000000000005995, -0.1107373202441812865 ) ) ;
#1968 = ADVANCED_FACE ( 'NONE', ( #4505 ), #3468, .T. ) ;
#1969 = ORIENTED_EDGE ( 'NONE', *, *, #1350, .T. ) ;
#1970 = ORIENTED_EDGE ( 'NONE', *, *, #613, .F. ) ;
#1971 = DIRECTION ( 'NONE',  ( 1.000000000000000000, 0.0000000000000000000, 0.0000000000000000000 ) ) ;
#1972 = CARTESIAN_POINT ( 'NONE',  ( 0.9546758222026118235, 0.7999999999999997113, -0.1893255615361047195 ) ) ;
#1973 = EDGE_CURVE ( 'NONE', #4530, #1775, #1303, .T. ) ;
#1974 = EDGE_CURVE ( 'NONE', #4439, #3500, #203, .T. ) ;
#1975 = FILL_AREA_STYLE ('',( #4128 ) ) ;
#1976 = FACE_OUTER_BOUND ( 'NONE', #2810, .T. ) ;
#1977 = ORIENTED_EDGE ( 'NONE', *, *, #2931, .F. ) ;
#1978 = DIRECTION ( 'NONE',  ( -1.000000000000000000, 1.260700200564540584E-16, 0.0000000000000000000 ) ) ;
#1979 = DIRECTION ( 'NONE',  ( 0.0000000000000000000, -1.000000000000000000, 0.0000000000000000000 ) ) ;
#1980 = ORIENTED_EDGE ( 'NONE', *, *, #707, .T. ) ;
#1981 = CARTESIAN_POINT ( 'NONE',  ( 0.6139888210072910191, 0.7999999999999999334, 0.1386148909697136888 ) ) ;
#1982 = EDGE_LOOP ( 'NONE', ( #4479, #3866, #3707, #3191 ) ) ;
#1983 = DIRECTION ( 'NONE',  ( 0.0000000000000000000, 0.0000000000000000000, -1.000000000000000000 ) ) ;
#1984 = LINE ( 'NONE', #2011, #2103 ) ;
#1985 = DIRECTION ( 'NONE',  ( 1.000000000000000000, 7.228014483236698528E-16, 0.0000000000000000000 ) ) ;
#1986 = SURFACE_STYLE_USAGE ( .BOTH. , #1366 ) ;
#1987 = ORIENTED_EDGE ( 'NONE', *, *, #3574, .T. ) ;
#1988 = CARTESIAN_POINT ( 'NONE',  ( 0.02708697999793322625, 0.7999999999999996003, -0.1811591342482329337 ) ) ;
#1989 = CARTESIAN_POINT ( 'NONE',  ( 0.5987824675324676660, 0.8000000000000001554, 0.2051948051948052909 ) ) ;
#1990 = CARTESIAN_POINT ( 'NONE',  ( 0.6398575341486736345, 0.8000000000000001554, 0.1962746444817179137 ) ) ;
#1991 = CARTESIAN_POINT ( 'NONE',  ( 0.1868044295186957748, 0.8000000000000002665, -0.1096475799973408161 ) ) ;
#1992 = ORIENTED_EDGE ( 'NONE', *, *, #950, .T. ) ;
#1993 = ORIENTED_EDGE ( 'NONE', *, *, #604, .T. ) ;
#1994 = CARTESIAN_POINT ( 'NONE',  ( 0.9106281330855414691, 0.8000000000000002665, -0.1394965018687227554 ) ) ;
#1995 = EDGE_CURVE ( 'NONE', #3694, #1905, #4453, .T. ) ;
#1996 = CARTESIAN_POINT ( 'NONE',  ( 0.5953417688939031116, 0.8000000000000002665, 0.2050969996008852048 ) ) ;
#1997 = VECTOR ( 'NONE', #387, 1000.000000000000000 ) ;
#1998 = ADVANCED_FACE ( 'NONE', ( #1325 ), #4150, .T. ) ;
#1999 = VERTEX_POINT ( 'NONE', #3773 ) ;
#2000 = EDGE_CURVE ( 'NONE', #199, #2536, #4175, .T. ) ;
#2001 = CARTESIAN_POINT ( 'NONE',  ( -0.2805194805194805019, 0.8000000000000000444, 0.0000000000000000000 ) ) ;
#2002 = FILL_AREA_STYLE_COLOUR ( '', #4410 ) ;
#2003 = CIRCLE ( 'NONE', #3352, 0.1999999999999999833 ) ;
#2004 = VECTOR ( 'NONE', #1749, 1000.000000000000114 ) ;
#2005 = ORIENTED_EDGE ( 'NONE', *, *, #1671, .F. ) ;
#2006 = DIRECTION ( 'NONE',  ( -1.260700200564540584E-16, -1.000000000000000000, 0.0000000000000000000 ) ) ;
#2007 = CARTESIAN_POINT ( 'NONE',  ( -1.300000000000000044, 0.4500000000000000111, 0.1499999999999999944 ) ) ;
#2008 = ORIENTED_EDGE ( 'NONE', *, *, #814, .T. ) ;
#2009 = CARTESIAN_POINT ( 'NONE',  ( 1.049350649350649700, 0.8000000000000001554, -0.09131493506493498780 ) ) ;
#2010 = CIRCLE ( 'NONE', #683, 0.2000000000000001499 ) ;
#2011 = CARTESIAN_POINT ( 'NONE',  ( 0.5300000000000003597, 1.175000000000000266, 0.0000000000000000000 ) ) ;
#2012 = VECTOR ( 'NONE', #1824, 1000.000000000000000 ) ;
#2013 = CARTESIAN_POINT ( 'NONE',  ( 1.417952095680024005, 0.4653167881076130663, -1.220990545077582867 ) ) ;
#2014 = CARTESIAN_POINT ( 'NONE',  ( 1.299999999999999822, -0.2000000000000002609, 0.0000000000000000000 ) ) ;
#2015 = ORIENTED_EDGE ( 'NONE', *, *, #3379, .T. ) ;
#2016 = FACE_OUTER_BOUND ( 'NONE', #2555, .T. ) ;
#2017 = LINE ( 'NONE', #856, #4626 ) ;
#2018 = VECTOR ( 'NONE', #714, 1000.000000000000000 ) ;
#2019 = CARTESIAN_POINT ( 'NONE',  ( 0.1191887433508362903, 0.7999999999999999334, -0.1957961043617066632 ) ) ;
#2020 = EDGE_LOOP ( 'NONE', ( #1956, #4509, #2271 ) ) ;
#2021 = AXIS2_PLACEMENT_3D ( 'NONE', #4441, #1237, #2669 ) ;
#2022 = EDGE_LOOP ( 'NONE', ( #3955, #2458, #1606, #3048 ) ) ;
#2023 = CARTESIAN_POINT ( 'NONE',  ( 0.1223289001887981203, 0.8000000000000000444, -0.1138716929645459536 ) ) ;
#2024 = AXIS2_PLACEMENT_3D ( 'NONE', #3442, #1371, #3117 ) ;
#2025 = PRODUCT_RELATED_PRODUCT_CATEGORY ( 'part', '', ( #2122 ) ) ;
#2026 = DIRECTION ( 'NONE',  ( 0.0000000000000000000, 0.0000000000000000000, 1.000000000000000000 ) ) ;
#2027 = DIRECTION ( 'NONE',  ( 0.0000000000000000000, 0.1736481776669307198, 0.9848077530122080203 ) ) ;
#2028 = ORIENTED_EDGE ( 'NONE', *, *, #3658, .T. ) ;
#2029 = DIRECTION ( 'NONE',  ( 0.0000000000000000000, 0.0000000000000000000, -1.000000000000000000 ) ) ;
#2030 = EDGE_CURVE ( 'NONE', #3951, #3886, #2411, .T. ) ;
#2031 = ORIENTED_EDGE ( 'NONE', *, *, #3584, .F. ) ;
#2032 = EDGE_LOOP ( 'NONE', ( #731, #3064, #1298, #1791 ) ) ;
#2033 = CARTESIAN_POINT ( 'NONE',  ( 1.169999999999999485, 0.8499999999999998668, 0.1499999999999999944 ) ) ;
#2034 = CARTESIAN_POINT ( 'NONE',  ( 0.9778590246876175396, 0.7999999999999998224, -0.1254664165885769900 ) ) ;
#2035 = EDGE_CURVE ( 'NONE', #346, #3226, #4005, .T. ) ;
#2036 = CARTESIAN_POINT ( 'NONE',  ( 0.4959221630430463712, 0.8000000000000001554, -0.1090304449167840833 ) ) ;
#2037 = VERTEX_POINT ( 'NONE', #654 ) ;
#2038 = CARTESIAN_POINT ( 'NONE',  ( -0.01558441558441567808, 0.7999999999999998224, -0.09610389610389610815 ) ) ;
#2039 = CARTESIAN_POINT ( 'NONE',  ( 1.599999999999999867, -0.8500000000000001998, 0.1499999999999999944 ) ) ;
#2040 = DIRECTION ( 'NONE',  ( 0.9863939238321436376, 0.0000000000000000000, -0.1643989873053573192 ) ) ;
#2041 = VERTEX_POINT ( 'NONE', #727 ) ;
#2042 = ORIENTED_EDGE ( 'NONE', *, *, #1376, .F. ) ;
#2043 = B_SPLINE_CURVE_WITH_KNOTS ( 'NONE', 3,
 ( #2107, #660, #348, #4584, #3180, #734, #3929, #1777, #28, #3532, #1028, #3579, #328, #2832, #4327, #2862, #1736, #1, #1081 ),
 .UNSPECIFIED., .F., .F.,
 ( 4, 1, 1, 1, 1, 1, 1, 1, 1, 1, 1, 1, 1, 1, 1, 1, 4 ),
 ( 0.0000000000000000000, 0.05431740662048185897, 0.1087735445081727953, 0.1627065403409179434, 0.2169481258062406215, 0.2725468972334405549, 0.3294664887030790412, 0.3876572954864393461, 0.4489891645232464423, 0.5113927686948371854, 0.5755309395850835008, 0.6403534689042087447, 0.7073271568575414392, 0.7764247460166460169, 0.8482480941897758697, 0.9222075566611096509, 1.000000000000000000 ),
 .UNSPECIFIED. ) ;
#2044 = CONTEXT_DEPENDENT_SHAPE_REPRESENTATION ( #694, #4027 ) ;
#2045 = CARTESIAN_POINT ( 'NONE',  ( 1.599999999999998979, 0.1999999999999998723, 0.0000000000000000000 ) ) ;
#2046 = ORIENTED_EDGE ( 'NONE', *, *, #3097, .T. ) ;
#2047 = DIRECTION ( 'NONE',  ( 0.0000000000000000000, -0.0000000000000000000, -1.000000000000000000 ) ) ;
#2048 = CARTESIAN_POINT ( 'NONE',  ( 0.09329659275018846454, 0.7999999999999999334, 0.2050868343376850145 ) ) ;
#2049 = ORIENTED_EDGE ( 'NONE', *, *, #4383, .F. ) ;
#2050 = EDGE_LOOP ( 'NONE', ( #493, #2049, #3827, #2459 ) ) ;
#2051 = FILL_AREA_STYLE ('',( #2790 ) ) ;
#2052 = ORIENTED_EDGE ( 'NONE', *, *, #503, .F. ) ;
#2053 = LINE ( 'NONE', #2462, #2018 ) ;
#2054 = EDGE_CURVE ( 'NONE', #910, #3038, #1423, .T. ) ;
#2055 = CARTESIAN_POINT ( 'NONE',  ( 0.1650000000000001465, 1.285000000000000586, 0.1499999999999999944 ) ) ;
#2056 = CARTESIAN_POINT ( 'NONE',  ( 1.082246343411079170, 0.8000000000000001554, 0.1724021257735490475 ) ) ;
#2057 = DIRECTION ( 'NONE',  ( -0.0000000000000000000, 0.0000000000000000000, -1.000000000000000000 ) ) ;
#2058 = ORIENTED_EDGE ( 'NONE', *, *, #3885, .F. ) ;
#2059 = CARTESIAN_POINT ( 'NONE',  ( -1.300000000000000266, 0.7699999999999997957, 0.1499999999999999944 ) ) ;
#2060 = LINE ( 'NONE', #1342, #367 ) ;
#2061 = EDGE_CURVE ( 'NONE', #3369, #4628, #3946, .T. ) ;
#2062 = CARTESIAN_POINT ( 'NONE',  ( 0.1533845347190350428, 0.7999999999999999334, -0.1764146523063116201 ) ) ;
#2063 = EDGE_CURVE ( 'NONE', #3173, #4210, #2992, .T. ) ;
#2064 = EDGE_LOOP ( 'NONE', ( #3108, #2384, #3000 ) ) ;
#2065 = LINE ( 'NONE', #3190, #435 ) ;
#2066 = ORIENTED_EDGE ( 'NONE', *, *, #1812, .F. ) ;
#2067 = LINE ( 'NONE', #1071, #4029 ) ;
#2068 = DIRECTION ( 'NONE',  ( -1.734723475976807686E-15, -1.000000000000000000, 0.0000000000000000000 ) ) ;
#2069 = LINE ( 'NONE', #2100, #3717 ) ;
#2070 = SHAPE_DEFINITION_REPRESENTATION ( #819, #4101 ) ;
#2071 = FACE_OUTER_BOUND ( 'NONE', #1701, .T. ) ;
#2072 = VERTEX_POINT ( 'NONE', #1772 ) ;
#2073 = CARTESIAN_POINT ( 'NONE',  ( 1.008360389610390095, 0.8000000000000001554, -0.1376623376623375694 ) ) ;
#2074 = VECTOR ( 'NONE', #3673, 1000.000000000000000 ) ;
#2075 = VERTEX_POINT ( 'NONE', #3846 ) ;
#2076 = VERTEX_POINT ( 'NONE', #393 ) ;
#2077 = FACE_OUTER_BOUND ( 'NONE', #3729, .T. ) ;
#2078 = CARTESIAN_POINT ( 'NONE',  ( -1.300000000000000266, 0.7699999999999997957, 0.0000000000000000000 ) ) ;
#2079 = CARTESIAN_POINT ( 'NONE',  ( 1.017217845471093618, 0.7999999999999998224, -0.1997230482136337915 ) ) ;
#2080 = AXIS2_PLACEMENT_3D ( 'NONE', #764, #3671, #2157 ) ;
#2081 = CIRCLE ( 'NONE', #1789, 0.2000000000000000944 ) ;
#2082 = CARTESIAN_POINT ( 'NONE',  ( 0.5300000000000003597, 0.1750000000000001277, 0.0000000000000000000 ) ) ;
#2083 = CARTESIAN_POINT ( 'NONE',  ( 0.2502289840744625904, 0.8000000000000000444, 0.1445200050879040521 ) ) ;
#2084 = VECTOR ( 'NONE', #1331, 1000.000000000000000 ) ;
#2085 = ORIENTED_EDGE ( 'NONE', *, *, #860, .F. ) ;
#2086 = CARTESIAN_POINT ( 'NONE',  ( -1.300000000000000044, 0.1749999999999999056, 0.0000000000000000000 ) ) ;
#2087 = AXIS2_PLACEMENT_3D ( 'NONE', #2519, #3590, #1111 ) ;
#2088 = DIRECTION ( 'NONE',  ( -0.5004099265974083499, 0.0000000000000000000, 0.8657886031605962485 ) ) ;
#2089 = CARTESIAN_POINT ( 'NONE',  ( -1.300000000000000044, 0.1999999999999999278, 0.0000000000000000000 ) ) ;
#2090 = ADVANCED_FACE ( 'NONE', ( #2071 ), #4278, .F. ) ;
#2091 = EDGE_CURVE ( 'NONE', #931, #3826, #3123, .T. ) ;
#2092 = CARTESIAN_POINT ( 'NONE',  ( -0.1650000000000003131, -1.285000000000000586, 0.1499999999999999944 ) ) ;
#2093 = ORIENTED_EDGE ( 'NONE', *, *, #576, .F. ) ;
#2094 = PRESENTATION_LAYER_ASSIGNMENT (  '', '', ( #6 ) ) ;
#2095 = CARTESIAN_POINT ( 'NONE',  ( -0.8820531493756051944, 0.8000000000000004885, 0.1747973789265668820 ) ) ;
#2096 = CARTESIAN_POINT ( 'NONE',  ( -1.599999999999999867, -0.1999999999999999833, 0.0000000000000000000 ) ) ;
#2097 = VECTOR ( 'NONE', #2432, 1000.000000000000000 ) ;
#2098 = VECTOR ( 'NONE', #989, 1000.000000000000000 ) ;
#2099 = EDGE_CURVE ( 'NONE', #857, #3389, #4577, .T. ) ;
#2100 = CARTESIAN_POINT ( 'NONE',  ( 1.599999999999998979, 0.8499999999999997558, 0.1499999999999999944 ) ) ;
#2101 = DIRECTION ( 'NONE',  ( 3.469446951953615767E-15, -1.000000000000000000, 0.0000000000000000000 ) ) ;
#2102 = VERTEX_POINT ( 'NONE', #1353 ) ;
#2103 = VECTOR ( 'NONE', #2740, 1000.000000000000000 ) ;
#2104 = CARTESIAN_POINT ( 'NONE',  ( -1.599999999999999645, 0.8499999999999999778, 0.0000000000000000000 ) ) ;
#2105 = ORIENTED_EDGE ( 'NONE', *, *, #3688, .F. ) ;
#2106 = VERTEX_POINT ( 'NONE', #341 ) ;
#2107 = CARTESIAN_POINT ( 'NONE',  ( 0.6493506493506493449, 0.8000000000000000444, -0.01874999999999996808 ) ) ;
#2108 = ORIENTED_EDGE ( 'NONE', *, *, #70, .F. ) ;
#2109 =( LENGTH_UNIT ( ) NAMED_UNIT ( * ) SI_UNIT ( .MILLI., .METRE. ) );
#2110 =( GEOMETRIC_REPRESENTATION_CONTEXT ( 3 ) GLOBAL_UNCERTAINTY_ASSIGNED_CONTEXT ( ( #378 ) ) GLOBAL_UNIT_ASSIGNED_CONTEXT ( ( #226, #2641, #905 ) ) REPRESENTATION_CONTEXT ( 'NONE', 'WORKASPACE' ) );
#2111 = CARTESIAN_POINT ( 'NONE',  ( 1.599999999999998979, 0.1999999999999998723, 0.1499999999999999944 ) ) ;
#2112 = FACE_OUTER_BOUND ( 'NONE', #131, .T. ) ;
#2113 = ORIENTED_EDGE ( 'NONE', *, *, #636, .T. ) ;
#2114 = DIRECTION ( 'NONE',  ( -1.000000000000000000, 0.0000000000000000000, 0.0000000000000000000 ) ) ;
#2115 = LINE ( 'NONE', #3483, #1182 ) ;
#2116 = CARTESIAN_POINT ( 'NONE',  ( 0.6897928781604973913, 0.7999999999999999334, -0.06493141022663538597 ) ) ;
#2117 = CARTESIAN_POINT ( 'NONE',  ( 0.9453954193301338238, 0.8000000000000002665, 0.1870381737752760121 ) ) ;
#2118 = LINE ( 'NONE', #1836, #669 ) ;
#2119 = ORIENTED_EDGE ( 'NONE', *, *, #3833, .T. ) ;
#2120 = DIRECTION ( 'NONE',  ( -1.000000000000000000, 1.807003620809173153E-16, -0.0000000000000000000 ) ) ;
#2121 = EDGE_CURVE ( 'NONE', #645, #4449, #3832, .T. ) ;
#2122 = PRODUCT ( 'User Library-DFN_3x3_8L_EP2_P', 'User Library-DFN_3x3_8L_EP2_P', '', ( #3845 ) ) ;
#2123 = PLANE ( 'NONE',  #71 ) ;
#2124 = CARTESIAN_POINT ( 'NONE',  ( 0.5551403920008276538, 0.7999999999999998224, -0.1080754985529951973 ) ) ;
#2125 = CARTESIAN_POINT ( 'NONE',  ( 0.09129552353630088213, 0.8000000000000001554, 0.1426382038029848642 ) ) ;
#2126 = ORIENTED_EDGE ( 'NONE', *, *, #1693, .T. ) ;
#2127 = EDGE_CURVE ( 'NONE', #4224, #1928, #1729, .T. ) ;
#2128 = EDGE_CURVE ( 'NONE', #1056, #1449, #3492, .T. ) ;
#2129 = EDGE_LOOP ( 'NONE', ( #4526, #3801, #1679, #4134 ) ) ;
#2130 = VERTEX_POINT ( 'NONE', #2485 ) ;
#2131 = CARTESIAN_POINT ( 'NONE',  ( 0.0000000000000000000, 0.8000000000000000444, 0.0000000000000000000 ) ) ;
#2132 = ORIENTED_EDGE ( 'NONE', *, *, #44, .F. ) ;
#2133 = SURFACE_STYLE_FILL_AREA ( #2761 ) ;
#2134 = CARTESIAN_POINT ( 'NONE',  ( 1.058061837750362555, 0.7999999999999999334, -0.1886276949740434139 ) ) ;
#2135 = LINE ( 'NONE', #1060, #4171 ) ;
#2136 = ORIENTED_EDGE ( 'NONE', *, *, #753, .T. ) ;
#2137 = LINE ( 'NONE', #667, #4268 ) ;
#2138 = DIRECTION ( 'NONE',  ( -0.0000000000000000000, -0.0000000000000000000, -1.000000000000000000 ) ) ;
#2139 = CARTESIAN_POINT ( 'NONE',  ( 0.9038961038961041972, 0.7999999999999999334, -0.09740259740259735177 ) ) ;
#2140 = DIRECTION ( 'NONE',  ( 1.000000000000000000, 0.0000000000000000000, 0.0000000000000000000 ) ) ;
#2141 = CARTESIAN_POINT ( 'NONE',  ( 0.0000000000000000000, 0.8000000000000000444, -0.03896103896103896708 ) ) ;
#2142 = ORIENTED_EDGE ( 'NONE', *, *, #3293, .F. ) ;
#2143 = CARTESIAN_POINT ( 'NONE',  ( -0.8934574435909719003, 0.8000000000000001554, 0.1826622626742872013 ) ) ;
#2144 = CARTESIAN_POINT ( 'NONE',  ( 0.0000000000000000000, 0.8000000000000000444, -0.09090909090909086998 ) ) ;
#2145 = CARTESIAN_POINT ( 'NONE',  ( -0.9407667825609686840, 0.8000000000000001554, -0.1280203595599629374 ) ) ;
#2146 = PLANE ( 'NONE',  #841 ) ;
#2147 = DIRECTION ( 'NONE',  ( 1.000000000000000000, 0.0000000000000000000, 0.0000000000000000000 ) ) ;
#2148 = EDGE_LOOP ( 'NONE', ( #1735, #4583, #1480, #1360 ) ) ;
#2149 = EDGE_CURVE ( 'NONE', #2580, #3699, #2781, .T. ) ;
#2150 = EDGE_CURVE ( 'NONE', #2102, #3767, #416, .T. ) ;
#2151 = VERTEX_POINT ( 'NONE', #2927 ) ;
#2152 = ORIENTED_EDGE ( 'NONE', *, *, #3120, .F. ) ;
#2153 = CARTESIAN_POINT ( 'NONE',  ( -1.599999999999999867, 0.4500000000000000111, 0.1499999999999999944 ) ) ;
#2154 = DIRECTION ( 'NONE',  ( 0.0000000000000000000, -0.0000000000000000000, -1.000000000000000000 ) ) ;
#2155 = VERTEX_POINT ( 'NONE', #3334 ) ;
#2156 = CARTESIAN_POINT ( 'NONE',  ( 0.05499999999999968109, -1.285000000000000586, 0.0000000000000000000 ) ) ;
#2157 = DIRECTION ( 'NONE',  ( -1.000000000000000000, -1.184920407087982840E-16, 0.0000000000000000000 ) ) ;
#2158 = EDGE_LOOP ( 'NONE', ( #854, #2516, #1689 ) ) ;
#2159 = DIRECTION ( 'NONE',  ( -1.000000000000000000, -2.464095846557962920E-16, 0.0000000000000000000 ) ) ;
#2160 = CARTESIAN_POINT ( 'NONE',  ( -0.8833178851610981042, 0.8000000000000000444, 0.02068928122899984026 ) ) ;
#2161 = DIRECTION ( 'NONE',  ( -2.464095846557962920E-16, 1.000000000000000000, 0.0000000000000000000 ) ) ;
#2162 = AXIS2_PLACEMENT_3D ( 'NONE', #2275, #4030, #1853 ) ;
#2163 = DIRECTION ( 'NONE',  ( -0.0000000000000000000, -0.0000000000000000000, -1.000000000000000000 ) ) ;
#2164 = VECTOR ( 'NONE', #2729, 1000.000000000000000 ) ;
#2165 = DIRECTION ( 'NONE',  ( 1.000000000000000000, 0.0000000000000000000, 0.0000000000000000000 ) ) ;
#2166 = VERTEX_POINT ( 'NONE', #4408 ) ;
#2167 = CARTESIAN_POINT ( 'NONE',  ( -0.9060039346654642500, 0.8000000000000003775, 0.1890700420280648497 ) ) ;
#2168 = CARTESIAN_POINT ( 'NONE',  ( -0.9350278773279060429, 0.7999999999999998224, -0.1976100012940475714 ) ) ;
#2169 = COLOUR_RGB ( '',0.8509803921568627194, 0.8509803921568627194, 0.8509803921568627194 ) ;
#2170 = AXIS2_PLACEMENT_3D ( 'NONE', #3971, #745, #389 ) ;
#2171 = AXIS2_PLACEMENT_3D ( 'NONE', #320, #1077, #1448 ) ;
#2172 = CARTESIAN_POINT ( 'NONE',  ( -0.7636363636363638907, 0.8000000000000000444, -0.2000000000000000111 ) ) ;
#2173 = CARTESIAN_POINT ( 'NONE',  ( -1.599999999999999867, -0.8499999999999998668, 0.1499999999999999944 ) ) ;
#2174 = CARTESIAN_POINT ( 'NONE',  ( 0.4939524660544206136, 0.8000000000000003775, 0.1002266531156791457 ) ) ;
#2175 = ORIENTED_EDGE ( 'NONE', *, *, #2590, .F. ) ;
#2176 = VECTOR ( 'NONE', #1914, 1000.000000000000000 ) ;
#2177 = ADVANCED_FACE ( 'NONE', ( #3270 ), #4321, .F. ) ;
#2178 = VERTEX_POINT ( 'NONE', #67 ) ;
#2179 = ORIENTED_EDGE ( 'NONE', *, *, #104, .T. ) ;
#2180 = DIRECTION ( 'NONE',  ( 0.0000000000000000000, 0.0000000000000000000, 1.000000000000000000 ) ) ;
#2181 = CARTESIAN_POINT ( 'NONE',  ( 1.388080039800213328, 0.6347296355333861273, -1.191118489197771968 ) ) ;
#2182 = ORIENTED_EDGE ( 'NONE', *, *, #2746, .F. ) ;
#2183 = DIRECTION ( 'NONE',  ( -0.0000000000000000000, -1.000000000000000000, -0.0000000000000000000 ) ) ;
#2184 = EDGE_CURVE ( 'NONE', #4125, #3252, #1559, .T. ) ;
#2185 =( GEOMETRIC_REPRESENTATION_CONTEXT ( 3 ) GLOBAL_UNCERTAINTY_ASSIGNED_CONTEXT ( ( #1504 ) ) GLOBAL_UNIT_ASSIGNED_CONTEXT ( ( #984, #2337, #2414 ) ) REPRESENTATION_CONTEXT ( 'NONE', 'WORKASPACE' ) );
#2186 = DIRECTION ( 'NONE',  ( 0.1710878697460358755, -0.9702875252478138091, 0.1710878697460358755 ) ) ;
#2187 = ORIENTED_EDGE ( 'NONE', *, *, #2231, .T. ) ;
#2188 = CARTESIAN_POINT ( 'NONE',  ( 0.8623376623376624028, 0.8000000000000000444, 0.09090909090909095325 ) ) ;
#2189 = CARTESIAN_POINT ( 'NONE',  ( 0.05100641878685460706, 0.8000000000000001554, 0.1099067629511179117 ) ) ;
#2190 = PLANE ( 'NONE',  #4173 ) ;
#2191 = FACE_OUTER_BOUND ( 'NONE', #3766, .T. ) ;
#2192 = ADVANCED_FACE ( 'NONE', ( #1884 ), #4347, .F. ) ;
#2193 = PLANE ( 'NONE',  #963 ) ;
#2194 = ORIENTED_EDGE ( 'NONE', *, *, #4261, .F. ) ;
#2195 = CARTESIAN_POINT ( 'NONE',  ( 0.0000000000000000000, 0.0000000000000000000, 0.0000000000000000000 ) ) ;
#2196 = CARTESIAN_POINT ( 'NONE',  ( 0.5506493506493507217, 0.8000000000000000444, -0.08571428571428567345 ) ) ;
#2197 = CARTESIAN_POINT ( 'NONE',  ( 0.9677773312314426057, 0.8000000000000001554, 0.04324385805356917994 ) ) ;
#2198 = PLANE ( 'NONE',  #238 ) ;
#2199 = CARTESIAN_POINT ( 'NONE',  ( -1.169999999999999929, -0.8499999999999998668, 0.1499999999999999944 ) ) ;
#2200 = ORIENTED_EDGE ( 'NONE', *, *, #976, .T. ) ;
#2201 = CARTESIAN_POINT ( 'NONE',  ( 0.9610389610389613591, 0.7999999999999999334, 0.07775974025974033421 ) ) ;
#2202 = CARTESIAN_POINT ( 'NONE',  ( 1.191118489197771746, 0.5999999999999999778, 1.191118489197771746 ) ) ;
#2203 = EDGE_CURVE ( 'NONE', #1001, #4057, #459, .T. ) ;
#2204 = VERTEX_POINT ( 'NONE', #1536 ) ;
#2205 = LINE ( 'NONE', #34, #4116 ) ;
#2206 = CARTESIAN_POINT ( 'NONE',  ( 0.08069754614934976367, 0.8000000000000002665, 0.1423688988556420232 ) ) ;
#2207 = CARTESIAN_POINT ( 'NONE',  ( -0.05499999999999984068, 1.285000000000000586, 0.0000000000000000000 ) ) ;
#2208 = DIRECTION ( 'NONE',  ( -2.464095846557962920E-16, 1.000000000000000000, 0.0000000000000000000 ) ) ;
#2209 = FACE_OUTER_BOUND ( 'NONE', #2784, .T. ) ;
#2210 = EDGE_CURVE ( 'NONE', #3088, #2919, #2968, .T. ) ;
#2211 = ORIENTED_EDGE ( 'NONE', *, *, #410, .T. ) ;
#2212 = DIRECTION ( 'NONE',  ( 1.971276677246371124E-15, 1.000000000000000000, -0.0000000000000000000 ) ) ;
#2213 = LINE ( 'NONE', #3620, #2232 ) ;
#2214 = CARTESIAN_POINT ( 'NONE',  ( -0.3067905517363608836, 0.8000000000000000444, 0.1590270874899742670 ) ) ;
#2215 = DIRECTION ( 'NONE',  ( -0.0000000000000000000, -0.0000000000000000000, -1.000000000000000000 ) ) ;
#2216 = DIRECTION ( 'NONE',  ( -2.710505431213757535E-15, 1.000000000000000000, 0.0000000000000000000 ) ) ;
#2217 = ORIENTED_EDGE ( 'NONE', *, *, #4, .F. ) ;
#2218 = LINE ( 'NONE', #3642, #4190 ) ;
#2219 = CARTESIAN_POINT ( 'NONE',  ( 1.169999999999999485, 0.8499999999999998668, 0.0000000000000000000 ) ) ;
#2220 = DIRECTION ( 'NONE',  ( 0.0000000000000000000, 0.0000000000000000000, -1.000000000000000000 ) ) ;
#2221 = ORIENTED_EDGE ( 'NONE', *, *, #1609, .T. ) ;
#2222 = CARTESIAN_POINT ( 'NONE',  ( -0.1650000000000003131, -1.175000000000000488, 0.1499999999999999944 ) ) ;
#2223 = LINE ( 'NONE', #1876, #4548 ) ;
#2224 = CARTESIAN_POINT ( 'NONE',  ( 0.0000000000000000000, 0.8000000000000000444, 0.0000000000000000000 ) ) ;
#2225 = LINE ( 'NONE', #1485, #2981 ) ;
#2226 = VECTOR ( 'NONE', #2776, 1000.000000000000000 ) ;
#2227 = ORIENTED_EDGE ( 'NONE', *, *, #665, .T. ) ;
#2228 = DIRECTION ( 'NONE',  ( -1.000000000000000000, 0.0000000000000000000, 0.0000000000000000000 ) ) ;
#2229 = CARTESIAN_POINT ( 'NONE',  ( 0.6141689282324963584, 0.7999999999999999334, 0.01691601303216305752 ) ) ;
#2230 = AXIS2_PLACEMENT_3D ( 'NONE', #2718, #2446, #2057 ) ;
#2231 = EDGE_CURVE ( 'NONE', #1999, #1222, #3770, .T. ) ;
#2232 = VECTOR ( 'NONE', #4344, 1000.000000000000000 ) ;
#2233 = EDGE_CURVE ( 'NONE', #4076, #2594, #2948, .T. ) ;
#2234 = CARTESIAN_POINT ( 'NONE',  ( 0.1402597402597401677, 0.8000000000000002665, -0.01874999999999999584 ) ) ;
#2235 = MECHANICAL_DESIGN_GEOMETRIC_PRESENTATION_REPRESENTATION (  '', ( #3497 ), #2392 ) ;
#2236 = VECTOR ( 'NONE', #92, 1000.000000000000000 ) ;
#2237 = ADVANCED_FACE ( 'NONE', ( #1162 ), #2591, .F. ) ;
#2238 = AXIS2_PLACEMENT_3D ( 'NONE', #1127, #3335, #2950 ) ;
#2239 = VECTOR ( 'NONE', #1966, 1000.000000000000000 ) ;
#2240 = CARTESIAN_POINT ( 'NONE',  ( 0.6334524176303383269, 0.7999999999999998224, -0.1057126815606729414 ) ) ;
#2241 = FACE_OUTER_BOUND ( 'NONE', #3641, .T. ) ;
#2242 = ORIENTED_EDGE ( 'NONE', *, *, #3772, .T. ) ;
#2243 = CARTESIAN_POINT ( 'NONE',  ( 1.299999999999999822, -0.4500000000000001776, 0.1499999999999999944 ) ) ;
#2244 = B_SPLINE_CURVE_WITH_KNOTS ( 'NONE', 3,
 ( #4045, #3731, #2286, #4455, #3318, #502, #1541, #1188, #534, #2618, #1248 ),
 .UNSPECIFIED., .F., .F.,
 ( 4, 1, 1, 1, 1, 1, 1, 1, 4 ),
 ( 0.0000000000000000000, 0.1091472446530393353, 0.2152589674700650935, 0.3246390711331706980, 0.4396674703298380504, 0.5616255148480201465, 0.6934057302043229454, 0.8380270563770019221, 1.000000000000000000 ),
 .UNSPECIFIED. ) ;
#2245 = MECHANICAL_DESIGN_GEOMETRIC_PRESENTATION_REPRESENTATION (  '', ( #4040 ), #4563 ) ;
#2246 = UNCERTAINTY_MEASURE_WITH_UNIT (LENGTH_MEASURE( 1.000000000000000082E-05 ), #1377, 'distance_accuracy_value', 'NONE');
#2247 = LINE ( 'NONE', #3934, #1633 ) ;
#2248 = LINE ( 'NONE', #2975, #4028 ) ;
#2249 = CARTESIAN_POINT ( 'NONE',  ( 0.04675324675324667167, 0.8000000000000001554, 0.08571428571428575671 ) ) ;
#2250 = LINE ( 'NONE', #1509, #79 ) ;
#2251 = FACE_OUTER_BOUND ( 'NONE', #4176, .T. ) ;
#2252 = STYLED_ITEM ( 'NONE', ( #4368 ), #4610 ) ;
#2253 = CARTESIAN_POINT ( 'NONE',  ( -0.1649999999999998690, 1.285000000000000586, 0.0000000000000000000 ) ) ;
#2254 = VERTEX_POINT ( 'NONE', #1819 ) ;
#2255 = CARTESIAN_POINT ( 'NONE',  ( -1.300000000000000266, 0.8499999999999999778, 0.0000000000000000000 ) ) ;
#2256 = CARTESIAN_POINT ( 'NONE',  ( -1.500000000000000000, 0.0000000000000000000, -1.500000000000000000 ) ) ;
#2257 = ORIENTED_EDGE ( 'NONE', *, *, #3706, .T. ) ;
#2258 = LINE ( 'NONE', #498, #1793 ) ;
#2259 = DIRECTION ( 'NONE',  ( -0.1710878697460358477, -0.9702875252478138091, -0.1710878697460358200 ) ) ;
#2260 = EDGE_CURVE ( 'NONE', #62, #3692, #2261, .T. ) ;
#2261 = B_SPLINE_CURVE_WITH_KNOTS ( 'NONE', 3,
 ( #2234, #478, #1906, #4059, #859, #3251, #3975, #779, #2332, #974, #2678, #4098, #878, #1607, #1656, #4450, #4149, #3751, #949 ),
 .UNSPECIFIED., .F., .F.,
 ( 4, 1, 1, 1, 1, 1, 1, 1, 1, 1, 1, 1, 1, 1, 1, 1, 4 ),
 ( 0.0000000000000000000, 0.05431740662048164386, 0.1087735445081725733, 0.1627065403409179434, 0.2169481258062406215, 0.2725468972334408879, 0.3294664887030790967, 0.3876572954864395126, 0.4489891645232466089, 0.5113927686948374074, 0.5755309395850835008, 0.6403534689042086336, 0.7073271568575413282, 0.7764247460166460169, 0.8482480941897758697, 0.9222075566611096509, 1.000000000000000000 ),
 .UNSPECIFIED. ) ;
#2262 = FILL_AREA_STYLE_COLOUR ( '', #620 ) ;
#2263 = CARTESIAN_POINT ( 'NONE',  ( 1.599999999999999867, -0.2000000000000003164, 0.1499999999999999944 ) ) ;
#2264 = EDGE_CURVE ( 'NONE', #1140, #3851, #902, .T. ) ;
#2265 = ORIENTED_EDGE ( 'NONE', *, *, #1525, .T. ) ;
#2266 = EDGE_CURVE ( 'NONE', #2072, #2075, #1275, .T. ) ;
#2267 = PLANE ( 'NONE',  #2998 ) ;
#2268 = CARTESIAN_POINT ( 'NONE',  ( -0.05499999999999984068, 1.285000000000000586, 0.1499999999999999944 ) ) ;
#2269 = CARTESIAN_POINT ( 'NONE',  ( 0.6624754438099443865, 0.8000000000000000444, -0.1764146523063116756 ) ) ;
#2270 = LINE ( 'NONE', #1527, #1190 ) ;
#2271 = ORIENTED_EDGE ( 'NONE', *, *, #4379, .F. ) ;
#2272 =( NAMED_UNIT ( * ) PLANE_ANGLE_UNIT ( ) SI_UNIT ( $, .RADIAN. ) );
#2273 = DIRECTION ( 'NONE',  ( -0.0000000000000000000, -0.0000000000000000000, -1.000000000000000000 ) ) ;
#2274 = CARTESIAN_POINT ( 'NONE',  ( -1.300000000000000044, 0.1999999999999999278, 0.0000000000000000000 ) ) ;
#2275 = CARTESIAN_POINT ( 'NONE',  ( -1.599999999999999867, -1.099999999999999867, 0.1499999999999999944 ) ) ;
#2276 = VERTEX_POINT ( 'NONE', #2356 ) ;
#2277 = CARTESIAN_POINT ( 'NONE',  ( 0.5717125248001120319, 0.8000000000000002665, -0.1304242398490588761 ) ) ;
#2278 = FACE_OUTER_BOUND ( 'NONE', #3073, .T. ) ;
#2279 = CARTESIAN_POINT ( 'NONE',  ( 0.6667547128918643873, 0.8000000000000000444, 0.1775441023441016453 ) ) ;
#2280 = B_SPLINE_CURVE_WITH_KNOTS ( 'NONE', 3,
 ( #3140, #4613, #3887, #4215, #310, #698, #1015, #3936, #354, #1784, #3588 ),
 .UNSPECIFIED., .F., .F.,
 ( 4, 1, 1, 1, 1, 1, 1, 1, 4 ),
 ( 0.0000000000000000000, 0.1672689727098136125, 0.3176514424142249937, 0.4522215307820330321, 0.5777163075141364956, 0.6932494220373396354, 0.7979458234129482852, 0.8987095442016087565, 1.000000000000000000 ),
 .UNSPECIFIED. ) ;
#2281 = ORIENTED_EDGE ( 'NONE', *, *, #433, .T. ) ;
#2282 = CARTESIAN_POINT ( 'NONE',  ( 0.5897884552402590241, 0.8000000000000001554, 0.1423688988556419954 ) ) ;
#2283 = CARTESIAN_POINT ( 'NONE',  ( -1.599999999999999867, -0.1999999999999999833, 0.1499999999999999944 ) ) ;
#2284 = PLANE ( 'NONE',  #4257 ) ;
#2285 = VERTEX_POINT ( 'NONE', #1587 ) ;
#2286 = CARTESIAN_POINT ( 'NONE',  ( 0.07769787829764068787, 0.7999999999999999334, -0.1372183158587671759 ) ) ;
#2287 = CARTESIAN_POINT ( 'NONE',  ( 0.2600218867187049088, 0.8000000000000000444, -0.1502129686674921749 ) ) ;
#2288 = EDGE_CURVE ( 'NONE', #2568, #615, #200, .T. ) ;
#2289 = EDGE_CURVE ( 'NONE', #2637, #910, #2081, .T. ) ;
#2290 = ORIENTED_EDGE ( 'NONE', *, *, #2260, .F. ) ;
#2291 = CARTESIAN_POINT ( 'NONE',  ( 0.6211342182560718461, 0.7999999999999997113, 0.1328489627426207298 ) ) ;
#2292 = CARTESIAN_POINT ( 'NONE',  ( -1.599999999999999867, -0.8499999999999998668, 0.1499999999999999944 ) ) ;
#2293 = ORIENTED_EDGE ( 'NONE', *, *, #4205, .F. ) ;
#2294 = CARTESIAN_POINT ( 'NONE',  ( 0.08969155844155836388, 0.7999999999999999334, 0.2051948051948052631 ) ) ;
#2295 = CARTESIAN_POINT ( 'NONE',  ( 1.046800004032913733, 0.8000000000000003775, -0.07132162857724623495 ) ) ;
#2296 = CARTESIAN_POINT ( 'NONE',  ( -1.599999999999999867, -0.8499999999999998668, 0.1499999999999999944 ) ) ;
#2297 = DIRECTION ( 'NONE',  ( -0.1710878697460358200, 0.9702875252478138091, -0.1710878697460358477 ) ) ;
#2298 = VERTEX_POINT ( 'NONE', #3030 ) ;
#2299 = CARTESIAN_POINT ( 'NONE',  ( -0.006449290962144237430, 0.7999999999999997113, -0.1326345328725140049 ) ) ;
#2300 = CARTESIAN_POINT ( 'NONE',  ( -0.9297289278026540371, 0.8000000000000000444, 0.1261383148007853561 ) ) ;
#2301 = CARTESIAN_POINT ( 'NONE',  ( 1.599999999999998979, 0.1999999999999998723, 0.1499999999999999944 ) ) ;
#2302 = ORIENTED_EDGE ( 'NONE', *, *, #809, .T. ) ;
#2303 = ORIENTED_EDGE ( 'NONE', *, *, #1664, .T. ) ;
#2304 = CARTESIAN_POINT ( 'NONE',  ( 0.9040953956130444169, 0.8000000000000000444, -0.1086660334150361812 ) ) ;
#2305 = VECTOR ( 'NONE', #3758, 1000.000000000000000 ) ;
#2306 = AXIS2_PLACEMENT_3D ( 'NONE', #3467, #2778, #4574 ) ;
#2307 = CARTESIAN_POINT ( 'NONE',  ( -1.300000000000000044, 0.1749999999999999056, 0.1499999999999999944 ) ) ;
#2308 = ORIENTED_EDGE ( 'NONE', *, *, #3800, .F. ) ;
#2309 = CARTESIAN_POINT ( 'NONE',  ( 0.1870129870129869365, 0.8000000000000000444, -0.1004058441558441511 ) ) ;
#2310 = CARTESIAN_POINT ( 'NONE',  ( -0.1649999999999998412, 1.175000000000000488, 0.1499999999999999944 ) ) ;
#2311 = AXIS2_PLACEMENT_3D ( 'NONE', #2633, #4055, #2654 ) ;
#2312 = ORIENTED_EDGE ( 'NONE', *, *, #4060, .T. ) ;
#2313 = CARTESIAN_POINT ( 'NONE',  ( 0.6282796524417454398, 0.7999999999999998224, -0.1957961043617065799 ) ) ;
#2314 = DIRECTION ( 'NONE',  ( 0.1710878697460358477, -0.9702875252478138091, 0.1710878697460358200 ) ) ;
#2315 = ORIENTED_EDGE ( 'NONE', *, *, #3549, .T. ) ;
#2316 = CARTESIAN_POINT ( 'NONE',  ( 1.043068809217560400, 0.7999999999999997113, -0.06300884678398417649 ) ) ;
#2317 = EDGE_CURVE ( 'NONE', #1737, #3923, #43, .T. ) ;
#2318 = DIRECTION ( 'NONE',  ( 0.0000000000000000000, -1.000000000000000000, 0.0000000000000000000 ) ) ;
#2319 = VECTOR ( 'NONE', #1363, 1000.000000000000000 ) ;
#2320 = PLANE ( 'NONE',  #2916 ) ;
#2321 = ORIENTED_EDGE ( 'NONE', *, *, #1782, .T. ) ;
#2322 = CARTESIAN_POINT ( 'NONE',  ( 1.036011617772618632, 0.7999999999999998224, 0.1280100256766753541 ) ) ;
#2323 = AXIS2_PLACEMENT_3D ( 'NONE', #1691, #4115, #4136 ) ;
#2324 = CARTESIAN_POINT ( 'NONE',  ( -0.9777589774176730364, 0.7999999999999999334, 0.1324656574158767086 ) ) ;
#2325 = CARTESIAN_POINT ( 'NONE',  ( -0.8207984732014945717, 0.8000000000000000444, -0.0006502147753880112638 ) ) ;
#2326 = EDGE_CURVE ( 'NONE', #1922, #242, #1323, .T. ) ;
#2327 = EDGE_CURVE ( 'NONE', #709, #2689, #3356, .T. ) ;
#2328 = AXIS2_PLACEMENT_3D ( 'NONE', #2653, #942, #967 ) ;
#2329 = EDGE_LOOP ( 'NONE', ( #4097, #506, #1027, #1239 ) ) ;
#2330 = ORIENTED_EDGE ( 'NONE', *, *, #701, .T. ) ;
#2331 = DIRECTION ( 'NONE',  ( 1.000000000000000000, -1.891050300846811986E-16, -0.0000000000000000000 ) ) ;
#2332 = CARTESIAN_POINT ( 'NONE',  ( 0.1775107962155452468, 0.8000000000000003775, 0.007994811675039535659 ) ) ;
#2333 = DIRECTION ( 'NONE',  ( 1.000000000000000000, 0.0000000000000000000, 0.0000000000000000000 ) ) ;
#2334 = DIRECTION ( 'NONE',  ( -1.000000000000000000, 0.0000000000000000000, 0.0000000000000000000 ) ) ;
#2335 = ORIENTED_EDGE ( 'NONE', *, *, #1177, .F. ) ;
#2336 = LINE ( 'NONE', #2684, #4037 ) ;
#2337 =( NAMED_UNIT ( * ) PLANE_ANGLE_UNIT ( ) SI_UNIT ( $, .RADIAN. ) );
#2338 = EDGE_LOOP ( 'NONE', ( #3824, #2850, #2359, #82 ) ) ;
#2339 = LINE ( 'NONE', #508, #4090 ) ;
#2340 = SURFACE_SIDE_STYLE ('',( #959 ) ) ;
#2341 = VERTEX_POINT ( 'NONE', #338 ) ;
#2342 = CARTESIAN_POINT ( 'NONE',  ( -0.4831168831168831113, 0.8000000000000000444, 0.0000000000000000000 ) ) ;
#2343 = CARTESIAN_POINT ( 'NONE',  ( -0.7012987012987015323, 0.8000000000000000444, 0.2000000000000000111 ) ) ;
#2344 = ADVANCED_FACE ( 'NONE', ( #1375 ), #3918, .F. ) ;
#2345 = CARTESIAN_POINT ( 'NONE',  ( 0.6109246405597208440, 0.7999999999999998224, -0.05546553880885862070 ) ) ;
#2346 = VERTEX_POINT ( 'NONE', #3868 ) ;
#2347 = CARTESIAN_POINT ( 'NONE',  ( 1.008822808428625040, 0.7999999999999999334, 0.1426920701294974725 ) ) ;
#2348 = CARTESIAN_POINT ( 'NONE',  ( 1.299999999999999822, -1.175000000000000488, 0.1499999999999999944 ) ) ;
#2349 = CARTESIAN_POINT ( 'NONE',  ( 0.7022541899520914344, 0.8000000000000000444, 0.1161020535215100125 ) ) ;
#2350 = CARTESIAN_POINT ( 'NONE',  ( -0.8846630597032300036, 0.7999999999999996003, -0.03859788459682707285 ) ) ;
#2351 = VERTEX_POINT ( 'NONE', #4547 ) ;
#2352 = ADVANCED_FACE ( 'NONE', ( #290 ), #1046, .F. ) ;
#2353 = ADVANCED_FACE ( 'NONE', ( #2803 ), #1349, .F. ) ;
#2354 = ORIENTED_EDGE ( 'NONE', *, *, #2954, .F. ) ;
#2355 = APPLICATION_CONTEXT ( 'automotive_design' ) ;
#2356 = CARTESIAN_POINT ( 'NONE',  ( 0.6961038961038961137, 0.8000000000000000444, -0.1004058441558441234 ) ) ;
#2357 = CARTESIAN_POINT ( 'NONE',  ( -1.599999999999999645, 0.8499999999999999778, 0.0000000000000000000 ) ) ;
#2358 = DIRECTION ( 'NONE',  ( 1.000000000000000000, -1.971276677246371519E-15, 0.0000000000000000000 ) ) ;
#2359 = ORIENTED_EDGE ( 'NONE', *, *, #432, .F. ) ;
#2360 = CARTESIAN_POINT ( 'NONE',  ( 0.0000000000000000000, 0.8000000000000000444, 0.0000000000000000000 ) ) ;
#2361 = CARTESIAN_POINT ( 'NONE',  ( 0.0000000000000000000, 0.8000000000000000444, 0.0000000000000000000 ) ) ;
#2362 = ORIENTED_EDGE ( 'NONE', *, *, #814, .F. ) ;
#2363 =( BOUNDED_CURVE ( )  B_SPLINE_CURVE ( 3, ( #3819, #2449, #2845, #1016 ),
 .UNSPECIFIED., .F., .T. ) 
 B_SPLINE_CURVE_WITH_KNOTS ( ( 4, 4 ),
 ( 5.512866274278616530, 7.053504340080555934 ),
 .UNSPECIFIED. ) 
 CURVE ( )  GEOMETRIC_REPRESENTATION_ITEM ( )  RATIONAL_B_SPLINE_CURVE ( ( 1.000000000000000000, 0.8117923620232503357, 0.8117923620232503357, 1.000000000000000000 ) ) 
 REPRESENTATION_ITEM ( '' )  );
#2364 = LINE ( 'NONE', #1615, #3958 ) ;
#2365 = EDGE_LOOP ( 'NONE', ( #4604, #1125, #139, #3896, #2587, #713, #919, #2227, #1522, #4603 ) ) ;
#2366 = CARTESIAN_POINT ( 'NONE',  ( 0.2502159868598851644, 0.8000000000000000444, 0.1445481634972915763 ) ) ;
#2367 = FACE_OUTER_BOUND ( 'NONE', #205, .T. ) ;
#2368 = DIRECTION ( 'NONE',  ( 8.673617379884039416E-16, 1.000000000000000000, 0.0000000000000000000 ) ) ;
#2369 = FACE_OUTER_BOUND ( 'NONE', #2388, .T. ) ;
#2370 = EDGE_LOOP ( 'NONE', ( #3510, #300, #3036, #2330 ) ) ;
#2371 = CARTESIAN_POINT ( 'NONE',  ( 0.05915112390900397615, 0.7999999999999999334, -0.1966608038864081365 ) ) ;
#2372 = CARTESIAN_POINT ( 'NONE',  ( -0.5300000000000004707, -0.1750000000000003220, 0.1499999999999999944 ) ) ;
#2373 = CARTESIAN_POINT ( 'NONE',  ( 0.7064935064935065068, 0.8000000000000000444, 0.07735389610389616089 ) ) ;
#2374 = CARTESIAN_POINT ( 'NONE',  ( -0.9737507820885930032, 0.8000000000000001554, -0.1320376586220515513 ) ) ;
#2375 = EDGE_LOOP ( 'NONE', ( #1379, #2447, #2951, #349 ) ) ;
#2376 = EDGE_LOOP ( 'NONE', ( #3476, #4422, #2290, #3401, #579, #448, #4104, #1170, #999, #4162, #1895, #3426, #829, #1776, #1730, #1395, #3197 ) ) ;
#2377 = CARTESIAN_POINT ( 'NONE',  ( 0.1245677616764392232, 0.7999999999999998224, -0.09993086005688536777 ) ) ;
#2378 = EDGE_CURVE ( 'NONE', #2490, #1243, #4197, .T. ) ;
#2379 = EDGE_CURVE ( 'NONE', #2662, #3163, #2505, .T. ) ;
#2380 = LINE ( 'NONE', #605, #1117 ) ;
#2381 = CARTESIAN_POINT ( 'NONE',  ( 0.0000000000000000000, 0.0000000000000000000, 0.0000000000000000000 ) ) ;
#2382 = CARTESIAN_POINT ( 'NONE',  ( 0.08766233766233758051, 0.8000000000000002665, -0.1999999999999999833 ) ) ;
#2383 = AXIS2_PLACEMENT_3D ( 'NONE', #1813, #2476, #4616 ) ;
#2384 = ORIENTED_EDGE ( 'NONE', *, *, #1857, .T. ) ;
#2385 = CARTESIAN_POINT ( 'NONE',  ( -1.191118489197771746, 0.6000000000000000888, -1.191118489197771746 ) ) ;
#2386 = VECTOR ( 'NONE', #4464, 1000.000000000000000 ) ;
#2387 = PRESENTATION_LAYER_ASSIGNMENT (  '', '', ( #72 ) ) ;
#2388 = EDGE_LOOP ( 'NONE', ( #3333, #3454, #987, #712 ) ) ;
#2389 = EDGE_LOOP ( 'NONE', ( #3341, #1704, #3085, #4381 ) ) ;
#2390 = VERTEX_POINT ( 'NONE', #2096 ) ;
#2391 = LINE ( 'NONE', #304, #2772 ) ;
#2392 =( GEOMETRIC_REPRESENTATION_CONTEXT ( 3 ) GLOBAL_UNCERTAINTY_ASSIGNED_CONTEXT ( ( #3689 ) ) GLOBAL_UNIT_ASSIGNED_CONTEXT ( ( #2623, #123, #2937 ) ) REPRESENTATION_CONTEXT ( 'NONE', 'WORKASPACE' ) );
#2393 = VECTOR ( 'NONE', #1093, 1000.000000000000000 ) ;
#2394 = DIRECTION ( 'NONE',  ( 0.0000000000000000000, 0.0000000000000000000, 1.000000000000000000 ) ) ;
#2395 = VECTOR ( 'NONE', #185, 1000.000000000000000 ) ;
#2396 = FACE_OUTER_BOUND ( 'NONE', #3469, .T. ) ;
#2397 = VERTEX_POINT ( 'NONE', #3569 ) ;
#2398 = CARTESIAN_POINT ( 'NONE',  ( 1.046290257524325362, 0.7999999999999999334, 0.1064222147432924981 ) ) ;
#2399 = CARTESIAN_POINT ( 'NONE',  ( -0.9576651813044999573, 0.8000000000000000444, 0.1317711129094843170 ) ) ;
#2400 = COLOUR_RGB ( '',1.000000000000000000, 1.000000000000000000, 1.000000000000000000 ) ;
#2401 = CARTESIAN_POINT ( 'NONE',  ( 0.09863710995899749312, 0.8000000000000001554, -0.1997332810958872273 ) ) ;
#2402 = VERTEX_POINT ( 'NONE', #2875 ) ;
#2403 = VECTOR ( 'NONE', #2163, 1000.000000000000000 ) ;
#2404 = VERTEX_POINT ( 'NONE', #3544 ) ;
#2405 = CARTESIAN_POINT ( 'NONE',  ( 0.9834713382266230264, 0.7999999999999999334, -0.1984652569562592728 ) ) ;
#2406 = MECHANICAL_DESIGN_GEOMETRIC_PRESENTATION_REPRESENTATION (  '', ( #4042 ), #2185 ) ;
#2407 = ADVANCED_FACE ( 'NONE', ( #3521 ), #20, .F. ) ;
#2408 = B_SPLINE_CURVE_WITH_KNOTS ( 'NONE', 3,
 ( #1102, #858, #3577, #4038, #1428, #2531, #2967, #2861, #2282, #3355, #372 ),
 .UNSPECIFIED., .F., .F.,
 ( 4, 1, 1, 1, 1, 1, 1, 1, 4 ),
 ( 0.0000000000000000000, 0.1694130195362789360, 0.3212542881746923151, 0.4568984035673725463, 0.5822213420228384839, 0.6966028020772558893, 0.8008034728957559301, 0.9002131751567284956, 1.000000000000000000 ),
 .UNSPECIFIED. ) ;
#2409 =( GEOMETRIC_REPRESENTATION_CONTEXT ( 3 ) GLOBAL_UNCERTAINTY_ASSIGNED_CONTEXT ( ( #4355 ) ) GLOBAL_UNIT_ASSIGNED_CONTEXT ( ( #733, #3578, #50 ) ) REPRESENTATION_CONTEXT ( 'NONE', 'WORKASPACE' ) );
#2410 = DIRECTION ( 'NONE',  ( -6.162975822039154730E-33, 1.000000000000000000, -2.552767798299204321E-48 ) ) ;
#2411 = LINE ( 'NONE', #4432, #3504 ) ;
#2412 = ORIENTED_EDGE ( 'NONE', *, *, #3372, .F. ) ;
#2413 = DIRECTION ( 'NONE',  ( 1.000000000000000000, 0.0000000000000000000, 0.0000000000000000000 ) ) ;
#2414 =( NAMED_UNIT ( * ) SI_UNIT ( $, .STERADIAN. ) SOLID_ANGLE_UNIT ( ) );
#2415 = ADVANCED_FACE ( 'NONE', ( #3170 ), #2852, .F. ) ;
#2416 = VERTEX_POINT ( 'NONE', #4318 ) ;
#2417 = VERTEX_POINT ( 'NONE', #3596 ) ;
#2418 = LINE ( 'NONE', #2007, #2084 ) ;
#2419 = ORIENTED_EDGE ( 'NONE', *, *, #2378, .F. ) ;
#2420 = DIRECTION ( 'NONE',  ( -0.0000000000000000000, -1.000000000000000000, -0.0000000000000000000 ) ) ;
#2421 = CARTESIAN_POINT ( 'NONE',  ( 1.005438311688312103, 0.7999999999999999334, -0.1999999999999999278 ) ) ;
#2422 = CARTESIAN_POINT ( 'NONE',  ( 1.111557487302748948, 0.8000000000000001554, 0.08872863351107578012 ) ) ;
#2423 = DIRECTION ( 'NONE',  ( -1.000000000000000000, 1.891050300846811986E-16, 0.0000000000000000000 ) ) ;
#2424 = ORIENTED_EDGE ( 'NONE', *, *, #785, .F. ) ;
#2425 = DIRECTION ( 'NONE',  ( -0.0000000000000000000, 0.0000000000000000000, 1.000000000000000000 ) ) ;
#2426 = CARTESIAN_POINT ( 'NONE',  ( -0.8831861416147642752, 0.8000000000000000444, 0.007767235314922336410 ) ) ;
#2427 = DIRECTION ( 'NONE',  ( 0.0000000000000000000, -1.000000000000000000, 0.0000000000000000000 ) ) ;
#2428 = LINE ( 'NONE', #3077, #3295 ) ;
#2429 = ORIENTED_EDGE ( 'NONE', *, *, #3950, .F. ) ;
#2430 = CARTESIAN_POINT ( 'NONE',  ( 0.0000000000000000000, 0.8000000000000000444, 0.1324675324675324561 ) ) ;
#2431 = VERTEX_POINT ( 'NONE', #1161 ) ;
#2432 = DIRECTION ( 'NONE',  ( -0.0000000000000000000, -1.000000000000000000, -0.0000000000000000000 ) ) ;
#2433 = ORIENTED_EDGE ( 'NONE', *, *, #3320, .T. ) ;
#2434 = LINE ( 'NONE', #3875, #1579 ) ;
#2435 = CARTESIAN_POINT ( 'NONE',  ( -0.9484085175114245203, 0.8000000000000001554, -0.1298096969143350821 ) ) ;
#2436 = EDGE_CURVE ( 'NONE', #3947, #1797, #797, .T. ) ;
#2437 = ORIENTED_EDGE ( 'NONE', *, *, #1672, .F. ) ;
#2438 = ORIENTED_EDGE ( 'NONE', *, *, #1262, .F. ) ;
#2439 = CARTESIAN_POINT ( 'NONE',  ( 0.05500000000000004191, 1.550000000000000488, 0.1499999999999999944 ) ) ;
#2440 = ORIENTED_EDGE ( 'NONE', *, *, #4261, .T. ) ;
#2441 =( NAMED_UNIT ( * ) PLANE_ANGLE_UNIT ( ) SI_UNIT ( $, .RADIAN. ) );
#2442 = CARTESIAN_POINT ( 'NONE',  ( 0.9915413568410318401, 0.7999999999999999334, -0.1348533766932318578 ) ) ;
#2443 = EDGE_CURVE ( 'NONE', #4449, #2166, #1710, .T. ) ;
#2444 = EDGE_CURVE ( 'NONE', #4506, #1001, #2213, .T. ) ;
#2445 =( LENGTH_UNIT ( ) NAMED_UNIT ( * ) SI_UNIT ( .MILLI., .METRE. ) );
#2446 = DIRECTION ( 'NONE',  ( 1.000000000000000000, 0.0000000000000000000, -0.0000000000000000000 ) ) ;
#2447 = ORIENTED_EDGE ( 'NONE', *, *, #2061, .T. ) ;
#2448 = CARTESIAN_POINT ( 'NONE',  ( 0.05499999999999968109, -1.285000000000000586, 0.1499999999999999944 ) ) ;
#2449 = CARTESIAN_POINT ( 'NONE',  ( -1.419124823942438773, 0.0000000000000000000, 1.500000000000000222 ) ) ;
#2450 = CARTESIAN_POINT ( 'NONE',  ( 0.08700723167982635231, 0.8000000000000000444, 0.01304171254521254049 ) ) ;
#2451 = CARTESIAN_POINT ( 'NONE',  ( -0.01184456270231031873, 0.7999999999999999334, 0.1199294176449835631 ) ) ;
#2452 = EDGE_LOOP ( 'NONE', ( #3465, #935, #2808, #1033 ) ) ;
#2453 = CARTESIAN_POINT ( 'NONE',  ( -0.8454425614714565773, 0.8000000000000004885, 0.1283227581494325864 ) ) ;
#2454 = DIRECTION ( 'NONE',  ( -1.184920407087982840E-16, -3.921223329866408491E-48, 1.000000000000000000 ) ) ;
#2455 = ORIENTED_EDGE ( 'NONE', *, *, #4036, .T. ) ;
#2456 = FACE_OUTER_BOUND ( 'NONE', #958, .T. ) ;
#2457 = VECTOR ( 'NONE', #406, 1000.000000000000227 ) ;
#2458 = ORIENTED_EDGE ( 'NONE', *, *, #433, .F. ) ;
#2459 = ORIENTED_EDGE ( 'NONE', *, *, #842, .T. ) ;
#2460 = CARTESIAN_POINT ( 'NONE',  ( 1.599999999999998979, 0.8499999999999997558, 0.0000000000000000000 ) ) ;
#2461 = ORIENTED_EDGE ( 'NONE', *, *, #4172, .T. ) ;
#2462 = CARTESIAN_POINT ( 'NONE',  ( 0.1649999999999997025, -1.285000000000000586, 0.1499999999999999944 ) ) ;
#2463 = CARTESIAN_POINT ( 'NONE',  ( 0.1072444800776934520, 0.7999999999999999334, -0.05947506227168252585 ) ) ;
#2464 = VECTOR ( 'NONE', #4109, 1000.000000000000000 ) ;
#2465 = VECTOR ( 'NONE', #2273, 1000.000000000000000 ) ;
#2466 = CARTESIAN_POINT ( 'NONE',  ( -1.300000000000000044, 0.5300000000000003597, 0.0000000000000000000 ) ) ;
#2467 = CIRCLE ( 'NONE', #752, 0.2000000000000001499 ) ;
#2468 = ADVANCED_FACE ( 'NONE', ( #1903 ), #774, .F. ) ;
#2469 = VERTEX_POINT ( 'NONE', #3635 ) ;
#2470 = DIRECTION ( 'NONE',  ( -1.000000000000000000, -1.355252715606876993E-15, -0.0000000000000000000 ) ) ;
#2471 = VECTOR ( 'NONE', #3700, 1000.000000000000000 ) ;
#2472 = PLANE ( 'NONE',  #2910 ) ;
#2473 = CARTESIAN_POINT ( 'NONE',  ( 0.9038961038961041972, 0.7999999999999999334, -0.09740259740259735177 ) ) ;
#2474 = PLANE ( 'NONE',  #609 ) ;
#2475 = VECTOR ( 'NONE', #4443, 1000.000000000000000 ) ;
#2476 = DIRECTION ( 'NONE',  ( -0.0000000000000000000, 0.0000000000000000000, 1.000000000000000000 ) ) ;
#2477 = ADVANCED_FACE ( 'NONE', ( #4402 ), #113, .F. ) ;
#2478 = EDGE_LOOP ( 'NONE', ( #2715, #1830, #2315, #3904 ) ) ;
#2479 = EDGE_CURVE ( 'NONE', #404, #885, #3032, .T. ) ;
#2480 = DIRECTION ( 'NONE',  ( 0.0000000000000000000, 0.0000000000000000000, 1.000000000000000000 ) ) ;
#2481 = DIRECTION ( 'NONE',  ( 0.0000000000000000000, -0.0000000000000000000, -1.000000000000000000 ) ) ;
#2482 = AXIS2_PLACEMENT_3D ( 'NONE', #1842, #3622, #3660 ) ;
#2483 = B_SPLINE_CURVE_WITH_KNOTS ( 'NONE', 3,
 ( #2309, #1612, #4481, #3686, #187, #1281, #3337, #4131, #482, #4413, #1565 ),
 .UNSPECIFIED., .F., .F.,
 ( 4, 1, 1, 1, 1, 1, 1, 1, 4 ),
 ( 0.0000000000000000000, 0.1264126829649618311, 0.2480645286968744256, 0.3677857399335040522, 0.4869373622728258577, 0.6077221292347535497, 0.7316345723975913318, 0.8624064927808086090, 1.000000000000000000 ),
 .UNSPECIFIED. ) ;
#2484 = AXIS2_PLACEMENT_3D ( 'NONE', #2828, #4152, #2047 ) ;
#2485 = CARTESIAN_POINT ( 'NONE',  ( 1.219999999999999751, -0.5300000000000002487, 0.0000000000000000000 ) ) ;
#2486 = ORIENTED_EDGE ( 'NONE', *, *, #2846, .T. ) ;
#2487 = CIRCLE ( 'NONE', #2024, 0.2000000000000000944 ) ;
#2488 = CARTESIAN_POINT ( 'NONE',  ( 0.4935064935064933933, 0.8000000000000000444, 0.09610389610389619142 ) ) ;
#2489 = STYLED_ITEM ( 'NONE', ( #4477 ), #438 ) ;
#2490 = VERTEX_POINT ( 'NONE', #93 ) ;
#2491 = ORIENTED_EDGE ( 'NONE', *, *, #128, .F. ) ;
#2492 = DIRECTION ( 'NONE',  ( -8.673617379884038430E-16, -1.000000000000000000, 0.0000000000000000000 ) ) ;
#2493 = DIRECTION ( 'NONE',  ( -2.464095846557962920E-16, 1.000000000000000000, 0.0000000000000000000 ) ) ;
#2494 = CARTESIAN_POINT ( 'NONE',  ( -1.300000000000000044, 0.1749999999999999056, 0.0000000000000000000 ) ) ;
#2495 = DIRECTION ( 'NONE',  ( -1.000000000000000000, -1.355252715606876993E-15, -0.0000000000000000000 ) ) ;
#2496 = ORIENTED_EDGE ( 'NONE', *, *, #3176, .T. ) ;
#2497 = CARTESIAN_POINT ( 'NONE',  ( -1.169999999999999929, -0.1999999999999999833, 0.1499999999999999944 ) ) ;
#2498 = CARTESIAN_POINT ( 'NONE',  ( 1.299999999999999822, -0.7699999999999999067, 0.1499999999999999944 ) ) ;
#2499 = CARTESIAN_POINT ( 'NONE',  ( 0.05499999999999976436, -1.550000000000000488, 0.0000000000000000000 ) ) ;
#2500 = DIRECTION ( 'NONE',  ( -0.0000000000000000000, -0.0000000000000000000, -1.000000000000000000 ) ) ;
#2501 = ADVANCED_FACE ( 'NONE', ( #4033 ), #457, .T. ) ;
#2502 = CARTESIAN_POINT ( 'NONE',  ( 0.01819166144170952792, 0.8000000000000001554, 0.1760429145186704625 ) ) ;
#2503 = ORIENTED_EDGE ( 'NONE', *, *, #3925, .T. ) ;
#2504 = CARTESIAN_POINT ( 'NONE',  ( 1.299999999999999822, -0.2000000000000002609, 0.1499999999999999944 ) ) ;
#2505 = LINE ( 'NONE', #2144, #1252 ) ;
#2506 = EDGE_CURVE ( 'NONE', #443, #2667, #2947, .T. ) ;
#2507 = EDGE_CURVE ( 'NONE', #1889, #309, #3198, .T. ) ;
#2508 = DIRECTION ( 'NONE',  ( -9.035018104045900523E-16, -1.000000000000000000, -0.0000000000000000000 ) ) ;
#2509 = CARTESIAN_POINT ( 'NONE',  ( 1.299999999999999822, -0.4500000000000001776, 0.1499999999999999944 ) ) ;
#2510 = CARTESIAN_POINT ( 'NONE',  ( 0.1120433091651626550, 0.8000000000000000444, 0.1328489627426207853 ) ) ;
#2511 = VERTEX_POINT ( 'NONE', #1242 ) ;
#2512 = EDGE_LOOP ( 'NONE', ( #3859, #536, #388, #151 ) ) ;
#2513 = VERTEX_POINT ( 'NONE', #220 ) ;
#2514 = CARTESIAN_POINT ( 'NONE',  ( 0.1974025974025973296, 0.7999999999999998224, 0.07735389610389614701 ) ) ;
#2515 = CARTESIAN_POINT ( 'NONE',  ( 0.4943273287383190273, 0.8000000000000002665, -0.1004962877497633800 ) ) ;
#2516 = ORIENTED_EDGE ( 'NONE', *, *, #1175, .T. ) ;
#2517 = CARTESIAN_POINT ( 'NONE',  ( -1.300000000000000044, 0.1999999999999999278, 0.1499999999999999944 ) ) ;
#2518 = CARTESIAN_POINT ( 'NONE',  ( -0.8845244067251085696, 0.7999999999999998224, 0.03903311850683262307 ) ) ;
#2519 = CARTESIAN_POINT ( 'NONE',  ( 1.299999999999999822, -0.2000000000000002609, 0.1499999999999999944 ) ) ;
#2520 = LINE ( 'NONE', #3939, #2775 ) ;
#2521 = CARTESIAN_POINT ( 'NONE',  ( -0.008808574537863968212, 0.8000000000000000444, 0.1309448695662126239 ) ) ;
#2522 = ORIENTED_EDGE ( 'NONE', *, *, #2054, .F. ) ;
#2523 = CARTESIAN_POINT ( 'NONE',  ( 1.599999999999999645, -1.100000000000000089, 0.1499999999999999944 ) ) ;
#2524 = DIRECTION ( 'NONE',  ( 0.0000000000000000000, 0.9848077530122080203, 0.1736481776669307198 ) ) ;
#2525 = EDGE_CURVE ( 'NONE', #2155, #3930, #521, .T. ) ;
#2526 = FACE_OUTER_BOUND ( 'NONE', #3935, .T. ) ;
#2527 = LINE ( 'NONE', #3250, #3900 ) ;
#2528 = EDGE_CURVE ( 'NONE', #1620, #346, #1301, .T. ) ;
#2529 = ORIENTED_EDGE ( 'NONE', *, *, #2184, .T. ) ;
#2530 = ORIENTED_EDGE ( 'NONE', *, *, #121, .F. ) ;
#2531 = CARTESIAN_POINT ( 'NONE',  ( 0.5693851602722866945, 0.7999999999999997113, 0.1281350166178961691 ) ) ;
#2532 = DIRECTION ( 'NONE',  ( 1.000000000000000000, 0.0000000000000000000, -0.0000000000000000000 ) ) ;
#2533 = EDGE_CURVE ( 'NONE', #1913, #199, #2017, .T. ) ;
#2534 = LINE ( 'NONE', #1084, #903 ) ;
#2535 = CARTESIAN_POINT ( 'NONE',  ( 0.5026416181287648444, 0.8000000000000001554, -0.1326345328725139772 ) ) ;
#2536 = VERTEX_POINT ( 'NONE', #1948 ) ;
#2537 = DIRECTION ( 'NONE',  ( -0.0000000000000000000, -0.0000000000000000000, -1.000000000000000000 ) ) ;
#2538 = CARTESIAN_POINT ( 'NONE',  ( 0.6258828212149323278, 0.7999999999999997113, -0.06803176917897564568 ) ) ;
#2539 = CARTESIAN_POINT ( 'NONE',  ( 0.2233766233766232567, 0.8000000000000000444, -0.09090909090909086998 ) ) ;
#2540 = VECTOR ( 'NONE', #2730, 1000.000000000000000 ) ;
#2541 = AXIS2_PLACEMENT_3D ( 'NONE', #2131, #2907, #2154 ) ;
#2542 = AXIS2_PLACEMENT_3D ( 'NONE', #1397, #3843, #2068 ) ;
#2543 = ORIENTED_EDGE ( 'NONE', *, *, #201, .T. ) ;
#2544 = CARTESIAN_POINT ( 'NONE',  ( -1.300000000000000044, 0.4500000000000000111, 0.0000000000000000000 ) ) ;
#2545 = CARTESIAN_POINT ( 'NONE',  ( 0.1297556700785365280, 0.8000000000000000444, 0.07109274987080275998 ) ) ;
#2546 = AXIS2_PLACEMENT_3D ( 'NONE', #251, #1630, #1682 ) ;
#2547 = CARTESIAN_POINT ( 'NONE',  ( -0.9099549918418580186, 0.8000000000000001554, -0.1095727783243057168 ) ) ;
#2548 = DIRECTION ( 'NONE',  ( 2.710505431213761085E-15, -1.000000000000000000, 0.0000000000000000000 ) ) ;
#2549 = CARTESIAN_POINT ( 'NONE',  ( 0.8987012987012991116, 0.7999999999999999334, 0.08522727272727281811 ) ) ;
#2550 = ADVANCED_FACE ( 'NONE', ( #3378 ), #1603, .F. ) ;
#2551 = AXIS2_PLACEMENT_3D ( 'NONE', #2224, #127, #3390 ) ;
#2552 = ORIENTED_EDGE ( 'NONE', *, *, #837, .T. ) ;
#2553 = DIRECTION ( 'NONE',  ( -0.0000000000000000000, -0.0000000000000000000, -1.000000000000000000 ) ) ;
#2554 = CARTESIAN_POINT ( 'NONE',  ( 1.048921583817157277, 0.7999999999999999334, 0.06548188569512909674 ) ) ;
#2555 = EDGE_LOOP ( 'NONE', ( #1539, #3029, #1652, #2302 ) ) ;
#2556 = CARTESIAN_POINT ( 'NONE',  ( 0.5949675324675325339, 0.8000000000000000444, -0.1376623376623375972 ) ) ;
#2557 = VECTOR ( 'NONE', #1328, 1000.000000000000000 ) ;
#2558 = EDGE_CURVE ( 'NONE', #598, #1913, #1581, .T. ) ;
#2559 = EDGE_CURVE ( 'NONE', #2689, #4572, #4447, .T. ) ;
#2560 = DIRECTION ( 'NONE',  ( 0.0000000000000000000, -1.000000000000000000, -1.084202172485504434E-15 ) ) ;
#2561 = ORIENTED_EDGE ( 'NONE', *, *, #3765, .T. ) ;
#2562 = LINE ( 'NONE', #766, #1208 ) ;
#2563 = VECTOR ( 'NONE', #417, 1000.000000000000000 ) ;
#2564 = CARTESIAN_POINT ( 'NONE',  ( 0.04807944280016981931, 0.7999999999999999334, 0.09838173756003976145 ) ) ;
#2565 = CARTESIAN_POINT ( 'NONE',  ( 0.5739046238265081978, 0.8000000000000000444, 0.01786684745641991742 ) ) ;
#2566 = FILL_AREA_STYLE_COLOUR ( '', #2853 ) ;
#2567 = FACE_OUTER_BOUND ( 'NONE', #3006, .T. ) ;
#2568 = VERTEX_POINT ( 'NONE', #2473 ) ;
#2569 = DIRECTION ( 'NONE',  ( 0.0000000000000000000, -1.000000000000000000, 0.0000000000000000000 ) ) ;
#2570 = CARTESIAN_POINT ( 'NONE',  ( -0.9191653315888517195, 0.8000000000000001554, -0.1943307633760202324 ) ) ;
#2571 = CARTESIAN_POINT ( 'NONE',  ( -1.219999999999999529, 0.7699999999999997957, 0.1499999999999999944 ) ) ;
#2572 = LINE ( 'NONE', #4326, #2563 ) ;
#2573 = LINE ( 'NONE', #3702, #1122 ) ;
#2574 = ORIENTED_EDGE ( 'NONE', *, *, #2233, .T. ) ;
#2575 = LINE ( 'NONE', #2952, #1868 ) ;
#2576 = CARTESIAN_POINT ( 'NONE',  ( 1.106114400788904328, 0.8000000000000001554, -0.08405108951024418962 ) ) ;
#2577 = UNCERTAINTY_MEASURE_WITH_UNIT (LENGTH_MEASURE( 1.000000000000000082E-05 ), #1926, 'distance_accuracy_value', 'NONE');
#2578 = CARTESIAN_POINT ( 'NONE',  ( 0.5682420329999132713, 0.8000000000000004885, -0.1966608038864082475 ) ) ;
#2579 = CARTESIAN_POINT ( 'NONE',  ( -0.1650000000000003131, -1.175000000000000488, 0.0000000000000000000 ) ) ;
#2580 = VERTEX_POINT ( 'NONE', #333 ) ;
#2581 = CARTESIAN_POINT ( 'NONE',  ( 1.419124823942438773, 0.0000000000000000000, -1.500000000000000222 ) ) ;
#2582 = FACE_OUTER_BOUND ( 'NONE', #691, .T. ) ;
#2583 = ADVANCED_FACE ( 'NONE', ( #1370 ), #719, .F. ) ;
#2584 = LINE ( 'NONE', #4211, #4107 ) ;
#2585 = EDGE_CURVE ( 'NONE', #186, #2965, #2060, .T. ) ;
#2586 = PLANE ( 'NONE',  #3059 ) ;
#2587 = ORIENTED_EDGE ( 'NONE', *, *, #1556, .T. ) ;
#2588 = LINE ( 'NONE', #4011, #3965 ) ;
#2589 = DIRECTION ( 'NONE',  ( 1.000000000000000000, 0.0000000000000000000, 0.0000000000000000000 ) ) ;
#2590 = EDGE_CURVE ( 'NONE', #3500, #980, #1765, .T. ) ;
#2591 = PLANE ( 'NONE',  #688 ) ;
#2592 = APPLICATION_CONTEXT ( 'automotive_design' ) ;
#2593 = CARTESIAN_POINT ( 'NONE',  ( 0.0000000000000000000, 0.8000000000000000444, 0.09090909090909095325 ) ) ;
#2594 = VERTEX_POINT ( 'NONE', #997 ) ;
#2595 = CARTESIAN_POINT ( 'NONE',  ( 0.5300000000000003597, 1.175000000000000266, 0.1499999999999999944 ) ) ;
#2596 = CARTESIAN_POINT ( 'NONE',  ( 1.219999999999999751, -0.7699999999999999067, 0.1499999999999999944 ) ) ;
#2597 = CARTESIAN_POINT ( 'NONE',  ( 0.03270649350649357245, 0.8000000000000000444, -0.1798857142857143987 ) ) ;
#2598 = DIRECTION ( 'NONE',  ( -0.0000000000000000000, -0.0000000000000000000, -1.000000000000000000 ) ) ;
#2599 = EDGE_LOOP ( 'NONE', ( #1660, #2354, #661, #2805 ) ) ;
#2600 = FACE_OUTER_BOUND ( 'NONE', #1316, .T. ) ;
#2601 = SURFACE_STYLE_USAGE ( .BOTH. , #2960 ) ;
#2602 = CARTESIAN_POINT ( 'NONE',  ( 1.299999999999999822, -1.100000000000000311, 0.1499999999999999944 ) ) ;
#2603 = EDGE_CURVE ( 'NONE', #1222, #2568, #1644, .T. ) ;
#2604 = FACE_OUTER_BOUND ( 'NONE', #1754, .T. ) ;
#2605 = VECTOR ( 'NONE', #453, 1000.000000000000000 ) ;
#2606 = ORIENTED_EDGE ( 'NONE', *, *, #2722, .T. ) ;
#2607 = PLANE ( 'NONE',  #825 ) ;
#2608 = CARTESIAN_POINT ( 'NONE',  ( 0.6274678756309386429, 0.7999999999999998224, 0.02978120179883370078 ) ) ;
#2609 = COLOUR_RGB ( '',1.000000000000000000, 1.000000000000000000, 1.000000000000000000 ) ;
#2610 = EDGE_CURVE ( 'NONE', #2276, #2341, #3697, .T. ) ;
#2611 = CARTESIAN_POINT ( 'NONE',  ( 0.1649999999999997025, -1.285000000000000586, 0.1499999999999999944 ) ) ;
#2612 = CARTESIAN_POINT ( 'NONE',  ( 1.219999999999999751, -0.7699999999999999067, 0.1499999999999999944 ) ) ;
#2613 = CLOSED_SHELL ( 'NONE', ( #3663, #843, #2407, #3429, #4353, #643 ) ) ;
#2614 = SHAPE_REPRESENTATION_RELATIONSHIP ( 'NONE' , 'NONE' ,  #944, #1445 ) ;
#2615 = CARTESIAN_POINT ( 'NONE',  ( 0.05499999999999984068, 1.285000000000000586, 0.0000000000000000000 ) ) ;
#2616 = VERTEX_POINT ( 'NONE', #2798 ) ;
#2617 = VECTOR ( 'NONE', #146, 1000.000000000000000 ) ;
#2618 = CARTESIAN_POINT ( 'NONE',  ( 0.04203513913679876590, 0.8000000000000000444, -0.08976735925693551943 ) ) ;
#2619 = CARTESIAN_POINT ( 'NONE',  ( 1.106493506493506862, 0.8000000000000000444, -0.09788961038961031813 ) ) ;
#2620 = VECTOR ( 'NONE', #2847, 1000.000000000000000 ) ;
#2621 = UNCERTAINTY_MEASURE_WITH_UNIT (LENGTH_MEASURE( 1.000000000000000082E-05 ), #889, 'distance_accuracy_value', 'NONE');
#2622 = DIRECTION ( 'NONE',  ( 1.000000000000000000, -1.260700200564540584E-16, 0.0000000000000000000 ) ) ;
#2623 =( LENGTH_UNIT ( ) NAMED_UNIT ( * ) SI_UNIT ( .MILLI., .METRE. ) );
#2624 = EDGE_LOOP ( 'NONE', ( #896, #2934, #2152, #3580 ) ) ;
#2625 =( NAMED_UNIT ( * ) SI_UNIT ( $, .STERADIAN. ) SOLID_ANGLE_UNIT ( ) );
#2626 = CARTESIAN_POINT ( 'NONE',  ( 1.007467532467533067, 0.8000000000000002665, -0.04415584415584406647 ) ) ;
#2627 = STYLED_ITEM ( 'NONE', ( #855 ), #4137 ) ;
#2628 = CARTESIAN_POINT ( 'NONE',  ( 0.8623376623376624028, 0.8000000000000000444, 0.0000000000000000000 ) ) ;
#2629 = STYLED_ITEM ( 'NONE', ( #3083 ), #1445 ) ;
#2630 = DIRECTION ( 'NONE',  ( 1.000000000000000000, 0.0000000000000000000, 0.0000000000000000000 ) ) ;
#2631 = ORIENTED_EDGE ( 'NONE', *, *, #676, .T. ) ;
#2632 = PLANE ( 'NONE',  #1733 ) ;
#2633 = CARTESIAN_POINT ( 'NONE',  ( -0.5300000000000004707, -0.1750000000000003220, 0.1499999999999999944 ) ) ;
#2634 = CARTESIAN_POINT ( 'NONE',  ( 0.7062603886947340648, 0.8000000000000001554, 0.09073635741074269345 ) ) ;
#2635 = EDGE_CURVE ( 'NONE', #565, #3360, #4614, .T. ) ;
#2636 = ORIENTED_EDGE ( 'NONE', *, *, #1012, .T. ) ;
#2637 = VERTEX_POINT ( 'NONE', #3564 ) ;
#2638 = DIRECTION ( 'NONE',  ( 7.228014483236692611E-16, -1.000000000000000000, 0.0000000000000000000 ) ) ;
#2639 = EDGE_CURVE ( 'NONE', #2469, #1964, #2363, .T. ) ;
#2640 = EDGE_CURVE ( 'NONE', #4125, #717, #3862, .T. ) ;
#2641 =( NAMED_UNIT ( * ) PLANE_ANGLE_UNIT ( ) SI_UNIT ( $, .RADIAN. ) );
#2642 = CARTESIAN_POINT ( 'NONE',  ( 0.1245324253874980497, 0.8000000000000000444, -0.09329447087469128208 ) ) ;
#2643 = ORIENTED_EDGE ( 'NONE', *, *, #976, .F. ) ;
#2644 = SURFACE_STYLE_USAGE ( .BOTH. , #165 ) ;
#2645 = CARTESIAN_POINT ( 'NONE',  ( 1.093129627015501981, 0.8000000000000002665, -0.04739169145188101145 ) ) ;
#2646 = LINE ( 'NONE', #3087, #1250 ) ;
#2647 = DIRECTION ( 'NONE',  ( -1.000000000000000000, 0.0000000000000000000, 0.0000000000000000000 ) ) ;
#2648 = VERTEX_POINT ( 'NONE', #1065 ) ;
#2649 = CARTESIAN_POINT ( 'NONE',  ( 0.08625085980299387889, 0.8000000000000003775, 0.2050969996008852325 ) ) ;
#2650 = DIRECTION ( 'NONE',  ( 0.0000000000000000000, -1.000000000000000000, 0.0000000000000000000 ) ) ;
#2651 = LINE ( 'NONE', #1941, #3206 ) ;
#2652 = VERTEX_POINT ( 'NONE', #627 ) ;
#2653 = CARTESIAN_POINT ( 'NONE',  ( 0.0000000000000000000, 0.8000000000000000444, 0.0000000000000000000 ) ) ;
#2654 = DIRECTION ( 'NONE',  ( 1.000000000000000000, 1.333035457973980756E-16, 0.0000000000000000000 ) ) ;
#2655 = DIRECTION ( 'NONE',  ( -0.0000000000000000000, -0.0000000000000000000, -1.000000000000000000 ) ) ;
#2656 = EDGE_CURVE ( 'NONE', #1499, #1814, #1697, .T. ) ;
#2657 = ORIENTED_EDGE ( 'NONE', *, *, #3661, .T. ) ;
#2658 = CARTESIAN_POINT ( 'NONE',  ( 0.1402597402597401677, 0.8000000000000002665, -0.01874999999999999584 ) ) ;
#2659 = CARTESIAN_POINT ( 'NONE',  ( 0.1243615085394295106, 0.7999999999999998224, -0.1057126815606729692 ) ) ;
#2660 = EDGE_CURVE ( 'NONE', #1243, #1564, #3512, .T. ) ;
#2661 = CARTESIAN_POINT ( 'NONE',  ( 0.5598167613109924501, 0.8000000000000000444, 0.1980408756082138733 ) ) ;
#2662 = VERTEX_POINT ( 'NONE', #3165 ) ;
#2663 = SURFACE_STYLE_FILL_AREA ( #4105 ) ;
#2664 = ADVANCED_FACE ( 'NONE', ( #3116 ), #4541, .F. ) ;
#2665 = ORIENTED_EDGE ( 'NONE', *, *, #4426, .F. ) ;
#2666 = CARTESIAN_POINT ( 'NONE',  ( 0.6386210918180720286, 0.7999999999999999334, 0.09013186378099001528 ) ) ;
#2667 = VERTEX_POINT ( 'NONE', #1810 ) ;
#2668 = CARTESIAN_POINT ( 'NONE',  ( -1.600000000000000533, 1.099999999999999867, 0.1499999999999999944 ) ) ;
#2669 = DIRECTION ( 'NONE',  ( 0.0000000000000000000, 0.0000000000000000000, -1.000000000000000000 ) ) ;
#2670 = CARTESIAN_POINT ( 'NONE',  ( 0.7428571428571429935, 0.8000000000000000444, 0.0000000000000000000 ) ) ;
#2671 = EDGE_LOOP ( 'NONE', ( #4400, #3473, #272, #4009 ) ) ;
#2672 = CARTESIAN_POINT ( 'NONE',  ( 0.08433139595425585833, 0.7999999999999997113, -0.1999180248123017256 ) ) ;
#2673 = DIRECTION ( 'NONE',  ( 0.0000000000000000000, 0.1736481776669312749, 0.9848077530122079093 ) ) ;
#2674 = CARTESIAN_POINT ( 'NONE',  ( -0.8448471160937576219, 0.8000000000000000444, -0.1271586407345130232 ) ) ;
#2675 = ORIENTED_EDGE ( 'NONE', *, *, #2846, .F. ) ;
#2676 = VECTOR ( 'NONE', #2138, 1000.000000000000000 ) ;
#2677 = ORIENTED_EDGE ( 'NONE', *, *, #3990, .T. ) ;
#2678 = CARTESIAN_POINT ( 'NONE',  ( 0.1853598343457111552, 0.8000000000000001554, 0.02054390040744995954 ) ) ;
#2679 = VECTOR ( 'NONE', #3374, 1000.000000000000000 ) ;
#2680 = COLOUR_RGB ( '',1.000000000000000000, 1.000000000000000000, 1.000000000000000000 ) ;
#2681 = VECTOR ( 'NONE', #1882, 1000.000000000000000 ) ;
#2682 = DIRECTION ( 'NONE',  ( -3.469446951953615372E-15, 1.000000000000000000, 0.0000000000000000000 ) ) ;
#2683 = ORIENTED_EDGE ( 'NONE', *, *, #4405, .F. ) ;
#2684 = CARTESIAN_POINT ( 'NONE',  ( 1.219999999999999751, -0.7699999999999999067, 0.1499999999999999944 ) ) ;
#2685 = CARTESIAN_POINT ( 'NONE',  ( 0.1971694796038248876, 0.7999999999999997113, 0.09073635741074263794 ) ) ;
#2686 = VECTOR ( 'NONE', #3954, 1000.000000000000000 ) ;
#2687 = ADVANCED_FACE ( 'NONE', ( #1483 ), #3241, .F. ) ;
#2688 = VECTOR ( 'NONE', #3681, 1000.000000000000000 ) ;
#2689 = VERTEX_POINT ( 'NONE', #2539 ) ;
#2690 = CARTESIAN_POINT ( 'NONE',  ( 0.05500000000000004191, 1.550000000000000488, 0.0000000000000000000 ) ) ;
#2691 = VECTOR ( 'NONE', #1181, 1000.000000000000114 ) ;
#2692 = EDGE_LOOP ( 'NONE', ( #4553, #3420, #1373, #629 ) ) ;
#2693 = LINE ( 'NONE', #1938, #2617 ) ;
#2694 = CARTESIAN_POINT ( 'NONE',  ( 1.191118489197771968, 0.8000000000000000444, 0.0000000000000000000 ) ) ;
#2695 = ADVANCED_FACE ( 'NONE', ( #4361 ), #768, .F. ) ;
#2696 = AXIS2_PLACEMENT_3D ( 'NONE', #663, #1619, #991 ) ;
#2697 = ADVANCED_FACE ( 'NONE', ( #2582 ), #2190, .F. ) ;
#2698 = CARTESIAN_POINT ( 'NONE',  ( -1.300000000000000266, 1.100000000000000089, 0.0000000000000000000 ) ) ;
#2699 = DIRECTION ( 'NONE',  ( -1.000000000000000000, 0.0000000000000000000, 0.0000000000000000000 ) ) ;
#2700 = VERTEX_POINT ( 'NONE', #3261 ) ;
#2701 = CARTESIAN_POINT ( 'NONE',  ( 1.042435649629946059, 0.7999999999999999334, 0.1175955514079282949 ) ) ;
#2702 = COLOUR_RGB ( '',1.000000000000000000, 1.000000000000000000, 1.000000000000000000 ) ;
#2703 = CARTESIAN_POINT ( 'NONE',  ( -0.9352107238031142078, 0.8000000000000000444, 0.1279377225684496522 ) ) ;
#2704 = CARTESIAN_POINT ( 'NONE',  ( 0.7064147039221299051, 0.8000000000000000444, 0.08187767064140541451 ) ) ;
#2705 = VECTOR ( 'NONE', #1841, 1000.000000000000000 ) ;
#2706 = ORIENTED_EDGE ( 'NONE', *, *, #2379, .T. ) ;
#2707 = ORIENTED_EDGE ( 'NONE', *, *, #2231, .F. ) ;
#2708 = CARTESIAN_POINT ( 'NONE',  ( -0.1649999999999998690, 1.285000000000000586, 0.1499999999999999944 ) ) ;
#2709 = AXIS2_PLACEMENT_3D ( 'NONE', #2509, #1447, #2548 ) ;
#2710 = DIRECTION ( 'NONE',  ( 8.673617379884039416E-16, 1.000000000000000000, 0.0000000000000000000 ) ) ;
#2711 = ORIENTED_EDGE ( 'NONE', *, *, #2954, .T. ) ;
#2712 = SURFACE_STYLE_FILL_AREA ( #3106 ) ;
#2713 = VERTEX_POINT ( 'NONE', #808 ) ;
#2714 = LINE ( 'NONE', #2690, #3493 ) ;
#2715 = ORIENTED_EDGE ( 'NONE', *, *, #762, .T. ) ;
#2716 = CARTESIAN_POINT ( 'NONE',  ( -1.191118489197771746, 0.6000000000000000888, 1.191118489197771746 ) ) ;
#2717 = CARTESIAN_POINT ( 'NONE',  ( 0.9665671202437297049, 0.8000000000000000444, -0.1012962623121753114 ) ) ;
#2718 = CARTESIAN_POINT ( 'NONE',  ( -1.599999999999999867, 0.4500000000000000111, 0.1499999999999999944 ) ) ;
#2719 = ADVANCED_FACE ( 'NONE', ( #1898 ), #2978, .F. ) ;
#2720 = ORIENTED_EDGE ( 'NONE', *, *, #3772, .F. ) ;
#2721 = CARTESIAN_POINT ( 'NONE',  ( 1.023040359370019248, 0.7999999999999999334, 0.1390639470165284663 ) ) ;
#2722 = EDGE_CURVE ( 'NONE', #1386, #2469, #2250, .T. ) ;
#2723 = DIRECTION ( 'NONE',  ( -0.0000000000000000000, 0.0000000000000000000, 1.000000000000000000 ) ) ;
#2724 = CARTESIAN_POINT ( 'NONE',  ( -0.8222213641257929417, 0.7999999999999999334, -0.03627363568219982987 ) ) ;
#2725 = CARTESIAN_POINT ( 'NONE',  ( 0.1286200433916130093, 0.8000000000000003775, -0.1924998112800076766 ) ) ;
#2726 = VERTEX_POINT ( 'NONE', #1548 ) ;
#2727 = EDGE_CURVE ( 'NONE', #1101, #4329, #3326, .T. ) ;
#2728 = ORIENTED_EDGE ( 'NONE', *, *, #2288, .F. ) ;
#2729 = DIRECTION ( 'NONE',  ( 1.000000000000000000, 0.0000000000000000000, 0.0000000000000000000 ) ) ;
#2730 = DIRECTION ( 'NONE',  ( 1.000000000000000000, 0.0000000000000000000, 0.0000000000000000000 ) ) ;
#2731 = DIRECTION ( 'NONE',  ( 0.0000000000000000000, 1.000000000000000000, 0.0000000000000000000 ) ) ;
#2732 = EDGE_LOOP ( 'NONE', ( #3212, #666, #3058, #1557, #1082, #26, #2042, #3587, #3703, #399 ) ) ;
#2733 = PLANE ( 'NONE',  #2484 ) ;
#2734 = CARTESIAN_POINT ( 'NONE',  ( 0.1896598553045055480, 0.7999999999999999334, 0.1279315595111132353 ) ) ;
#2735 = VERTEX_POINT ( 'NONE', #4338 ) ;
#2736 = ORIENTED_EDGE ( 'NONE', *, *, #345, .T. ) ;
#2737 = PLANE ( 'NONE',  #2541 ) ;
#2738 = EDGE_LOOP ( 'NONE', ( #2788, #4181, #2938, #994 ) ) ;
#2739 = PRESENTATION_STYLE_ASSIGNMENT (( #3880 ) ) ;
#2740 = DIRECTION ( 'NONE',  ( -1.000000000000000000, 5.940833821838378259E-16, 0.0000000000000000000 ) ) ;
#2741 = DIRECTION ( 'NONE',  ( -0.1710878697460358755, -0.9702875252478138091, 0.1710878697460358755 ) ) ;
#2742 = ORIENTED_EDGE ( 'NONE', *, *, #38, .F. ) ;
#2743 = CARTESIAN_POINT ( 'NONE',  ( -1.599999999999999867, -1.099999999999999867, 0.0000000000000000000 ) ) ;
#2744 = CARTESIAN_POINT ( 'NONE',  ( -0.05194805194805202087, 0.8000000000000000444, 0.0000000000000000000 ) ) ;
#2745 = CARTESIAN_POINT ( 'NONE',  ( 0.1869432697906856233, 0.8000000000000001554, -0.1034951992245808222 ) ) ;
#2746 = EDGE_CURVE ( 'NONE', #477, #2151, #59, .T. ) ;
#2747 = ORIENTED_EDGE ( 'NONE', *, *, #4292, .F. ) ;
#2748 = CARTESIAN_POINT ( 'NONE',  ( 0.0000000000000000000, 0.8000000000000000444, -0.2000000000000000389 ) ) ;
#2749 = ADVANCED_FACE ( 'NONE', ( #426 ), #3938, .F. ) ;
#2750 = EDGE_CURVE ( 'NONE', #885, #186, #572, .T. ) ;
#2751 = CARTESIAN_POINT ( 'NONE',  ( -1.500000000000000000, 0.0000000000000000000, 1.500000000000000000 ) ) ;
#2752 = VECTOR ( 'NONE', #702, 1000.000000000000000 ) ;
#2753 = VERTEX_POINT ( 'NONE', #3988 ) ;
#2754 = CARTESIAN_POINT ( 'NONE',  ( 1.599999999999999645, -0.4500000000000001776, 0.1499999999999999944 ) ) ;
#2755 = VECTOR ( 'NONE', #3210, 1000.000000000000000 ) ;
#2756 = MECHANICAL_DESIGN_GEOMETRIC_PRESENTATION_REPRESENTATION (  '', ( #3582 ), #3283 ) ;
#2757 = ORIENTED_EDGE ( 'NONE', *, *, #1175, .F. ) ;
#2758 = ORIENTED_EDGE ( 'NONE', *, *, #2525, .F. ) ;
#2759 = DIRECTION ( 'NONE',  ( -0.1710878697460360420, 0.9702875252478136980, 0.1710878697460365971 ) ) ;
#2760 = ORIENTED_EDGE ( 'NONE', *, *, #3176, .F. ) ;
#2761 = FILL_AREA_STYLE ('',( #1738 ) ) ;
#2762 =( GEOMETRIC_REPRESENTATION_CONTEXT ( 3 ) GLOBAL_UNCERTAINTY_ASSIGNED_CONTEXT ( ( #1167 ) ) GLOBAL_UNIT_ASSIGNED_CONTEXT ( ( #4511, #3407, #4110 ) ) REPRESENTATION_CONTEXT ( 'NONE', 'WORKASPACE' ) );
#2763 = VECTOR ( 'NONE', #756, 1000.000000000000000 ) ;
#2764 = CARTESIAN_POINT ( 'NONE',  ( 0.9725327008925959138, 0.8000000000000001554, -0.1187046058335952670 ) ) ;
#2765 = AXIS2_PLACEMENT_3D ( 'NONE', #462, #1538, #4411 ) ;
#2766 = LINE ( 'NONE', #2466, #3050 ) ;
#2767 = CARTESIAN_POINT ( 'NONE',  ( 0.0000000000000000000, 0.6000000000000000888, 1.191118489197771968 ) ) ;
#2768 = ORIENTED_EDGE ( 'NONE', *, *, #98, .F. ) ;
#2769 = CARTESIAN_POINT ( 'NONE',  ( 0.0000000000000000000, 0.0000000000000000000, 0.1499999999999999944 ) ) ;
#2770 = SURFACE_STYLE_USAGE ( .BOTH. , #35 ) ;
#2771 = CARTESIAN_POINT ( 'NONE',  ( -1.300000000000000266, 0.7699999999999997957, 0.1499999999999999944 ) ) ;
#2772 = VECTOR ( 'NONE', #2811, 1000.000000000000000 ) ;
#2773 = CARTESIAN_POINT ( 'NONE',  ( 0.1374324650965129124, 0.8000000000000002665, -0.1880706067192806363 ) ) ;
#2774 = ORIENTED_EDGE ( 'NONE', *, *, #485, .T. ) ;
#2775 = VECTOR ( 'NONE', #3615, 1000.000000000000000 ) ;
#2776 = DIRECTION ( 'NONE',  ( -0.0000000000000000000, -0.0000000000000000000, -1.000000000000000000 ) ) ;
#2777 = ORIENTED_EDGE ( 'NONE', *, *, #3584, .T. ) ;
#2778 = DIRECTION ( 'NONE',  ( 1.000000000000000000, 0.0000000000000000000, -0.0000000000000000000 ) ) ;
#2779 = VECTOR ( 'NONE', #1189, 1000.000000000000000 ) ;
#2780 = AXIS2_PLACEMENT_3D ( 'NONE', #4102, #531, #2333 ) ;
#2781 = B_SPLINE_CURVE_WITH_KNOTS ( 'NONE', 3,
 ( #3527, #1398, #708, #2826, #116, #1472, #2197, #3292, #1207, #1491, #4385 ),
 .UNSPECIFIED., .F., .F.,
 ( 4, 1, 1, 1, 1, 1, 1, 1, 4 ),
 ( 0.0000000000000000000, 0.1080996625941980233, 0.2140244240009857302, 0.3238285809258610870, 0.4429520963415817247, 0.5691591139523557441, 0.7013740436235819109, 0.8440964494625062819, 1.000000000000000000 ),
 .UNSPECIFIED. ) ;
#2782 = CARTESIAN_POINT ( 'NONE',  ( 0.1235833869321229239, 0.8000000000000000444, 0.1151240328851290545 ) ) ;
#2783 = EDGE_CURVE ( 'NONE', #1585, #3573, #2223, .T. ) ;
#2784 = EDGE_LOOP ( 'NONE', ( #675, #247, #296, #3842, #4600, #1205, #4196, #3375 ) ) ;
#2785 = EDGE_CURVE ( 'NONE', #3366, #857, #85, .T. ) ;
#2786 = SURFACE_STYLE_FILL_AREA ( #1355 ) ;
#2787 = VECTOR ( 'NONE', #2647, 1000.000000000000000 ) ;
#2788 = ORIENTED_EDGE ( 'NONE', *, *, #4233, .T. ) ;
#2789 = ORIENTED_EDGE ( 'NONE', *, *, #3631, .F. ) ;
#2790 = FILL_AREA_STYLE_COLOUR ( '', #512 ) ;
#2791 = ORIENTED_EDGE ( 'NONE', *, *, #3480, .T. ) ;
#2792 = DIRECTION ( 'NONE',  ( 1.000000000000000000, 0.0000000000000000000, 0.0000000000000000000 ) ) ;
#2793 = CARTESIAN_POINT ( 'NONE',  ( -1.300000000000000044, 0.5300000000000003597, 0.0000000000000000000 ) ) ;
#2794 =( NAMED_UNIT ( * ) SI_UNIT ( $, .STERADIAN. ) SOLID_ANGLE_UNIT ( ) );
#2795 = EDGE_LOOP ( 'NONE', ( #2046, #544, #1272, #236 ) ) ;
#2796 = CARTESIAN_POINT ( 'NONE',  ( 0.5558441558441558072, 0.8000000000000000444, 0.08571428571428577059 ) ) ;
#2797 = CARTESIAN_POINT ( 'NONE',  ( 0.5300000000000003597, 1.175000000000000266, 0.1499999999999999944 ) ) ;
#2798 = CARTESIAN_POINT ( 'NONE',  ( -0.4831168831168831113, 0.8000000000000000444, 0.1999999999999999833 ) ) ;
#2799 = CARTESIAN_POINT ( 'NONE',  ( -1.169999999999999707, -1.099999999999999867, 0.1499999999999999944 ) ) ;
#2800 = PLANE ( 'NONE',  #2829 ) ;
#2801 = VERTEX_POINT ( 'NONE', #3629 ) ;
#2802 = CARTESIAN_POINT ( 'NONE',  ( -1.300000000000000044, 0.5300000000000003597, 0.1499999999999999944 ) ) ;
#2803 = FACE_OUTER_BOUND ( 'NONE', #2050, .T. ) ;
#2804 = CARTESIAN_POINT ( 'NONE',  ( -1.500000000000000000, 0.6347296355333861273, -1.388080039800213328 ) ) ;
#2805 = ORIENTED_EDGE ( 'NONE', *, *, #3825, .T. ) ;
#2806 = DIRECTION ( 'NONE',  ( 0.0000000000000000000, -1.000000000000000000, 0.0000000000000000000 ) ) ;
#2807 = ADVANCED_FACE ( 'NONE', ( #470 ), #1155, .F. ) ;
#2808 = ORIENTED_EDGE ( 'NONE', *, *, #4549, .F. ) ;
#2809 = ORIENTED_EDGE ( 'NONE', *, *, #319, .T. ) ;
#2810 = EDGE_LOOP ( 'NONE', ( #1734, #583, #4582, #24 ) ) ;
#2811 = DIRECTION ( 'NONE',  ( -0.0000000000000000000, -0.0000000000000000000, -1.000000000000000000 ) ) ;
#2812 = DIRECTION ( 'NONE',  ( 2.168404344971008868E-16, -1.000000000000000000, 0.0000000000000000000 ) ) ;
#2813 = EDGE_CURVE ( 'NONE', #3024, #2155, #4591, .T. ) ;
#2814 = EDGE_CURVE ( 'NONE', #3157, #1061, #4461, .T. ) ;
#2815 = CARTESIAN_POINT ( 'NONE',  ( 1.011514852771573159, 0.8000000000000001554, 0.2050454447442593975 ) ) ;
#2816 = ORIENTED_EDGE ( 'NONE', *, *, #3351, .T. ) ;
#2817 = CARTESIAN_POINT ( 'NONE',  ( -0.1650000000000003131, -1.285000000000000586, 0.1499999999999999944 ) ) ;
#2818 = DIRECTION ( 'NONE',  ( 0.09962114070050859249, 0.0000000000000000000, -0.9950254410443631903 ) ) ;
#2819 = CARTESIAN_POINT ( 'NONE',  ( 0.6894873895004463016, 0.7999999999999999334, -0.1364346279224901981 ) ) ;
#2820 = DIRECTION ( 'NONE',  ( 0.1710878697460358200, -0.9702875252478138091, -0.1710878697460358477 ) ) ;
#2821 = CARTESIAN_POINT ( 'NONE',  ( 0.08847402597402588553, 0.8000000000000000444, 0.1428571428571429047 ) ) ;
#2822 = ORIENTED_EDGE ( 'NONE', *, *, #1149, .F. ) ;
#2823 = DIRECTION ( 'NONE',  ( -1.000000000000000000, 0.0000000000000000000, 0.0000000000000000000 ) ) ;
#2824 = FILL_AREA_STYLE_COLOUR ( '', #2680 ) ;
#2825 = PRODUCT_CONTEXT ( 'NONE', #2834, 'mechanical' ) ;
#2826 = CARTESIAN_POINT ( 'NONE',  ( 0.9877084533764565188, 0.8000000000000003775, 0.02195965404320224246 ) ) ;
#2827 = ORIENTED_EDGE ( 'NONE', *, *, #947, .T. ) ;
#2828 = CARTESIAN_POINT ( 'NONE',  ( 0.0000000000000000000, 0.8000000000000000444, 0.0000000000000000000 ) ) ;
#2829 = AXIS2_PLACEMENT_3D ( 'NONE', #2092, #3167, #1043 ) ;
#2830 = ORIENTED_EDGE ( 'NONE', *, *, #1433, .T. ) ;
#2831 = ORIENTED_EDGE ( 'NONE', *, *, #2063, .F. ) ;
#2832 = CARTESIAN_POINT ( 'NONE',  ( 0.7026647001386792102, 0.7999999999999999334, 0.04258298043062225258 ) ) ;
#2833 = ORIENTED_EDGE ( 'NONE', *, *, #4404, .T. ) ;
#2834 = APPLICATION_CONTEXT ( 'automotive_design' ) ;
#2835 = LINE ( 'NONE', #4586, #2098 ) ;
#2836 = ADVANCED_FACE ( 'NONE', ( #540 ), #4419, .F. ) ;
#2837 = CARTESIAN_POINT ( 'NONE',  ( 1.106493506493506862, 0.8000000000000000444, -0.09788961038961031813 ) ) ;
#2838 = COLOUR_RGB ( '',0.1019607843137254888, 0.1019607843137254888, 0.1019607843137254888 ) ;
#2839 = AXIS2_PLACEMENT_3D ( 'NONE', #4023, #383, #3967 ) ;
#2840 = CARTESIAN_POINT ( 'NONE',  ( 1.048310349335029867, 0.8000000000000004885, 0.1972465028475804127 ) ) ;
#2841 = PRESENTATION_LAYER_ASSIGNMENT (  '', '', ( #218 ) ) ;
#2842 = DIRECTION ( 'NONE',  ( 1.084202172485504434E-15, -1.000000000000000000, 0.0000000000000000000 ) ) ;
#2843 = VECTOR ( 'NONE', #132, 1000.000000000000000 ) ;
#2844 = CARTESIAN_POINT ( 'NONE',  ( -0.9007486865722977853, 0.7999999999999998224, 0.1011111279501374222 ) ) ;
#2845 = CARTESIAN_POINT ( 'NONE',  ( -1.500000000000000222, 0.0000000000000000000, 1.419124823942438773 ) ) ;
#2846 = EDGE_CURVE ( 'NONE', #2903, #481, #2693, .T. ) ;
#2847 = DIRECTION ( 'NONE',  ( 0.0000000000000000000, 1.000000000000000000, 0.0000000000000000000 ) ) ;
#2848 = EDGE_CURVE ( 'NONE', #3369, #3041, #511, .T. ) ;
#2849 = LINE ( 'NONE', #2430, #4167 ) ;
#2850 = ORIENTED_EDGE ( 'NONE', *, *, #2963, .F. ) ;
#2851 = CARTESIAN_POINT ( 'NONE',  ( -0.8270596372116830741, 0.8000000000000002665, 0.07387777865278741252 ) ) ;
#2852 = PLANE ( 'NONE',  #890 ) ;
#2853 = COLOUR_RGB ( '',1.000000000000000000, 1.000000000000000000, 1.000000000000000000 ) ;
#2854 = CARTESIAN_POINT ( 'NONE',  ( 1.599999999999999645, -0.4500000000000001776, 0.0000000000000000000 ) ) ;
#2855 = PLANE ( 'NONE',  #1879 ) ;
#2856 = DIRECTION ( 'NONE',  ( 1.000000000000000000, -0.0000000000000000000, -0.0000000000000000000 ) ) ;
#2857 = ORIENTED_EDGE ( 'NONE', *, *, #2091, .F. ) ;
#2858 = CIRCLE ( 'NONE', #3439, 0.2000000000000001499 ) ;
#2859 = AXIS2_PLACEMENT_3D ( 'NONE', #2890, #1153, #1850 ) ;
#2860 = EDGE_LOOP ( 'NONE', ( #4519, #3231, #1434, #1198 ) ) ;
#2861 = CARTESIAN_POINT ( 'NONE',  ( 0.5823538943195675222, 0.8000000000000001554, 0.1394214192516665674 ) ) ;
#2862 = CARTESIAN_POINT ( 'NONE',  ( 0.7056413468614556317, 0.8000000000000001554, 0.05924256348622934654 ) ) ;
#2863 = ORIENTED_EDGE ( 'NONE', *, *, #1549, .F. ) ;
#2864 = CARTESIAN_POINT ( 'NONE',  ( 0.06915584415584406786, 0.8000000000000000444, -0.04935064935064934627 ) ) ;
#2865 = UNCERTAINTY_MEASURE_WITH_UNIT (LENGTH_MEASURE( 1.000000000000000082E-05 ), #3861, 'distance_accuracy_value', 'NONE');
#2866 = CARTESIAN_POINT ( 'NONE',  ( 0.05499999999999976436, -1.550000000000000488, 0.1499999999999999944 ) ) ;
#2867 = ORIENTED_EDGE ( 'NONE', *, *, #2610, .F. ) ;
#2868 = LINE ( 'NONE', #3115, #1204 ) ;
#2869 = CARTESIAN_POINT ( 'NONE',  ( 0.9040442392414300699, 0.7999999999999999334, -0.09271064685253729842 ) ) ;
#2870 = CARTESIAN_POINT ( 'NONE',  ( 0.9543395106947509809, 0.8000000000000000444, 0.1927001711309083709 ) ) ;
#2871 = EDGE_CURVE ( 'NONE', #2130, #2700, #3021, .T. ) ;
#2872 = FACE_OUTER_BOUND ( 'NONE', #1310, .T. ) ;
#2873 = ORIENTED_EDGE ( 'NONE', *, *, #4206, .T. ) ;
#2874 = DIRECTION ( 'NONE',  ( 1.000000000000000000, 0.0000000000000000000, 0.0000000000000000000 ) ) ;
#2875 = CARTESIAN_POINT ( 'NONE',  ( 0.05499999999999976436, -1.550000000000000488, 0.1499999999999999944 ) ) ;
#2876 = EDGE_CURVE ( 'NONE', #2616, #548, #4440, .T. ) ;
#2877 = CARTESIAN_POINT ( 'NONE',  ( 0.5511260482277080541, 0.8000000000000000444, -0.08976735925693550555 ) ) ;
#2878 = DIRECTION ( 'NONE',  ( -1.000000000000000000, 0.0000000000000000000, 0.0000000000000000000 ) ) ;
#2879 = ORIENTED_EDGE ( 'NONE', *, *, #3714, .F. ) ;
#2880 = CARTESIAN_POINT ( 'NONE',  ( 0.6958953386096050631, 0.7999999999999999334, -0.1096475799973408299 ) ) ;
#2881 = EDGE_LOOP ( 'NONE', ( #3160, #4559, #586, #901 ) ) ;
#2882 = ORIENTED_EDGE ( 'NONE', *, *, #3037, .T. ) ;
#2883 = CARTESIAN_POINT ( 'NONE',  ( 1.299999999999999822, -0.8500000000000000888, 0.0000000000000000000 ) ) ;
#2884 = CARTESIAN_POINT ( 'NONE',  ( 1.599999999999999645, -0.4500000000000001776, 0.1499999999999999944 ) ) ;
#2885 = EDGE_LOOP ( 'NONE', ( #3044, #1515, #800, #1330 ) ) ;
#2886 = SURFACE_STYLE_FILL_AREA ( #3274 ) ;
#2887 = CARTESIAN_POINT ( 'NONE',  ( 0.09200070663359358192, 0.8000000000000002665, -0.05175024686478905955 ) ) ;
#2888 = FACE_BOUND ( 'NONE', #469, .T. ) ;
#2889 = ORIENTED_EDGE ( 'NONE', *, *, #339, .F. ) ;
#2890 = CARTESIAN_POINT ( 'NONE',  ( -1.191118489197771746, 0.5999999999999999778, -1.191118489197771302 ) ) ;
#2891 = CARTESIAN_POINT ( 'NONE',  ( 1.599999999999998979, 0.1999999999999998723, 0.1499999999999999944 ) ) ;
#2892 = DIRECTION ( 'NONE',  ( -1.000000000000000000, 0.0000000000000000000, 0.0000000000000000000 ) ) ;
#2893 = DIRECTION ( 'NONE',  ( 1.000000000000000000, -1.355252715606869696E-15, -0.0000000000000000000 ) ) ;
#2894 = B_SPLINE_CURVE_WITH_KNOTS ( 'NONE', 3,
 ( #2038, #1675, #3414, #591, #2299, #1621, #4520, #3461, #566, #4467, #1988, #3392, #3376, #4445, #2371, #3438, #1695, #2672, #1944 ),
 .UNSPECIFIED., .F., .F.,
 ( 4, 1, 1, 1, 1, 1, 1, 1, 1, 1, 1, 1, 1, 1, 1, 1, 4 ),
 ( 0.0000000000000000000, 0.08274303077418707075, 0.1607648147147669182, 0.2339735719340254871, 0.3032020836224730287, 0.3684134087851744788, 0.4302918982837581896, 0.4892254981802076075, 0.5462801477675792716, 0.6017754552499446907, 0.6565375029511892890, 0.7112445041841397586, 0.7662490148335416862, 0.8218776296407478421, 0.8792723176394586782, 0.9383165830672377528, 1.000000000000000000 ),
 .UNSPECIFIED. ) ;
#2895 = DIRECTION ( 'NONE',  ( 0.0000000000000000000, 0.0000000000000000000, -1.000000000000000000 ) ) ;
#2896 = EDGE_LOOP ( 'NONE', ( #4249, #3537, #3911, #2015 ) ) ;
#2897 = CARTESIAN_POINT ( 'NONE',  ( 1.299999999999999822, -0.2000000000000002609, 0.1499999999999999944 ) ) ;
#2898 = CARTESIAN_POINT ( 'NONE',  ( 0.09172391129131420018, 0.8000000000000001554, 0.01318956991923376024 ) ) ;
#2899 = EDGE_CURVE ( 'NONE', #1427, #709, #1236, .T. ) ;
#2900 = SURFACE_STYLE_USAGE ( .BOTH. , #4054 ) ;
#2901 = PLANE ( 'NONE',  #3977 ) ;
#2902 = DIRECTION ( 'NONE',  ( 1.000000000000000000, -1.355252715606869696E-15, -0.0000000000000000000 ) ) ;
#2903 = VERTEX_POINT ( 'NONE', #3409 ) ;
#2904 = EDGE_CURVE ( 'NONE', #2726, #3107, #214, .T. ) ;
#2905 = ADVANCED_FACE ( 'NONE', ( #3067 ), #4488, .T. ) ;
#2906 = ORIENTED_EDGE ( 'NONE', *, *, #1608, .F. ) ;
#2907 = DIRECTION ( 'NONE',  ( 0.0000000000000000000, -1.000000000000000000, 0.0000000000000000000 ) ) ;
#2908 = ORIENTED_EDGE ( 'NONE', *, *, #4062, .F. ) ;
#2909 = DIRECTION ( 'NONE',  ( 1.000000000000000000, 0.0000000000000000000, -0.0000000000000000000 ) ) ;
#2910 = AXIS2_PLACEMENT_3D ( 'NONE', #355, #4216, #1369 ) ;
#2911 = CARTESIAN_POINT ( 'NONE',  ( 0.5292021603030941934, 0.8000000000000004885, -0.1753974051945930146 ) ) ;
#2912 = ORIENTED_EDGE ( 'NONE', *, *, #570, .F. ) ;
#2913 = CARTESIAN_POINT ( 'NONE',  ( -1.600000000000000533, 1.099999999999999867, 0.0000000000000000000 ) ) ;
#2914 = DIRECTION ( 'NONE',  ( 0.0000000000000000000, -1.000000000000000000, 0.0000000000000000000 ) ) ;
#2915 = CARTESIAN_POINT ( 'NONE',  ( -0.1650000000000003131, -1.175000000000000488, 0.1499999999999999944 ) ) ;
#2916 = AXIS2_PLACEMENT_3D ( 'NONE', #1408, #4537, #3857 ) ;
#2917 = CARTESIAN_POINT ( 'NONE',  ( 0.8989548527592361449, 0.7999999999999997113, 0.09841555613769395472 ) ) ;
#2918 = DIRECTION ( 'NONE',  ( 0.0000000000000000000, -1.000000000000000000, 0.0000000000000000000 ) ) ;
#2919 = VERTEX_POINT ( 'NONE', #4051 ) ;
#2920 = CARTESIAN_POINT ( 'NONE',  ( -1.303038449397558418, 0.0000000000000000000, -1.500000000000000000 ) ) ;
#2921 = CARTESIAN_POINT ( 'NONE',  ( -0.9537752326049226959, 0.7999999999999999334, -0.1994299655733747512 ) ) ;
#2922 = VECTOR ( 'NONE', #2731, 1000.000000000000000 ) ;
#2923 = VECTOR ( 'NONE', #1141, 1000.000000000000000 ) ;
#2924 = VECTOR ( 'NONE', #47, 1000.000000000000000 ) ;
#2925 = PRODUCT_DEFINITION ( 'UNKNOWN', '', #2943, #1544 ) ;
#2926 = LINE ( 'NONE', #1446, #1657 ) ;
#2927 = CARTESIAN_POINT ( 'NONE',  ( 0.1650000000000001465, 1.285000000000000586, 0.0000000000000000000 ) ) ;
#2928 = STYLED_ITEM ( 'NONE', ( #2739 ), #3033 ) ;
#2929 = EDGE_CURVE ( 'NONE', #1056, #4057, #851, .T. ) ;
#2930 = VECTOR ( 'NONE', #1333, 1000.000000000000000 ) ;
#2931 = EDGE_CURVE ( 'NONE', #862, #2106, #1425, .T. ) ;
#2932 = CARTESIAN_POINT ( 'NONE',  ( 0.6279422806323007311, 0.7999999999999999334, -0.1209991133445457168 ) ) ;
#2933 = DIRECTION ( 'NONE',  ( -1.000000000000000000, -1.333035457973980756E-16, -0.0000000000000000000 ) ) ;
#2934 = ORIENTED_EDGE ( 'NONE', *, *, #701, .F. ) ;
#2935 = VECTOR ( 'NONE', #3186, 1000.000000000000000 ) ;
#2936 = DIRECTION ( 'NONE',  ( 0.0000000000000000000, -0.1736481776669307753, -0.9848077530122080203 ) ) ;
#2937 =( NAMED_UNIT ( * ) SI_UNIT ( $, .STERADIAN. ) SOLID_ANGLE_UNIT ( ) );
#2938 = ORIENTED_EDGE ( 'NONE', *, *, #1672, .T. ) ;
#2939 = CARTESIAN_POINT ( 'NONE',  ( 1.599999999999999867, -0.8500000000000001998, 0.0000000000000000000 ) ) ;
#2940 = AXIS2_PLACEMENT_3D ( 'NONE', #1452, #1887, #3623 ) ;
#2941 = CARTESIAN_POINT ( 'NONE',  ( -1.388080039800213328, 0.6347296355333861273, 1.500000000000000000 ) ) ;
#2942 = CARTESIAN_POINT ( 'NONE',  ( 0.5919971959064878053, 0.8000000000000000444, 0.01315652421288934261 ) ) ;
#2943 = PRODUCT_DEFINITION_FORMATION_WITH_SPECIFIED_SOURCE ( 'ANY', '', #114, .NOT_KNOWN. ) ;
#2944 = DIRECTION ( 'NONE',  ( -8.673617379884035472E-16, 1.000000000000000000, -0.0000000000000000000 ) ) ;
#2945 = ORIENTED_EDGE ( 'NONE', *, *, #4035, .T. ) ;
#2946 = DIRECTION ( 'NONE',  ( 1.000000000000000000, 0.0000000000000000000, 0.0000000000000000000 ) ) ;
#2947 = LINE ( 'NONE', #1883, #751 ) ;
#2948 = LINE ( 'NONE', #4367, #3507 ) ;
#2949 = SURFACE_SIDE_STYLE ('',( #3232 ) ) ;
#2950 = DIRECTION ( 'NONE',  ( -0.0000000000000000000, 0.0000000000000000000, -1.000000000000000000 ) ) ;
#2951 = ORIENTED_EDGE ( 'NONE', *, *, #4377, .T. ) ;
#2952 = CARTESIAN_POINT ( 'NONE',  ( -0.05499999999999997946, -1.285000000000000586, 0.0000000000000000000 ) ) ;
#2953 = FACE_OUTER_BOUND ( 'NONE', #3750, .T. ) ;
#2954 = EDGE_CURVE ( 'NONE', #2072, #857, #3111, .T. ) ;
#2955 = FACE_BOUND ( 'NONE', #1419, .T. ) ;
#2956 = CARTESIAN_POINT ( 'NONE',  ( 0.2891233766233765046, 0.8000000000000000444, 0.2000000000000000389 ) ) ;
#2957 = ORIENTED_EDGE ( 'NONE', *, *, #2727, .T. ) ;
#2958 = CARTESIAN_POINT ( 'NONE',  ( 0.6337662337662338663, 0.7999999999999999334, -0.09691558441558435766 ) ) ;
#2959 = B_SPLINE_CURVE_WITH_KNOTS ( 'NONE', 3,
 ( #1126, #3995, #2240, #1475, #2932, #757, #4304, #1537, #1163, #1145, #1865 ),
 .UNSPECIFIED., .F., .F.,
 ( 4, 1, 1, 1, 1, 1, 1, 1, 4 ),
 ( 0.0000000000000000000, 0.1424784121209473897, 0.2732037946192441003, 0.3945864827622330706, 0.5147545331308882588, 0.6339295835856002537, 0.7507431227064530477, 0.8715641172540008474, 1.000000000000000000 ),
 .UNSPECIFIED. ) ;
#2960 = SURFACE_SIDE_STYLE ('',( #1172 ) ) ;
#2961 = PLANE ( 'NONE',  #3069 ) ;
#2962 = EDGE_CURVE ( 'NONE', #4585, #4224, #3133, .T. ) ;
#2963 = EDGE_CURVE ( 'NONE', #526, #3107, #2835, .T. ) ;
#2964 = CARTESIAN_POINT ( 'NONE',  ( -0.2490778020167130347, 0.8000000000000000444, 0.1282096009165334949 ) ) ;
#2965 = VERTEX_POINT ( 'NONE', #4535 ) ;
#2966 = CARTESIAN_POINT ( 'NONE',  ( 1.169999999999999485, 0.8499999999999998668, 0.1499999999999999944 ) ) ;
#2967 = CARTESIAN_POINT ( 'NONE',  ( 0.5756006541433762447, 0.8000000000000002665, 0.1346063031939371546 ) ) ;
#2968 = LINE ( 'NONE', #2214, #2691 ) ;
#2969 = CARTESIAN_POINT ( 'NONE',  ( 0.2943181818181816456, 0.8000000000000000444, -0.09090909090909086998 ) ) ;
#2970 = CARTESIAN_POINT ( 'NONE',  ( 1.299999999999999822, -0.8500000000000000888, 0.1499999999999999944 ) ) ;
#2971 = ORIENTED_EDGE ( 'NONE', *, *, #2639, .F. ) ;
#2972 = PLANE ( 'NONE',  #3430 ) ;
#2973 = CARTESIAN_POINT ( 'NONE',  ( 1.080471347773571900, 0.7999999999999999334, 0.0008197669578769208867 ) ) ;
#2974 = DIRECTION ( 'NONE',  ( 0.1710878697460358200, 0.9702875252478138091, 0.1710878697460358477 ) ) ;
#2975 = CARTESIAN_POINT ( 'NONE',  ( -1.599999999999999867, -0.8499999999999998668, 0.1499999999999999944 ) ) ;
#2976 = EDGE_CURVE ( 'NONE', #325, #3533, #1387, .T. ) ;
#2977 = LINE ( 'NONE', #2941, #216 ) ;
#2978 = PLANE ( 'NONE',  #1417 ) ;
#2979 = FACE_OUTER_BOUND ( 'NONE', #966, .T. ) ;
#2980 = CARTESIAN_POINT ( 'NONE',  ( 1.169999999999999485, 0.1999999999999999556, 0.1499999999999999944 ) ) ;
#2981 = VECTOR ( 'NONE', #3286, 1000.000000000000000 ) ;
#2982 = EDGE_CURVE ( 'NONE', #4255, #565, #3477, .T. ) ;
#2983 = ORIENTED_EDGE ( 'NONE', *, *, #1406, .F. ) ;
#2984 = EDGE_CURVE ( 'NONE', #1133, #1257, #4256, .T. ) ;
#2985 = DIRECTION ( 'NONE',  ( 1.000000000000000000, -0.0000000000000000000, -0.0000000000000000000 ) ) ;
#2986 = DIRECTION ( 'NONE',  ( 0.0000000000000000000, -1.000000000000000000, 0.0000000000000000000 ) ) ;
#2987 = VECTOR ( 'NONE', #1985, 1000.000000000000000 ) ;
#2988 = VECTOR ( 'NONE', #2088, 999.9999999999998863 ) ;
#2989 = ORIENTED_EDGE ( 'NONE', *, *, #4549, .T. ) ;
#2990 = ORIENTED_EDGE ( 'NONE', *, *, #883, .T. ) ;
#2991 = AXIS2_PLACEMENT_3D ( 'NONE', #2802, #4295, #3917 ) ;
#2992 = CIRCLE ( 'NONE', #4179, 0.2000000000000000944 ) ;
#2993 = CARTESIAN_POINT ( 'NONE',  ( -0.5300000000000004707, -0.1750000000000003220, 0.0000000000000000000 ) ) ;
#2994 = ORIENTED_EDGE ( 'NONE', *, *, #570, .T. ) ;
#2995 = MECHANICAL_DESIGN_GEOMETRIC_PRESENTATION_REPRESENTATION (  '', ( #1351 ), #525 ) ;
#2996 = CARTESIAN_POINT ( 'NONE',  ( 1.599999999999999201, 0.4499999999999997891, 0.1499999999999999944 ) ) ;
#2997 = CARTESIAN_POINT ( 'NONE',  ( 1.220990545077581979, 0.4305871525742268613, -1.220990545077582423 ) ) ;
#2998 = AXIS2_PLACEMENT_3D ( 'NONE', #3470, #273, #3848 ) ;
#2999 = DIRECTION ( 'NONE',  ( -1.000000000000000000, 0.0000000000000000000, 0.0000000000000000000 ) ) ;
#3000 = ORIENTED_EDGE ( 'NONE', *, *, #893, .F. ) ;
#3001 = CARTESIAN_POINT ( 'NONE',  ( 0.05990213498626284494, 0.8000000000000000444, 0.2012245799842884986 ) ) ;
#3002 = VECTOR ( 'NONE', #657, 1000.000000000000000 ) ;
#3003 = EDGE_CURVE ( 'NONE', #4224, #3481, #2391, .T. ) ;
#3004 = VECTOR ( 'NONE', #83, 1000.000000000000000 ) ;
#3005 = CARTESIAN_POINT ( 'NONE',  ( -1.191118489197771968, 0.6347296355333861273, -1.388080039800213328 ) ) ;
#3006 = EDGE_LOOP ( 'NONE', ( #1147, #4049, #1571, #2433 ) ) ;
#3007 = PLANE ( 'NONE',  #4336 ) ;
#3008 = DIRECTION ( 'NONE',  ( 8.673617379884039416E-16, 1.000000000000000000, 0.0000000000000000000 ) ) ;
#3009 = EDGE_CURVE ( 'NONE', #288, #1133, #640, .T. ) ;
#3010 = EDGE_LOOP ( 'NONE', ( #1669, #3395, #4393, #882 ) ) ;
#3011 = LINE ( 'NONE', #2611, #2688 ) ;
#3012 = APPLICATION_CONTEXT ( 'automotive_design' ) ;
#3013 = CARTESIAN_POINT ( 'NONE',  ( 0.9038961038961041972, 0.7999999999999999334, -0.09740259740259735177 ) ) ;
#3014 = EDGE_CURVE ( 'NONE', #481, #3391, #2053, .T. ) ;
#3015 = DIRECTION ( 'NONE',  ( 1.000000000000000000, 0.0000000000000000000, 0.0000000000000000000 ) ) ;
#3016 = EDGE_LOOP ( 'NONE', ( #4271, #18, #1687, #1054 ) ) ;
#3017 = ORIENTED_EDGE ( 'NONE', *, *, #926, .F. ) ;
#3018 = FACE_OUTER_BOUND ( 'NONE', #2624, .T. ) ;
#3019 = DIRECTION ( 'NONE',  ( -0.0000000000000000000, -0.0000000000000000000, -1.000000000000000000 ) ) ;
#3020 = ORIENTED_EDGE ( 'NONE', *, *, #1251, .T. ) ;
#3021 = LINE ( 'NONE', #172, #3884 ) ;
#3022 = CARTESIAN_POINT ( 'NONE',  ( 0.05499999999999976436, -1.550000000000000488, 0.0000000000000000000 ) ) ;
#3023 = CARTESIAN_POINT ( 'NONE',  ( 0.5900946117549760173, 0.8000000000000000444, -0.04951928300268738925 ) ) ;
#3024 = VERTEX_POINT ( 'NONE', #1690 ) ;
#3025 = CARTESIAN_POINT ( 'NONE',  ( 0.0000000000000000000, 0.8000000000000000444, 0.0000000000000000000 ) ) ;
#3026 = CARTESIAN_POINT ( 'NONE',  ( 1.219999999999999751, -0.7699999999999999067, 0.0000000000000000000 ) ) ;
#3027 = CARTESIAN_POINT ( 'NONE',  ( 0.6492432961474150499, 0.8000000000000000444, 0.1911884457882110366 ) ) ;
#3028 = ORIENTED_EDGE ( 'NONE', *, *, #3244, .F. ) ;
#3029 = ORIENTED_EDGE ( 'NONE', *, *, #1609, .F. ) ;
#3030 = CARTESIAN_POINT ( 'NONE',  ( 1.191118489197771968, 0.8000000000000000444, -1.191118489197771968 ) ) ;
#3031 = ADVANCED_FACE ( 'NONE', ( #350 ), #4561, .T. ) ;
#3032 = B_SPLINE_CURVE_WITH_KNOTS ( 'NONE', 3,
 ( #1179, #4012, #1816, #4366, #813, #2608, #431, #2229, #3289, #3657, #4382 ),
 .UNSPECIFIED., .F., .F.,
 ( 4, 1, 1, 1, 1, 1, 1, 1, 4 ),
 ( 0.0000000000000000000, 0.1673861978402895467, 0.3175069701829471014, 0.4541492594670051841, 0.5810943830083256101, 0.6968750927347352464, 0.8022517942932877455, 0.9004566555579892606, 1.000000000000000000 ),
 .UNSPECIFIED. ) ;
#3033 = MANIFOLD_SOLID_BREP ( 'Boss-Extrude1[3]', #2613 ) ;
#3034 = DIRECTION ( 'NONE',  ( 1.000000000000000000, 0.0000000000000000000, 0.0000000000000000000 ) ) ;
#3035 = EDGE_CURVE ( 'NONE', #262, #717, #662, .T. ) ;
#3036 = ORIENTED_EDGE ( 'NONE', *, *, #2982, .F. ) ;
#3037 = EDGE_CURVE ( 'NONE', #3391, #3555, #3908, .T. ) ;
#3038 = VERTEX_POINT ( 'NONE', #1311 ) ;
#3039 = CARTESIAN_POINT ( 'NONE',  ( 1.599999999999999867, -0.8500000000000001998, 0.1499999999999999944 ) ) ;
#3040 =( NAMED_UNIT ( * ) PLANE_ANGLE_UNIT ( ) SI_UNIT ( $, .RADIAN. ) );
#3041 = VERTEX_POINT ( 'NONE', #4158 ) ;
#3042 = DIRECTION ( 'NONE',  ( 1.807003620809174632E-16, 1.000000000000000000, -0.0000000000000000000 ) ) ;
#3043 = CARTESIAN_POINT ( 'NONE',  ( 1.039079055996759537, 0.7999999999999998224, -0.1960058986363225064 ) ) ;
#3044 = ORIENTED_EDGE ( 'NONE', *, *, #1862, .T. ) ;
#3045 = CARTESIAN_POINT ( 'NONE',  ( 1.303038449397558418, 0.0000000000000000000, 1.500000000000000000 ) ) ;
#3046 = CARTESIAN_POINT ( 'NONE',  ( -1.169999999999999929, -0.8499999999999998668, 0.0000000000000000000 ) ) ;
#3047 = CARTESIAN_POINT ( 'NONE',  ( 1.016704445906480903, 0.8000000000000001554, -0.1372913611032819947 ) ) ;
#3048 = ORIENTED_EDGE ( 'NONE', *, *, #3614, .T. ) ;
#3049 = ORIENTED_EDGE ( 'NONE', *, *, #4602, .T. ) ;
#3050 = VECTOR ( 'NONE', #2495, 1000.000000000000000 ) ;
#3051 = AXIS2_PLACEMENT_3D ( 'NONE', #2195, #414, #2589 ) ;
#3052 = PRODUCT_RELATED_PRODUCT_CATEGORY ( 'part', '', ( #327 ) ) ;
#3053 = B_SPLINE_CURVE_WITH_KNOTS ( 'NONE', 3,
 ( #2864, #31, #4285, #2887, #3608, #2463, #401 ),
 .UNSPECIFIED., .F., .F.,
 ( 4, 1, 1, 1, 4 ),
 ( 0.0000000000000000000, 0.2808356210569323830, 0.5364793245084764628, 0.7722880091023520688, 1.000000000000000000 ),
 .UNSPECIFIED. ) ;
#3054 =( GEOMETRIC_REPRESENTATION_CONTEXT ( 3 ) GLOBAL_UNCERTAINTY_ASSIGNED_CONTEXT ( ( #4436 ) ) GLOBAL_UNIT_ASSIGNED_CONTEXT ( ( #1638, #3040, #3501 ) ) REPRESENTATION_CONTEXT ( 'NONE', 'WORKASPACE' ) );
#3055 = VECTOR ( 'NONE', #2120, 1000.000000000000000 ) ;
#3056 = SURFACE_STYLE_USAGE ( .BOTH. , #577 ) ;
#3057 = CARTESIAN_POINT ( 'NONE',  ( -0.2805194805194805019, 0.8000000000000000444, -0.2000000000000000389 ) ) ;
#3058 = ORIENTED_EDGE ( 'NONE', *, *, #1500, .F. ) ;
#3059 = AXIS2_PLACEMENT_3D ( 'NONE', #89, #4315, #794 ) ;
#3060 = EDGE_CURVE ( 'NONE', #2801, #1585, #3811, .T. ) ;
#3061 = EDGE_CURVE ( 'NONE', #2713, #1758, #3235, .T. ) ;
#3062 = MANIFOLD_SOLID_BREP ( 'Boss-Extrude1[5]', #3653 ) ;
#3063 = VECTOR ( 'NONE', #619, 1000.000000000000000 ) ;
#3064 = ORIENTED_EDGE ( 'NONE', *, *, #204, .F. ) ;
#3065 = DIRECTION ( 'NONE',  ( -1.000000000000000000, 0.0000000000000000000, 0.0000000000000000000 ) ) ;
#3066 = VERTEX_POINT ( 'NONE', #1827 ) ;
#3067 = FACE_OUTER_BOUND ( 'NONE', #3381, .T. ) ;
#3068 = CARTESIAN_POINT ( 'NONE',  ( 1.005420112650085906, 0.8000000000000002665, -0.1375453075832770433 ) ) ;
#3069 = AXIS2_PLACEMENT_3D ( 'NONE', #148, #4052, #4397 ) ;
#3070 = ADVANCED_FACE ( 'NONE', ( #102 ), #1501, .F. ) ;
#3071 = CARTESIAN_POINT ( 'NONE',  ( 1.299999999999999822, -1.100000000000000311, 0.1499999999999999944 ) ) ;
#3072 = LINE ( 'NONE', #1151, #369 ) ;
#3073 = EDGE_LOOP ( 'NONE', ( #3179, #1228, #1348, #1837 ) ) ;
#3074 = CARTESIAN_POINT ( 'NONE',  ( 1.014707264457472613, 0.8000000000000001554, 0.1423659618708651431 ) ) ;
#3075 = VECTOR ( 'NONE', #1910, 1000.000000000000000 ) ;
#3076 = CARTESIAN_POINT ( 'NONE',  ( 0.6095302804153338583, 0.8000000000000000444, 0.2048729079617184201 ) ) ;
#3077 = CARTESIAN_POINT ( 'NONE',  ( 0.01516321516321517127, 0.8000000000000000444, 0.09097929097929099984 ) ) ;
#3078 = MECHANICAL_DESIGN_GEOMETRIC_PRESENTATION_REPRESENTATION (  '', ( #2629 ), #3228 ) ;
#3079 = ORIENTED_EDGE ( 'NONE', *, *, #2848, .F. ) ;
#3080 = ORIENTED_EDGE ( 'NONE', *, *, #2962, .T. ) ;
#3081 = FACE_OUTER_BOUND ( 'NONE', #765, .T. ) ;
#3082 = CARTESIAN_POINT ( 'NONE',  ( 1.001646309646871069, 0.7999999999999999334, -0.1999332442650730846 ) ) ;
#3083 = PRESENTATION_STYLE_ASSIGNMENT (( #1562 ) ) ;
#3084 = CARTESIAN_POINT ( 'NONE',  ( 0.06357760463473438595, 0.8000000000000000444, 0.006365338247100943772 ) ) ;
#3085 = ORIENTED_EDGE ( 'NONE', *, *, #1433, .F. ) ;
#3086 = EDGE_LOOP ( 'NONE', ( #4208, #1742, #533, #2194 ) ) ;
#3087 = CARTESIAN_POINT ( 'NONE',  ( -0.05499999999999997252, 1.550000000000000488, 0.1499999999999999944 ) ) ;
#3088 = VERTEX_POINT ( 'NONE', #759 ) ;
#3089 = CARTESIAN_POINT ( 'NONE',  ( 1.024109372689349318, 0.8000000000000002665, -0.04697683959890477240 ) ) ;
#3090 = ADVANCED_FACE ( 'NONE', ( #1454 ), #3204, .F. ) ;
#3091 = CARTESIAN_POINT ( 'NONE',  ( 0.9689353384008180248, 0.8000000000000000444, -0.1105172493684592611 ) ) ;
#3092 = DIRECTION ( 'NONE',  ( -0.1710878697460358477, 0.9702875252478138091, 0.1710878697460358200 ) ) ;
#3093 = PLANE ( 'NONE',  #4324 ) ;
#3094 = ORIENTED_EDGE ( 'NONE', *, *, #1100, .T. ) ;
#3095 = CARTESIAN_POINT ( 'NONE',  ( 1.500000000000000000, 0.0000000000000000000, 1.303038449397558418 ) ) ;
#3096 = CARTESIAN_POINT ( 'NONE',  ( -0.8377648248088774841, 0.7999999999999999334, -0.1103604619379074253 ) ) ;
#3097 = EDGE_CURVE ( 'NONE', #2667, #4439, #2575, .T. ) ;
#3098 = MANIFOLD_SOLID_BREP ( 'Boss-Extrude1[6]', #3876 ) ;
#3099 = CARTESIAN_POINT ( 'NONE',  ( 1.599999999999999423, 1.099999999999999645, 0.1499999999999999944 ) ) ;
#3100 = ORIENTED_EDGE ( 'NONE', *, *, #2660, .F. ) ;
#3101 = VERTEX_POINT ( 'NONE', #3386 ) ;
#3102 = CARTESIAN_POINT ( 'NONE',  ( 0.09387257479567499840, 0.8000000000000000444, -0.1373390887604274690 ) ) ;
#3103 = LINE ( 'NONE', #3084, #1719 ) ;
#3104 = ORIENTED_EDGE ( 'NONE', *, *, #3372, .T. ) ;
#3105 = CARTESIAN_POINT ( 'NONE',  ( 1.299999999999999822, -0.7699999999999999067, 0.0000000000000000000 ) ) ;
#3106 = FILL_AREA_STYLE ('',( #2002 ) ) ;
#3107 = VERTEX_POINT ( 'NONE', #3775 ) ;
#3108 = ORIENTED_EDGE ( 'NONE', *, *, #1628, .T. ) ;
#3109 = LINE ( 'NONE', #212, #3357 ) ;
#3110 = VERTEX_POINT ( 'NONE', #1477 ) ;
#3111 = LINE ( 'NONE', #3534, #2319 ) ;
#3112 = LINE ( 'NONE', #3856, #2930 ) ;
#3113 = PLANE ( 'NONE',  #3872 ) ;
#3114 = ORIENTED_EDGE ( 'NONE', *, *, #376, .F. ) ;
#3115 = CARTESIAN_POINT ( 'NONE',  ( -1.300000000000000044, 0.5300000000000003597, 0.1499999999999999944 ) ) ;
#3116 = FACE_OUTER_BOUND ( 'NONE', #3010, .T. ) ;
#3117 = DIRECTION ( 'NONE',  ( 0.0000000000000000000, 0.0000000000000000000, -1.000000000000000000 ) ) ;
#3118 = ORIENTED_EDGE ( 'NONE', *, *, #3524, .F. ) ;
#3119 = EDGE_CURVE ( 'NONE', #1757, #62, #2483, .T. ) ;
#3120 = EDGE_CURVE ( 'NONE', #1913, #4255, #1909, .T. ) ;
#3121 = ORIENTED_EDGE ( 'NONE', *, *, #3061, .T. ) ;
#3122 = CARTESIAN_POINT ( 'NONE',  ( 0.0000000000000000000, 0.8000000000000000444, 0.0000000000000000000 ) ) ;
#3123 = LINE ( 'NONE', #4552, #3134 ) ;
#3124 = VECTOR ( 'NONE', #3778, 1000.000000000000000 ) ;
#3125 = EDGE_LOOP ( 'NONE', ( #693, #2522, #4119, #2438 ) ) ;
#3126 = DIRECTION ( 'NONE',  ( -0.0000000000000000000, 1.000000000000000000, -0.0000000000000000000 ) ) ;
#3127 = CARTESIAN_POINT ( 'NONE',  ( 0.1955261033409324278, 0.8000000000000000444, 0.1036980826104044739 ) ) ;
#3128 = VECTOR ( 'NONE', #3202, 1000.000000000000000 ) ;
#3129 = COLOUR_RGB ( '',1.000000000000000000, 1.000000000000000000, 1.000000000000000000 ) ;
#3130 = ORIENTED_EDGE ( 'NONE', *, *, #2750, .T. ) ;
#3131 = ORIENTED_EDGE ( 'NONE', *, *, #463, .F. ) ;
#3132 = ORIENTED_EDGE ( 'NONE', *, *, #2813, .T. ) ;
#3133 = LINE ( 'NONE', #3161, #1798 ) ;
#3134 = VECTOR ( 'NONE', #3871, 1000.000000000000000 ) ;
#3135 = VECTOR ( 'NONE', #3462, 1000.000000000000000 ) ;
#3136 = DIRECTION ( 'NONE',  ( 0.0000000000000000000, -0.0000000000000000000, -1.000000000000000000 ) ) ;
#3137 = AXIS2_PLACEMENT_3D ( 'NONE', #2751, #2027, #3728 ) ;
#3138 = DIRECTION ( 'NONE',  ( 0.0000000000000000000, 0.0000000000000000000, -1.000000000000000000 ) ) ;
#3139 = ORIENTED_EDGE ( 'NONE', *, *, #1040, .T. ) ;
#3140 = CARTESIAN_POINT ( 'NONE',  ( 0.9610389610389613591, 0.7999999999999999334, 0.07775974025974033421 ) ) ;
#3141 = CARTESIAN_POINT ( 'NONE',  ( -0.8831168831168831890, 0.7999999999999999334, 0.0009740259740259301149 ) ) ;
#3142 = CARTESIAN_POINT ( 'NONE',  ( 0.6530723094560659803, 0.7999999999999999334, -0.02131336007494887691 ) ) ;
#3143 = VECTOR ( 'NONE', #1983, 1000.000000000000000 ) ;
#3144 = CARTESIAN_POINT ( 'NONE',  ( 0.08290628681557858648, 0.8000000000000001554, 0.01315652421288931832 ) ) ;
#3145 = AXIS2_PLACEMENT_3D ( 'NONE', #2602, #4026, #3713 ) ;
#3146 = LINE ( 'NONE', #4571, #2226 ) ;
#3147 = VERTEX_POINT ( 'NONE', #932 ) ;
#3148 = FACE_OUTER_BOUND ( 'NONE', #3125, .T. ) ;
#3149 = ADVANCED_FACE ( 'NONE', ( #1212 ), #2972, .F. ) ;
#3150 = COLOUR_RGB ( '',1.000000000000000000, 1.000000000000000000, 1.000000000000000000 ) ;
#3151 = MECHANICAL_DESIGN_GEOMETRIC_PRESENTATION_REPRESENTATION (  '', ( #2252 ), #2409 ) ;
#3152 = DIRECTION ( 'NONE',  ( 1.000000000000000000, 0.0000000000000000000, 0.0000000000000000000 ) ) ;
#3153 = ORIENTED_EDGE ( 'NONE', *, *, #735, .F. ) ;
#3154 = LINE ( 'NONE', #4601, #1052 ) ;
#3155 = EDGE_CURVE ( 'NONE', #3923, #3807, #2244, .T. ) ;
#3156 = EDGE_CURVE ( 'NONE', #3767, #806, #2336, .T. ) ;
#3157 = VERTEX_POINT ( 'NONE', #3402 ) ;
#3158 = EDGE_LOOP ( 'NONE', ( #2809, #1401, #2437, #3916 ) ) ;
#3159 = DIRECTION ( 'NONE',  ( -0.1710878697460358755, -0.9702875252478138091, -0.1710878697460358755 ) ) ;
#3160 = ORIENTED_EDGE ( 'NONE', *, *, #69, .T. ) ;
#3161 = CARTESIAN_POINT ( 'NONE',  ( -1.300000000000000044, 0.1999999999999999278, 0.1499999999999999944 ) ) ;
#3162 = CARTESIAN_POINT ( 'NONE',  ( 1.072073184127261714, 0.8000000000000004885, 0.1823974232588104205 ) ) ;
#3163 = VERTEX_POINT ( 'NONE', #207 ) ;
#3164 = DIRECTION ( 'NONE',  ( -9.035018104045900523E-16, -1.000000000000000000, -0.0000000000000000000 ) ) ;
#3165 = CARTESIAN_POINT ( 'NONE',  ( 0.3862012987012986009, 0.8000000000000000444, -0.09090909090909086998 ) ) ;
#3166 = CARTESIAN_POINT ( 'NONE',  ( 0.08766233766233758051, 0.8000000000000002665, -0.1999999999999999833 ) ) ;
#3167 = DIRECTION ( 'NONE',  ( 0.0000000000000000000, 1.000000000000000000, 0.0000000000000000000 ) ) ;
#3168 = ORIENTED_EDGE ( 'NONE', *, *, #3715, .F. ) ;
#3169 = DIRECTION ( 'NONE',  ( 0.0000000000000000000, 0.0000000000000000000, -1.000000000000000000 ) ) ;
#3170 = FACE_OUTER_BOUND ( 'NONE', #2671, .T. ) ;
#3171 = ADVANCED_FACE ( 'NONE', ( #845 ), #2267, .F. ) ;
#3172 = DIRECTION ( 'NONE',  ( 0.0000000000000000000, 0.0000000000000000000, -1.000000000000000000 ) ) ;
#3173 = VERTEX_POINT ( 'NONE', #1380 ) ;
#3174 = FACE_OUTER_BOUND ( 'NONE', #1476, .T. ) ;
#3175 = B_SPLINE_CURVE_WITH_KNOTS ( 'NONE', 3,
 ( #3508, #2422, #3834, #644, #3184, #716, #4612, #2056, #3162, #1741, #2840, #4588, #4260, #2815, #1692 ),
 .UNSPECIFIED., .F., .F.,
 ( 4, 1, 1, 1, 1, 1, 1, 1, 1, 1, 1, 1, 4 ),
 ( 0.0000000000000000000, 0.09832703710907136907, 0.1918291473001577652, 0.2814793444490991114, 0.3687681609642724512, 0.4523267976765885101, 0.5320728892287842626, 0.6100937995414988935, 0.6877839799072642535, 0.7648241088501187557, 0.8412784126630373782, 0.9195644427131731691, 1.000000000000000000 ),
 .UNSPECIFIED. ) ;
#3176 = EDGE_CURVE ( 'NONE', #1206, #1922, #4225, .T. ) ;
#3177 = ADVANCED_FACE ( 'NONE', ( #3174 ), #2733, .F. ) ;
#3178 = ORIENTED_EDGE ( 'NONE', *, *, #432, .T. ) ;
#3179 = ORIENTED_EDGE ( 'NONE', *, *, #1974, .T. ) ;
#3180 = CARTESIAN_POINT ( 'NONE',  ( 0.6671217182176576443, 0.8000000000000000444, -0.01072951774681997657 ) ) ;
#3181 = ORIENTED_EDGE ( 'NONE', *, *, #735, .T. ) ;
#3182 = DIRECTION ( 'NONE',  ( 2.710505431213757535E-15, -1.000000000000000000, -0.0000000000000000000 ) ) ;
#3183 = LINE ( 'NONE', #2156, #689 ) ;
#3184 = CARTESIAN_POINT ( 'NONE',  ( 1.104446980926325983, 0.8000000000000001554, 0.1329310105824295096 ) ) ;
#3185 = ORIENTED_EDGE ( 'NONE', *, *, #3706, .F. ) ;
#3186 = DIRECTION ( 'NONE',  ( -0.0000000000000000000, -0.0000000000000000000, -1.000000000000000000 ) ) ;
#3187 = CARTESIAN_POINT ( 'NONE',  ( -1.300000000000000044, 0.4500000000000000111, 0.1499999999999999944 ) ) ;
#3188 = CARTESIAN_POINT ( 'NONE',  ( 0.6959705978344853383, 0.8000000000000000444, -0.09625586101461823529 ) ) ;
#3189 = PRESENTATION_STYLE_ASSIGNMENT (( #334 ) ) ;
#3190 = CARTESIAN_POINT ( 'NONE',  ( -1.169999999999999707, -1.099999999999999867, 0.1499999999999999944 ) ) ;
#3191 = ORIENTED_EDGE ( 'NONE', *, *, #4611, .T. ) ;
#3192 = LINE ( 'NONE', #2504, #3055 ) ;
#3193 = CARTESIAN_POINT ( 'NONE',  ( 0.2069778292982559498, 0.8000000000000000444, -0.1194394996592687830 ) ) ;
#3194 = CARTESIAN_POINT ( 'NONE',  ( -0.8930689899813610833, 0.7999999999999998224, -0.08109503961411970718 ) ) ;
#3195 = ITEM_DEFINED_TRANSFORMATION ( 'NONE', 'NONE', #4489,  #2780 ) ;
#3196 = CARTESIAN_POINT ( 'NONE',  ( 0.5088351799203668646, 0.8000000000000001554, 0.1509800495632280248 ) ) ;
#3197 = ORIENTED_EDGE ( 'NONE', *, *, #3949, .F. ) ;
#3198 = B_SPLINE_CURVE_WITH_KNOTS ( 'NONE', 3,
 ( #3679, #1488, #3942, #2921, #746, #2168, #1839, #2570, #594, #875, #3763, #3698, #898, #1677, #3721, #2674, #3096, #923, #4497, #1921, #1202, #522, #2724, #3416, #4094, #2325, #4470 ),
 .UNSPECIFIED., .F., .F.,
 ( 4, 1, 1, 1, 1, 1, 1, 1, 1, 1, 1, 1, 1, 1, 1, 1, 1, 1, 1, 1, 1, 1, 1, 1, 4 ),
 ( 0.0000000000000000000, 0.03784025854843181547, 0.07322971003667622103, 0.1064858053460948223, 0.1373509611958290688, 0.1659562698006392667, 0.1923495874037986220, 0.2168189177083875152, 0.2393844415109677159, 0.2833625139563666906, 0.3291787450015419836, 0.3772763509751568267, 0.4287201719350490770, 0.4833627210019841858, 0.5412235814241075360, 0.6028357808331469281, 0.6692102173711722557, 0.7043107617117554398, 0.7410370896782174643, 0.7794495055466422739, 0.8198742860371934782, 0.8620570775613900505, 0.9060559573599759053, 0.9519420556196510619, 1.000000000000000000 ),
 .UNSPECIFIED. ) ;
#3199 = VECTOR ( 'NONE', #1514, 1000.000000000000000 ) ;
#3200 = ORIENTED_EDGE ( 'NONE', *, *, #4113, .F. ) ;
#3201 = EDGE_LOOP ( 'NONE', ( #321, #4151 ) ) ;
#3202 = DIRECTION ( 'NONE',  ( -1.000000000000000000, -5.731465228998257581E-16, 0.0000000000000000000 ) ) ;
#3203 = VERTEX_POINT ( 'NONE', #2754 ) ;
#3204 = PLANE ( 'NONE',  #1131 ) ;
#3205 = DIRECTION ( 'NONE',  ( -0.0000000000000000000, -0.0000000000000000000, -1.000000000000000000 ) ) ;
#3206 = VECTOR ( 'NONE', #2368, 1000.000000000000000 ) ;
#3207 = EDGE_CURVE ( 'NONE', #4539, #2346, #4203, .T. ) ;
#3208 = VECTOR ( 'NONE', #4592, 1000.000000000000000 ) ;
#3209 = ADVANCED_FACE ( 'NONE', ( #2456, #3427 ), #297, .F. ) ;
#3210 = DIRECTION ( 'NONE',  ( 0.0000000000000000000, -1.000000000000000000, 0.0000000000000000000 ) ) ;
#3211 = VECTOR ( 'NONE', #4021, 1000.000000000000000 ) ;
#3212 = ORIENTED_EDGE ( 'NONE', *, *, #4123, .F. ) ;
#3213 = FACE_OUTER_BOUND ( 'NONE', #2148, .T. ) ;
#3214 = CLOSED_SHELL ( 'NONE', ( #1209, #523, #4083, #4199, #3380, #2352, #2807, #4137, #1635, #3149, #1006, #3209, #3177, #3637, #2501, #1811, #1998, #3919, #815, #1700, #153, #3802, #3899, #3344, #982, #1968, #3855, #1157, #2905, #285, #1407 ) ) ;
#3215 = FACE_BOUND ( 'NONE', #1617, .T. ) ;
#3216 = CARTESIAN_POINT ( 'NONE',  ( 0.6957090214514677351, 0.8000000000000002665, -0.08811218754861394054 ) ) ;
#3217 = EDGE_CURVE ( 'NONE', #1092, #3947, #4554, .T. ) ;
#3218 = AXIS2_PLACEMENT_3D ( 'NONE', #4103, #632, #607 ) ;
#3219 = CARTESIAN_POINT ( 'NONE',  ( -1.599999999999999867, 0.4500000000000000111, 0.1499999999999999944 ) ) ;
#3220 = VERTEX_POINT ( 'NONE', #1732 ) ;
#3221 = VECTOR ( 'NONE', #4230, 1000.000000000000000 ) ;
#3222 = CYLINDRICAL_SURFACE ( 'NONE', #1642, 0.2000000000000000944 ) ;
#3223 = CARTESIAN_POINT ( 'NONE',  ( 0.0000000000000000000, 0.8000000000000000444, 0.0000000000000000000 ) ) ;
#3224 = DIRECTION ( 'NONE',  ( 0.0000000000000000000, -0.0000000000000000000, 1.000000000000000000 ) ) ;
#3225 = CARTESIAN_POINT ( 'NONE',  ( -1.599999999999999867, -0.4500000000000000111, 0.1499999999999999944 ) ) ;
#3226 = VERTEX_POINT ( 'NONE', #2488 ) ;
#3227 = VECTOR ( 'NONE', #1523, 1000.000000000000000 ) ;
#3228 =( GEOMETRIC_REPRESENTATION_CONTEXT ( 3 ) GLOBAL_UNCERTAINTY_ASSIGNED_CONTEXT ( ( #1872 ) ) GLOBAL_UNIT_ASSIGNED_CONTEXT ( ( #4452, #3383, #184 ) ) REPRESENTATION_CONTEXT ( 'NONE', 'WORKASPACE' ) );
#3229 = CARTESIAN_POINT ( 'NONE',  ( 0.6945193552140082049, 0.8000000000000003775, -0.1187721121561811505 ) ) ;
#3230 = VERTEX_POINT ( 'NONE', #322 ) ;
#3231 = ORIENTED_EDGE ( 'NONE', *, *, #3894, .F. ) ;
#3232 = SURFACE_STYLE_FILL_AREA ( #99 ) ;
#3233 = PLANE ( 'NONE',  #4556 ) ;
#3234 = EDGE_LOOP ( 'NONE', ( #3431, #3734, #454, #4219 ) ) ;
#3235 = LINE ( 'NONE', #3607, #1503 ) ;
#3236 = CARTESIAN_POINT ( 'NONE',  ( -1.599999999999999867, -0.1999999999999999833, 0.1499999999999999944 ) ) ;
#3237 = DIRECTION ( 'NONE',  ( 0.0000000000000000000, -0.0000000000000000000, -1.000000000000000000 ) ) ;
#3238 = EDGE_CURVE ( 'NONE', #288, #3230, #2434, .T. ) ;
#3239 = ORIENTED_EDGE ( 'NONE', *, *, #259, .T. ) ;
#3240 = CARTESIAN_POINT ( 'NONE',  ( 1.169999999999999485, 1.099999999999999645, 0.1499999999999999944 ) ) ;
#3241 = PLANE ( 'NONE',  #2087 ) ;
#3242 = CARTESIAN_POINT ( 'NONE',  ( -1.219999999999999529, 0.7699999999999997957, 0.0000000000000000000 ) ) ;
#3243 = CARTESIAN_POINT ( 'NONE',  ( 0.0000000000000000000, 0.0000000000000000000, 0.0000000000000000000 ) ) ;
#3244 = EDGE_CURVE ( 'NONE', #2536, #3360, #3154, .T. ) ;
#3245 = EDGE_LOOP ( 'NONE', ( #1820, #256, #3835, #539, #1528, #3940, #3332, #2706, #1319, #1558, #1473, #1108 ) ) ;
#3246 = ADVANCED_FACE ( 'NONE', ( #686 ), #1661, .F. ) ;
#3247 = LINE ( 'NONE', #2544, #3358 ) ;
#3248 = DIRECTION ( 'NONE',  ( 0.0000000000000000000, 0.1736481776669307198, -0.9848077530122080203 ) ) ;
#3249 = CARTESIAN_POINT ( 'NONE',  ( 1.219999999999999751, -0.5300000000000002487, 0.1499999999999999944 ) ) ;
#3250 = CARTESIAN_POINT ( 'NONE',  ( 1.299999999999999822, -1.100000000000000311, 0.1499999999999999944 ) ) ;
#3251 = CARTESIAN_POINT ( 'NONE',  ( 0.1633299593154872720, 0.8000000000000005995, -0.006854938935581342090 ) ) ;
#3252 = VERTEX_POINT ( 'NONE', #1025 ) ;
#3253 = ORIENTED_EDGE ( 'NONE', *, *, #1356, .F. ) ;
#3254 = LINE ( 'NONE', #51, #1935 ) ;
#3255 = VERTEX_POINT ( 'NONE', #2104 ) ;
#3256 = SURFACE_SIDE_STYLE ('',( #1430 ) ) ;
#3257 = CARTESIAN_POINT ( 'NONE',  ( 1.004606913550202929, 0.7999999999999999334, -0.04427041988053851546 ) ) ;
#3258 = FACE_BOUND ( 'NONE', #2365, .T. ) ;
#3259 = ORIENTED_EDGE ( 'NONE', *, *, #2783, .F. ) ;
#3260 = DIRECTION ( 'NONE',  ( -1.000000000000000000, 0.0000000000000000000, 0.0000000000000000000 ) ) ;
#3261 = CARTESIAN_POINT ( 'NONE',  ( 1.300000000000000044, -0.5300000000000002487, 0.0000000000000000000 ) ) ;
#3262 = EDGE_CURVE ( 'NONE', #1666, #2404, #1305, .T. ) ;
#3263 = FACE_OUTER_BOUND ( 'NONE', #2370, .T. ) ;
#3264 = ORIENTED_EDGE ( 'NONE', *, *, #1177, .T. ) ;
#3265 = DIRECTION ( 'NONE',  ( -1.022832238193873659E-15, -1.000000000000000000, 0.0000000000000000000 ) ) ;
#3266 = DIRECTION ( 'NONE',  ( -8.673617379884035472E-16, 1.000000000000000000, -0.0000000000000000000 ) ) ;
#3267 = EDGE_CURVE ( 'NONE', #4253, #3854, #230, .T. ) ;
#3268 = EDGE_CURVE ( 'NONE', #4407, #4087, #710, .T. ) ;
#3269 = PLANE ( 'NONE',  #1582 ) ;
#3270 = FACE_OUTER_BOUND ( 'NONE', #1636, .T. ) ;
#3271 = LINE ( 'NONE', #781, #1739 ) ;
#3272 = FACE_OUTER_BOUND ( 'NONE', #2885, .T. ) ;
#3273 = ORIENTED_EDGE ( 'NONE', *, *, #575, .T. ) ;
#3274 = FILL_AREA_STYLE ('',( #4307 ) ) ;
#3275 = DIRECTION ( 'NONE',  ( 0.0000000000000000000, 0.1736481776669308863, -0.9848077530122077983 ) ) ;
#3276 = COLOUR_RGB ( '',1.000000000000000000, 1.000000000000000000, 1.000000000000000000 ) ;
#3277 = UNCERTAINTY_MEASURE_WITH_UNIT (LENGTH_MEASURE( 1.000000000000000082E-05 ), #784, 'distance_accuracy_value', 'NONE');
#3278 = FACE_BOUND ( 'NONE', #1683, .T. ) ;
#3279 = CARTESIAN_POINT ( 'NONE',  ( -0.8911184891977721456, 0.8000000000000000444, -0.9911184891977721234 ) ) ;
#3280 = ORIENTED_EDGE ( 'NONE', *, *, #2746, .T. ) ;
#3281 = CARTESIAN_POINT ( 'NONE',  ( 1.499999999999999334, 0.0000000000000000000, -1.419124823942438773 ) ) ;
#3282 = CARTESIAN_POINT ( 'NONE',  ( 0.5786447066570171716, 0.7999999999999999334, 0.01617616586501551337 ) ) ;
#3283 =( GEOMETRIC_REPRESENTATION_CONTEXT ( 3 ) GLOBAL_UNCERTAINTY_ASSIGNED_CONTEXT ( ( #803 ) ) GLOBAL_UNIT_ASSIGNED_CONTEXT ( ( #360, #4245, #705 ) ) REPRESENTATION_CONTEXT ( 'NONE', 'WORKASPACE' ) );
#3284 = CARTESIAN_POINT ( 'NONE',  ( 1.599999999999998979, 0.1999999999999998723, 0.1499999999999999944 ) ) ;
#3285 = VECTOR ( 'NONE', #4093, 1000.000000000000000 ) ;
#3286 = DIRECTION ( 'NONE',  ( -0.0000000000000000000, -0.0000000000000000000, -1.000000000000000000 ) ) ;
#3287 = ORIENTED_EDGE ( 'NONE', *, *, #70, .T. ) ;
#3288 = LINE ( 'NONE', #3330, #2923 ) ;
#3289 = CARTESIAN_POINT ( 'NONE',  ( 0.6063034148128328971, 0.8000000000000001554, 0.01359196015561414325 ) ) ;
#3290 = VECTOR ( 'NONE', #2944, 1000.000000000000000 ) ;
#3291 = AXIS2_PLACEMENT_3D ( 'NONE', #2243, #30, #465 ) ;
#3292 = CARTESIAN_POINT ( 'NONE',  ( 0.9638202322131488309, 0.7999999999999998224, 0.05360102085670864075 ) ) ;
#3293 = EDGE_CURVE ( 'NONE', #1614, #2801, #427, .T. ) ;
#3294 = VECTOR ( 'NONE', #2812, 1000.000000000000000 ) ;
#3295 = VECTOR ( 'NONE', #2040, 1000.000000000000227 ) ;
#3296 = FILL_AREA_STYLE_COLOUR ( '', #3670 ) ;
#3297 = CARTESIAN_POINT ( 'NONE',  ( 0.05499999999999984068, 1.285000000000000586, 0.1499999999999999944 ) ) ;
#3298 = ADVANCED_FACE ( 'NONE', ( #2191 ), #2474, .F. ) ;
#3299 = ORIENTED_EDGE ( 'NONE', *, *, #4232, .F. ) ;
#3300 = DIRECTION ( 'NONE',  ( 1.000000000000000000, 0.0000000000000000000, 0.0000000000000000000 ) ) ;
#3301 = AXIS2_PLACEMENT_3D ( 'NONE', #2997, #103, #3275 ) ;
#3302 = DIRECTION ( 'NONE',  ( 1.911740955519279479E-16, -1.084202172485504237E-15, 1.000000000000000000 ) ) ;
#3303 = CARTESIAN_POINT ( 'NONE',  ( -1.500000000000000000, 0.0000000000000000000, -1.303038449397557974 ) ) ;
#3304 = EDGE_LOOP ( 'NONE', ( #2293, #52, #1977, #772 ) ) ;
#3305 = VECTOR ( 'NONE', #3604, 1000.000000000000000 ) ;
#3306 = CARTESIAN_POINT ( 'NONE',  ( 0.06650974505246690094, 0.7999999999999998224, 0.1346063031939371268 ) ) ;
#3307 = FILL_AREA_STYLE_COLOUR ( '', #3129 ) ;
#3308 = CARTESIAN_POINT ( 'NONE',  ( 0.1649999999999997025, -1.285000000000000586, 0.0000000000000000000 ) ) ;
#3309 = PLANE ( 'NONE',  #587 ) ;
#3310 = ORIENTED_EDGE ( 'NONE', *, *, #2260, .T. ) ;
#3311 = CARTESIAN_POINT ( 'NONE',  ( 1.599999999999999201, 0.4499999999999997891, 0.0000000000000000000 ) ) ;
#3312 = ORIENTED_EDGE ( 'NONE', *, *, #1313, .T. ) ;
#3313 = DIRECTION ( 'NONE',  ( -1.000000000000000000, -7.228014483236692611E-16, 0.0000000000000000000 ) ) ;
#3314 = PRODUCT_DEFINITION_SHAPE ( 'NONE', 'NONE',  #4630 ) ;
#3315 = DIRECTION ( 'NONE',  ( 0.5001303747398068156, 0.0000000000000000000, 0.8659501188074405498 ) ) ;
#3316 = CARTESIAN_POINT ( 'NONE',  ( 1.030206788006860830, 0.8000000000000001554, 0.02716949295781610763 ) ) ;
#3317 = ORIENTED_EDGE ( 'NONE', *, *, #4550, .F. ) ;
#3318 = CARTESIAN_POINT ( 'NONE',  ( 0.06262161570920277143, 0.7999999999999998224, -0.1304242398490588761 ) ) ;
#3319 = CARTESIAN_POINT ( 'NONE',  ( 0.8623376623376624028, 0.8000000000000000444, 0.01298701298701302430 ) ) ;
#3320 = EDGE_CURVE ( 'NONE', #3963, #1362, #4267, .T. ) ;
#3321 = EDGE_CURVE ( 'NONE', #3531, #1999, #209, .T. ) ;
#3322 = PRODUCT_DEFINITION_CONTEXT ( 'detailed design', #3012, 'design' ) ;
#3323 = LINE ( 'NONE', #468, #3649 ) ;
#3324 = PRESENTATION_STYLE_ASSIGNMENT (( #1193 ) ) ;
#3325 = VERTEX_POINT ( 'NONE', #1511 ) ;
#3326 = LINE ( 'NONE', #1530, #3959 ) ;
#3327 = PLANE ( 'NONE',  #1871 ) ;
#3328 = LINE ( 'NONE', #3676, #3290 ) ;
#3329 = ORIENTED_EDGE ( 'NONE', *, *, #1124, .F. ) ;
#3330 = CARTESIAN_POINT ( 'NONE',  ( 1.169999999999999485, 0.8499999999999998668, 0.0000000000000000000 ) ) ;
#3331 = SHAPE_REPRESENTATION ( 'body', ( #2780 ), #314 ) ;
#3332 = ORIENTED_EDGE ( 'NONE', *, *, #1441, .T. ) ;
#3333 = ORIENTED_EDGE ( 'NONE', *, *, #2984, .T. ) ;
#3334 = CARTESIAN_POINT ( 'NONE',  ( 1.049350649350649700, 0.8000000000000001554, -0.09131493506493498780 ) ) ;
#3335 = DIRECTION ( 'NONE',  ( 1.000000000000000000, 0.0000000000000000000, -0.0000000000000000000 ) ) ;
#3336 = ORIENTED_EDGE ( 'NONE', *, *, #4491, .F. ) ;
#3337 = CARTESIAN_POINT ( 'NONE',  ( 0.1689148457411355775, 0.8000000000000001554, -0.04430169111521827657 ) ) ;
#3338 = CARTESIAN_POINT ( 'NONE',  ( 1.191118489197771968, 0.6000000000000000888, 0.0000000000000000000 ) ) ;
#3339 = CARTESIAN_POINT ( 'NONE',  ( 0.6465233741874220064, 0.7999999999999997113, -0.1880706067192806641 ) ) ;
#3340 = SURFACE_STYLE_FILL_AREA ( #1934 ) ;
#3341 = ORIENTED_EDGE ( 'NONE', *, *, #1227, .T. ) ;
#3342 = DIRECTION ( 'NONE',  ( -1.000000000000000000, -0.0000000000000000000, -0.0000000000000000000 ) ) ;
#3343 =( NAMED_UNIT ( * ) SI_UNIT ( $, .STERADIAN. ) SOLID_ANGLE_UNIT ( ) );
#3344 = ADVANCED_FACE ( 'NONE', ( #3630 ), #3891, .T. ) ;
#3345 = PLANE ( 'NONE',  #835 ) ;
#3346 = DIRECTION ( 'NONE',  ( 0.0000000000000000000, -0.1736481776669307753, -0.9848077530122080203 ) ) ;
#3347 = ORIENTED_EDGE ( 'NONE', *, *, #2640, .T. ) ;
#3348 = CARTESIAN_POINT ( 'NONE',  ( 0.5867887873885498928, 0.8000000000000000444, -0.1372183158587671203 ) ) ;
#3349 = CARTESIAN_POINT ( 'NONE',  ( -0.2181818181818181712, 0.8000000000000000444, -0.2000000000000000389 ) ) ;
#3350 = DIRECTION ( 'NONE',  ( 0.0000000000000000000, 0.0000000000000000000, -1.000000000000000000 ) ) ;
#3351 = EDGE_CURVE ( 'NONE', #717, #2735, #4239, .T. ) ;
#3352 = AXIS2_PLACEMENT_3D ( 'NONE', #2202, #3302, #2560 ) ;
#3353 = VECTOR ( 'NONE', #648, 1000.000000000000000 ) ;
#3354 = ORIENTED_EDGE ( 'NONE', *, *, #1227, .F. ) ;
#3355 = CARTESIAN_POINT ( 'NONE',  ( 0.5949695055030295165, 0.7999999999999999334, 0.1426941895744895383 ) ) ;
#3356 = LINE ( 'NONE', #160, #2004 ) ;
#3357 = VECTOR ( 'NONE', #1708, 1000.000000000000000 ) ;
#3358 = VECTOR ( 'NONE', #4596, 1000.000000000000000 ) ;
#3359 = CARTESIAN_POINT ( 'NONE',  ( 0.1213845845597802120, 0.7999999999999999334, -0.07663193845634401480 ) ) ;
#3360 = VERTEX_POINT ( 'NONE', #37 ) ;
#3361 = AXIS2_PLACEMENT_3D ( 'NONE', #2716, #3781, #237 ) ;
#3362 =( NAMED_UNIT ( * ) PLANE_ANGLE_UNIT ( ) SI_UNIT ( $, .RADIAN. ) );
#3363 = CARTESIAN_POINT ( 'NONE',  ( 1.108569751710993145, 0.7999999999999997113, 0.05024357629854059315 ) ) ;
#3364 = B_SPLINE_CURVE_WITH_KNOTS ( 'NONE', 3,
 ( #543, #916, #3023, #1963, #2345, #1645, #4516 ),
 .UNSPECIFIED., .F., .F.,
 ( 4, 1, 1, 1, 4 ),
 ( 0.0000000000000000000, 0.2808356210569314393, 0.5364793245084757967, 0.7722880091023522908, 1.000000000000000000 ),
 .UNSPECIFIED. ) ;
#3365 = PRESENTATION_LAYER_ASSIGNMENT (  '', '', ( #4040 ) ) ;
#3366 = VERTEX_POINT ( 'NONE', #3968 ) ;
#3367 = PLANE ( 'NONE',  #818 ) ;
#3368 = CARTESIAN_POINT ( 'NONE',  ( 1.505765273202733567, -0.03269648909979129547, 1.308803722600291986 ) ) ;
#3369 = VERTEX_POINT ( 'NONE', #1039 ) ;
#3370 = DIRECTION ( 'NONE',  ( -0.0000000000000000000, -0.0000000000000000000, -1.000000000000000000 ) ) ;
#3371 = CARTESIAN_POINT ( 'NONE',  ( 1.111688311688312059, 0.8000000000000001554, 0.08279220779220786142 ) ) ;
#3372 = EDGE_CURVE ( 'NONE', #159, #2667, #2520, .T. ) ;
#3373 = VECTOR ( 'NONE', #2553, 1000.000000000000000 ) ;
#3374 = DIRECTION ( 'NONE',  ( -0.0000000000000000000, -0.0000000000000000000, 1.000000000000000000 ) ) ;
#3375 = ORIENTED_EDGE ( 'NONE', *, *, #2639, .T. ) ;
#3376 = CARTESIAN_POINT ( 'NONE',  ( 0.04224987006959478320, 0.7999999999999998224, -0.1904605138835881728 ) ) ;
#3377 = CARTESIAN_POINT ( 'NONE',  ( -0.9109060842511134126, 0.7999999999999997113, 0.1141689981350954841 ) ) ;
#3378 = FACE_OUTER_BOUND ( 'NONE', #3158, .T. ) ;
#3379 = EDGE_CURVE ( 'NONE', #565, #598, #408, .T. ) ;
#3380 = ADVANCED_FACE ( 'NONE', ( #1066 ), #1138, .F. ) ;
#3381 = EDGE_LOOP ( 'NONE', ( #3760, #2211, #2747 ) ) ;
#3382 = CARTESIAN_POINT ( 'NONE',  ( 1.005438311688312103, 0.7999999999999999334, -0.1999999999999999278 ) ) ;
#3383 =( NAMED_UNIT ( * ) PLANE_ANGLE_UNIT ( ) SI_UNIT ( $, .RADIAN. ) );
#3384 = CARTESIAN_POINT ( 'NONE',  ( 0.5427129457798713918, 0.8000000000000002665, 0.1887939285525599420 ) ) ;
#3385 = ORIENTED_EDGE ( 'NONE', *, *, #1068, .F. ) ;
#3386 = CARTESIAN_POINT ( 'NONE',  ( 0.5967532467532467022, 0.8000000000000000444, -0.1999999999999999556 ) ) ;
#3387 = ORIENTED_EDGE ( 'NONE', *, *, #1840, .T. ) ;
#3388 = CARTESIAN_POINT ( 'NONE',  ( 1.599999999999998979, 0.8499999999999997558, 0.0000000000000000000 ) ) ;
#3389 = VERTEX_POINT ( 'NONE', #491 ) ;
#3390 = DIRECTION ( 'NONE',  ( 0.0000000000000000000, -0.0000000000000000000, -1.000000000000000000 ) ) ;
#3391 = VERTEX_POINT ( 'NONE', #3308 ) ;
#3392 = CARTESIAN_POINT ( 'NONE',  ( 0.03440190360985553170, 0.8000000000000000444, -0.1862687809166891639 ) ) ;
#3393 = CARTESIAN_POINT ( 'NONE',  ( -0.9647725468755133926, 0.7999999999999998224, 0.1320521737858240674 ) ) ;
#3394 = CARTESIAN_POINT ( 'NONE',  ( 1.037931204785936368, 0.8000000000000001554, -0.1256394540999860032 ) ) ;
#3395 = ORIENTED_EDGE ( 'NONE', *, *, #3661, .F. ) ;
#3396 = ORIENTED_EDGE ( 'NONE', *, *, #2184, .F. ) ;
#3397 = CARTESIAN_POINT ( 'NONE',  ( 0.9732927460511028306, 0.7999999999999997113, -0.1963187470539463630 ) ) ;
#3398 = EDGE_CURVE ( 'NONE', #2652, #3110, #3693, .T. ) ;
#3399 = ADVANCED_FACE ( 'NONE', ( #2979 ), #3345, .F. ) ;
#3400 = DIRECTION ( 'NONE',  ( 0.09962114070050839820, 0.0000000000000000000, -0.9950254410443631903 ) ) ;
#3401 = ORIENTED_EDGE ( 'NONE', *, *, #3119, .F. ) ;
#3402 = CARTESIAN_POINT ( 'NONE',  ( -1.219999999999999751, 0.5300000000000004707, 0.1499999999999999944 ) ) ;
#3403 = EDGE_CURVE ( 'NONE', #3851, #4412, #3651, .T. ) ;
#3404 = CARTESIAN_POINT ( 'NONE',  ( 0.1731250161859324843, 0.7999999999999996003, 0.1597915740486031688 ) ) ;
#3405 = VERTEX_POINT ( 'NONE', #870 ) ;
#3406 = CARTESIAN_POINT ( 'NONE',  ( 0.6388439234509245557, 0.7999999999999998224, 0.08069194015716653345 ) ) ;
#3407 =( NAMED_UNIT ( * ) PLANE_ANGLE_UNIT ( ) SI_UNIT ( $, .RADIAN. ) );
#3408 = ORIENTED_EDGE ( 'NONE', *, *, #4206, .F. ) ;
#3409 = CARTESIAN_POINT ( 'NONE',  ( 0.05499999999999968109, -1.285000000000000586, 0.1499999999999999944 ) ) ;
#3410 = CARTESIAN_POINT ( 'NONE',  ( 0.01641558441558443535, 0.8000000000000000444, -0.09028571428571427471 ) ) ;
#3411 = CYLINDRICAL_SURFACE ( 'NONE', #1489, 0.1999999999999999278 ) ;
#3412 = DIRECTION ( 'NONE',  ( 0.0000000000000000000, 0.0000000000000000000, 1.000000000000000000 ) ) ;
#3413 = ORIENTED_EDGE ( 'NONE', *, *, #3061, .F. ) ;
#3414 = CARTESIAN_POINT ( 'NONE',  ( -0.01316874604786257008, 0.7999999999999997113, -0.1090304449167841250 ) ) ;
#3415 = CARTESIAN_POINT ( 'NONE',  ( -0.1714285714285715134, 0.8000000000000000444, 0.0000000000000000000 ) ) ;
#3416 = CARTESIAN_POINT ( 'NONE',  ( -0.8214781670181422468, 0.7999999999999997113, -0.02335565923931976970 ) ) ;
#3417 = CARTESIAN_POINT ( 'NONE',  ( 0.1092215379826923100, 0.8000000000000005995, -0.1982572049644883427 ) ) ;
#3418 = ORIENTED_EDGE ( 'NONE', *, *, #3745, .F. ) ;
#3419 = PRESENTATION_LAYER_ASSIGNMENT (  '', '', ( #3869 ) ) ;
#3420 = ORIENTED_EDGE ( 'NONE', *, *, #2814, .F. ) ;
#3421 = CARTESIAN_POINT ( 'NONE',  ( 0.9312902612385020040, 0.7999999999999999334, -0.1722774799149778824 ) ) ;
#3422 = VECTOR ( 'NONE', #2974, 1000.000000000000114 ) ;
#3423 = VECTOR ( 'NONE', #3463, 1000.000000000000000 ) ;
#3424 = ADVANCED_FACE ( 'NONE', ( #471 ), #2961, .F. ) ;
#3425 = DIRECTION ( 'NONE',  ( 0.0000000000000000000, 0.0000000000000000000, -1.000000000000000000 ) ) ;
#3426 = ORIENTED_EDGE ( 'NONE', *, *, #1942, .F. ) ;
#3427 = FACE_BOUND ( 'NONE', #228, .T. ) ;
#3428 = CARTESIAN_POINT ( 'NONE',  ( 0.08969155844155836388, 0.7999999999999999334, 0.2051948051948052631 ) ) ;
#3429 = ADVANCED_FACE ( 'NONE', ( #452 ), #1962, .F. ) ;
#3430 = AXIS2_PLACEMENT_3D ( 'NONE', #2360, #1230, #1890 ) ;
#3431 = ORIENTED_EDGE ( 'NONE', *, *, #98, .T. ) ;
#3432 = CARTESIAN_POINT ( 'NONE',  ( 0.6077280190499066981, 0.7999999999999999334, -0.1997332810958872273 ) ) ;
#3433 = CARTESIAN_POINT ( 'NONE',  ( 0.7064935064935065068, 0.8000000000000000444, 0.07735389610389616089 ) ) ;
#3434 = ORIENTED_EDGE ( 'NONE', *, *, #4233, .F. ) ;
#3435 = PLANE ( 'NONE',  #2696 ) ;
#3436 = VECTOR ( 'NONE', #515, 1000.000000000000000 ) ;
#3437 = EDGE_LOOP ( 'NONE', ( #279, #4084, #2683, #2119 ) ) ;
#3438 = CARTESIAN_POINT ( 'NONE',  ( 0.06824451214486913775, 0.7999999999999997113, -0.1986170317022189769 ) ) ;
#3439 = AXIS2_PLACEMENT_3D ( 'NONE', #670, #221, #1678 ) ;
#3440 = DIRECTION ( 'NONE',  ( 0.0000000000000000000, 0.0000000000000000000, 1.000000000000000000 ) ) ;
#3441 = CARTESIAN_POINT ( 'NONE',  ( 0.6987507643954147252, 0.8000000000000000444, 0.1279315595111132631 ) ) ;
#3442 = CARTESIAN_POINT ( 'NONE',  ( 1.191118489197771968, 0.6000000000000000888, 1.191118489197771968 ) ) ;
#3443 = B_SPLINE_CURVE_WITH_KNOTS ( 'NONE', 3,
 ( #3812, #3068, #562, #2442, #3478, #2034, #2764, #3091, #2717, #4562, #938 ),
 .UNSPECIFIED., .F., .F.,
 ( 4, 1, 1, 1, 1, 1, 1, 1, 4 ),
 ( 0.0000000000000000000, 0.1247777018156608353, 0.2435518977806948315, 0.3584168335086012624, 0.4768053525796045466, 0.5974784617304956802, 0.7216384483569644459, 0.8545592536941990502, 1.000000000000000000 ),
 .UNSPECIFIED. ) ;
#3444 = PRESENTATION_LAYER_ASSIGNMENT (  '', '', ( #2252 ) ) ;
#3445 = ORIENTED_EDGE ( 'NONE', *, *, #3003, .T. ) ;
#3446 = ORIENTED_EDGE ( 'NONE', *, *, #3037, .F. ) ;
#3447 = CARTESIAN_POINT ( 'NONE',  ( 0.1188513715413915539, 0.8000000000000001554, -0.1209991133445457168 ) ) ;
#3448 = CARTESIAN_POINT ( 'NONE',  ( -0.9750811688311689096, 0.7999999999999999334, -0.2000000000000000389 ) ) ;
#3449 = ORIENTED_EDGE ( 'NONE', *, *, #2127, .F. ) ;
#3450 = CARTESIAN_POINT ( 'NONE',  ( 0.1850867283315275058, 0.7999999999999998224, 0.1391277749229158922 ) ) ;
#3451 = ADVANCED_FACE ( 'NONE', ( #4378 ), #3327, .F. ) ;
#3452 = ORIENTED_EDGE ( 'NONE', *, *, #3217, .F. ) ;
#3453 = ORIENTED_EDGE ( 'NONE', *, *, #1973, .T. ) ;
#3454 = ORIENTED_EDGE ( 'NONE', *, *, #1382, .F. ) ;
#3455 = DIRECTION ( 'NONE',  ( -0.0000000000000000000, -0.0000000000000000000, -1.000000000000000000 ) ) ;
#3456 = ADVANCED_FACE ( 'NONE', ( #2251 ), #4362, .F. ) ;
#3457 = EDGE_CURVE ( 'NONE', #2285, #2616, #1156, .T. ) ;
#3458 = CARTESIAN_POINT ( 'NONE',  ( 0.4989843841177028505, 0.8000000000000003775, -0.1212980005103616726 ) ) ;
#3459 = PLANE ( 'NONE',  #2230 ) ;
#3460 = ORIENTED_EDGE ( 'NONE', *, *, #3885, .T. ) ;
#3461 = CARTESIAN_POINT ( 'NONE',  ( 0.007794744351104311575, 0.7999999999999997113, -0.1610919591197756962 ) ) ;
#3462 = DIRECTION ( 'NONE',  ( -0.0000000000000000000, -0.0000000000000000000, -1.000000000000000000 ) ) ;
#3463 = DIRECTION ( 'NONE',  ( -1.000000000000000000, 3.614007241618346306E-16, 0.0000000000000000000 ) ) ;
#3464 = CARTESIAN_POINT ( 'NONE',  ( 0.06233766233766225434, 0.8000000000000000444, 0.01875000000000002706 ) ) ;
#3465 = ORIENTED_EDGE ( 'NONE', *, *, #3715, .T. ) ;
#3466 = ORIENTED_EDGE ( 'NONE', *, *, #883, .F. ) ;
#3467 = CARTESIAN_POINT ( 'NONE',  ( -1.300000000000000266, 1.174999999999999822, 0.1499999999999999944 ) ) ;
#3468 = CYLINDRICAL_SURFACE ( 'NONE', #4473, 0.2000000000000000944 ) ;
#3469 = EDGE_LOOP ( 'NONE', ( #2971, #1626, #419, #1399 ) ) ;
#3470 = CARTESIAN_POINT ( 'NONE',  ( -1.300000000000000044, 0.4500000000000000111, 0.1499999999999999944 ) ) ;
#3471 = SURFACE_STYLE_USAGE ( .BOTH. , #188 ) ;
#3472 = ORIENTED_EDGE ( 'NONE', *, *, #376, .T. ) ;
#3473 = ORIENTED_EDGE ( 'NONE', *, *, #4240, .F. ) ;
#3474 = SURFACE_SIDE_STYLE ('',( #1256 ) ) ;
#3475 = PRODUCT_DEFINITION ( 'UNKNOWN', '', #776, #467 ) ;
#3476 = ORIENTED_EDGE ( 'NONE', *, *, #636, .F. ) ;
#3477 = LINE ( 'NONE', #4607, #1574 ) ;
#3478 = CARTESIAN_POINT ( 'NONE',  ( 0.9841639886931717873, 0.8000000000000000444, -0.1309845064112910018 ) ) ;
#3479 = CARTESIAN_POINT ( 'NONE',  ( 0.7428571428571429935, 0.8000000000000000444, 0.09090909090909095325 ) ) ;
#3480 = EDGE_CURVE ( 'NONE', #3499, #3088, #852, .T. ) ;
#3481 = VERTEX_POINT ( 'NONE', #2274 ) ;
#3482 = DIRECTION ( 'NONE',  ( 2.710505431213757535E-15, -1.000000000000000000, -0.0000000000000000000 ) ) ;
#3483 = CARTESIAN_POINT ( 'NONE',  ( -1.599999999999999867, -0.8499999999999998668, 0.0000000000000000000 ) ) ;
#3484 = CARTESIAN_POINT ( 'NONE',  ( 0.6934335873327600597, 0.7999999999999999334, -0.07621586583778315604 ) ) ;
#3485 = LINE ( 'NONE', #283, #1276 ) ;
#3486 = DIRECTION ( 'NONE',  ( 0.0000000000000000000, -0.0000000000000000000, -1.000000000000000000 ) ) ;
#3487 = VERTEX_POINT ( 'NONE', #3371 ) ;
#3488 = PLANE ( 'NONE',  #1721 ) ;
#3489 = FILL_AREA_STYLE ('',( #2824 ) ) ;
#3490 = MECHANICAL_DESIGN_GEOMETRIC_PRESENTATION_REPRESENTATION (  '', ( #3869 ), #4390 ) ;
#3491 =( NAMED_UNIT ( * ) PLANE_ANGLE_UNIT ( ) SI_UNIT ( $, .RADIAN. ) );
#3492 = LINE ( 'NONE', #684, #4475 ) ;
#3493 = VECTOR ( 'NONE', #2999, 1000.000000000000000 ) ;
#3494 = VERTEX_POINT ( 'NONE', #173 ) ;
#3495 =( NAMED_UNIT ( * ) SI_UNIT ( $, .STERADIAN. ) SOLID_ANGLE_UNIT ( ) );
#3496 = CARTESIAN_POINT ( 'NONE',  ( -0.9439935064935065512, 0.7999999999999999334, -0.1288961038961039529 ) ) ;
#3497 = STYLED_ITEM ( 'NONE', ( #3324 ), #1540 ) ;
#3498 = AXIS2_PLACEMENT_3D ( 'NONE', #1517, #2986, #1142 ) ;
#3499 = VERTEX_POINT ( 'NONE', #1599 ) ;
#3500 = VERTEX_POINT ( 'NONE', #3022 ) ;
#3501 =( NAMED_UNIT ( * ) SI_UNIT ( $, .STERADIAN. ) SOLID_ANGLE_UNIT ( ) );
#3502 = ORIENTED_EDGE ( 'NONE', *, *, #2150, .T. ) ;
#3503 = CARTESIAN_POINT ( 'NONE',  ( 0.0000000000000000000, 0.0000000000000000000, 0.1499999999999999944 ) ) ;
#3504 = VECTOR ( 'NONE', #578, 1000.000000000000000 ) ;
#3505 = VECTOR ( 'NONE', #1294, 1000.000000000000000 ) ;
#3506 = CARTESIAN_POINT ( 'NONE',  ( 1.028526202131282430, 0.8000000000000001554, -0.1983316289984328185 ) ) ;
#3507 = VECTOR ( 'NONE', #2259, 1000.000000000000114 ) ;
#3508 = CARTESIAN_POINT ( 'NONE',  ( 1.111688311688312059, 0.8000000000000001554, 0.08279220779220786142 ) ) ;
#3509 = DIRECTION ( 'NONE',  ( 2.521400401129082647E-16, 1.000000000000000000, -0.0000000000000000000 ) ) ;
#3510 = ORIENTED_EDGE ( 'NONE', *, *, #3244, .T. ) ;
#3511 = CARTESIAN_POINT ( 'NONE',  ( 1.169999999999999485, 0.4499999999999998446, 0.1499999999999999944 ) ) ;
#3512 = LINE ( 'NONE', #668, #2988 ) ;
#3513 = CARTESIAN_POINT ( 'NONE',  ( 0.6857301881062506377, 0.8000000000000002665, -0.1449485310310863195 ) ) ;
#3514 = VECTOR ( 'NONE', #1869, 1000.000000000000000 ) ;
#3515 = DIRECTION ( 'NONE',  ( 1.000000000000000000, -1.807003620809174632E-16, -0.0000000000000000000 ) ) ;
#3516 = EDGE_CURVE ( 'NONE', #1546, #1611, #981, .T. ) ;
#3517 = AXIS2_PLACEMENT_3D ( 'NONE', #1761, #2909, #3535 ) ;
#3518 = LINE ( 'NONE', #2141, #68 ) ;
#3519 = ORIENTED_EDGE ( 'NONE', *, *, #4354, .T. ) ;
#3520 = CARTESIAN_POINT ( 'NONE',  ( -0.9355531575520394938, 0.8000000000000005995, 0.1974991756138216870 ) ) ;
#3521 = FACE_OUTER_BOUND ( 'NONE', #303, .T. ) ;
#3522 = AXIS2_PLACEMENT_3D ( 'NONE', #332, #1763, #2842 ) ;
#3523 = EDGE_CURVE ( 'NONE', #4500, #2204, #2584, .T. ) ;
#3524 = EDGE_CURVE ( 'NONE', #1905, #477, #1984, .T. ) ;
#3525 = MECHANICAL_DESIGN_GEOMETRIC_PRESENTATION_REPRESENTATION (  '', ( #2489 ), #1277 ) ;
#3526 = SHAPE_DEFINITION_REPRESENTATION ( #3540, #3331 ) ;
#3527 = CARTESIAN_POINT ( 'NONE',  ( 1.005032467532467999, 0.7999999999999999334, 0.01818181818181825726 ) ) ;
#3528 = ORIENTED_EDGE ( 'NONE', *, *, #1693, .F. ) ;
#3529 = SURFACE_STYLE_USAGE ( .BOTH. , #983 ) ;
#3530 = ORIENTED_EDGE ( 'NONE', *, *, #926, .T. ) ;
#3531 = VERTEX_POINT ( 'NONE', #3782 ) ;
#3532 = CARTESIAN_POINT ( 'NONE',  ( 0.6906796694516376123, 0.8000000000000001554, 0.01403334456889233223 ) ) ;
#3533 = VERTEX_POINT ( 'NONE', #3757 ) ;
#3534 = CARTESIAN_POINT ( 'NONE',  ( -0.1649999999999998690, 1.285000000000000586, 0.1499999999999999944 ) ) ;
#3535 = DIRECTION ( 'NONE',  ( -0.0000000000000000000, 0.0000000000000000000, -1.000000000000000000 ) ) ;
#3536 = CARTESIAN_POINT ( 'NONE',  ( -1.599999999999999867, -0.1999999999999999833, 0.0000000000000000000 ) ) ;
#3537 = ORIENTED_EDGE ( 'NONE', *, *, #3120, .T. ) ;
#3538 = LINE ( 'NONE', #3860, #904 ) ;
#3539 = SURFACE_SIDE_STYLE ('',( #792 ) ) ;
#3540 = PRODUCT_DEFINITION_SHAPE ( 'NONE', 'NONE',  #1118 ) ;
#3541 = CARTESIAN_POINT ( 'NONE',  ( -0.05499999999999984068, 1.285000000000000586, 0.1499999999999999944 ) ) ;
#3542 = EDGE_LOOP ( 'NONE', ( #3280, #4044, #3259, #2657 ) ) ;
#3543 = CARTESIAN_POINT ( 'NONE',  ( -0.8531504180865739917, 0.7999999999999998224, 0.1426782207682571468 ) ) ;
#3544 = CARTESIAN_POINT ( 'NONE',  ( 1.299999999999999822, -1.175000000000000488, 0.1499999999999999944 ) ) ;
#3545 = DIRECTION ( 'NONE',  ( 0.0000000000000000000, -0.0000000000000000000, 1.000000000000000000 ) ) ;
#3546 =( NAMED_UNIT ( * ) PLANE_ANGLE_UNIT ( ) SI_UNIT ( $, .RADIAN. ) );
#3547 =( NAMED_UNIT ( * ) SI_UNIT ( $, .STERADIAN. ) SOLID_ANGLE_UNIT ( ) );
#3548 = CARTESIAN_POINT ( 'NONE',  ( 0.5042051418360075088, 0.8000000000000002665, 0.1412792455128056845 ) ) ;
#3549 = EDGE_CURVE ( 'NONE', #380, #2298, #4159, .T. ) ;
#3550 = ORIENTED_EDGE ( 'NONE', *, *, #3457, .T. ) ;
#3551 = ORIENTED_EDGE ( 'NONE', *, *, #1995, .F. ) ;
#3552 = VERTEX_POINT ( 'NONE', #2343 ) ;
#3553 = CARTESIAN_POINT ( 'NONE',  ( 0.1649999999999996747, -1.175000000000000488, 0.1499999999999999944 ) ) ;
#3554 = EDGE_CURVE ( 'NONE', #4253, #2416, #621, .T. ) ;
#3555 = VERTEX_POINT ( 'NONE', #1712 ) ;
#3556 = B_SPLINE_CURVE_WITH_KNOTS ( 'NONE', 3,
 ( #3496, #1005, #2435, #3849, #4192, #998, #2374, #4144, #1651, #649, #1018 ),
 .UNSPECIFIED., .F., .F.,
 ( 4, 1, 1, 1, 1, 1, 1, 1, 4 ),
 ( 0.0000000000000000000, 0.07294487272191528537, 0.1608779575796664418, 0.2639516155366142258, 0.3807514877469311276, 0.5128730946367480170, 0.6603075427893849714, 0.8231452612118883572, 0.9999999999999998890 ),
 .UNSPECIFIED. ) ;
#3557 =( NAMED_UNIT ( * ) SI_UNIT ( $, .STERADIAN. ) SOLID_ANGLE_UNIT ( ) );
#3558 = CARTESIAN_POINT ( 'NONE',  ( 1.105036828806517990, 0.8000000000000000444, -0.1183376610524264905 ) ) ;
#3559 = B_SPLINE_CURVE_WITH_KNOTS ( 'NONE', 3,
 ( #3640, #480, #2554, #1907, #3996, #1589, #3316, #4061, #820, #442, #1146 ),
 .UNSPECIFIED., .F., .F.,
 ( 4, 1, 1, 1, 1, 1, 1, 1, 4 ),
 ( 0.0000000000000000000, 0.1582684284467764102, 0.3015033656233571113, 0.4345942167689753055, 0.5595643176042310873, 0.6768128840148793790, 0.7849929332881049326, 0.8911321684747554039, 1.000000000000000000 ),
 .UNSPECIFIED. ) ;
#3560 = UNCERTAINTY_MEASURE_WITH_UNIT (LENGTH_MEASURE( 1.000000000000000082E-05 ), #2109, 'distance_accuracy_value', 'NONE');
#3561 = LINE ( 'NONE', #2866, #284 ) ;
#3562 = ORIENTED_EDGE ( 'NONE', *, *, #2848, .T. ) ;
#3563 = DIRECTION ( 'NONE',  ( 1.734723475976807883E-15, 1.000000000000000000, 0.0000000000000000000 ) ) ;
#3564 = CARTESIAN_POINT ( 'NONE',  ( -1.191118489197771968, 0.8000000000000000444, -1.191118489197771968 ) ) ;
#3565 = CARTESIAN_POINT ( 'NONE',  ( 0.9004822800917986481, 0.8000000000000000444, 0.1111388964437333149 ) ) ;
#3566 = CARTESIAN_POINT ( 'NONE',  ( 0.005111151220792665810, 0.8000000000000002665, 0.1600554796577488281 ) ) ;
#3567 = VERTEX_POINT ( 'NONE', #962 ) ;
#3568 = CARTESIAN_POINT ( 'NONE',  ( -0.9199102759355398673, 0.8000000000000002665, 0.1941321094069355380 ) ) ;
#3569 = CARTESIAN_POINT ( 'NONE',  ( 0.6189935064935064846, 0.7999999999999998224, -0.06144480519480513547 ) ) ;
#3570 = CARTESIAN_POINT ( 'NONE',  ( -1.600000000000000533, 1.099999999999999867, 0.0000000000000000000 ) ) ;
#3571 = CARTESIAN_POINT ( 'NONE',  ( 0.05499999999999984068, 1.285000000000000586, 0.1499999999999999944 ) ) ;
#3572 = CARTESIAN_POINT ( 'NONE',  ( 0.1295301827271628514, 0.8000000000000002665, 0.09013186378099002916 ) ) ;
#3573 = VERTEX_POINT ( 'NONE', #2055 ) ;
#3574 = EDGE_CURVE ( 'NONE', #3807, #4323, #3831, .T. ) ;
#3575 = VECTOR ( 'NONE', #853, 1000.000000000000000 ) ;
#3576 = ORIENTED_EDGE ( 'NONE', *, *, #837, .F. ) ;
#3577 = CARTESIAN_POINT ( 'NONE',  ( 0.5571703518910791075, 0.8000000000000000444, 0.09838173756003978920 ) ) ;
#3578 =( NAMED_UNIT ( * ) PLANE_ANGLE_UNIT ( ) SI_UNIT ( $, .RADIAN. ) );
#3579 = CARTESIAN_POINT ( 'NONE',  ( 0.6976840720337311730, 0.7999999999999999334, 0.02749829934675977056 ) ) ;
#3580 = ORIENTED_EDGE ( 'NONE', *, *, #2533, .T. ) ;
#3581 = CARTESIAN_POINT ( 'NONE',  ( 1.299999999999999822, -0.4500000000000001776, 0.1499999999999999944 ) ) ;
#3582 = STYLED_ITEM ( 'NONE', ( #1702 ), #2352 ) ;
#3583 = ADVANCED_FACE ( 'NONE', ( #1011 ), #4515, .F. ) ;
#3584 = EDGE_CURVE ( 'NONE', #3930, #3325, #3443, .T. ) ;
#3585 = FACE_BOUND ( 'NONE', #3821, .T. ) ;
#3586 = COLOUR_RGB ( '',0.8509803921568627194, 0.8509803921568627194, 0.8509803921568627194 ) ;
#3587 = ORIENTED_EDGE ( 'NONE', *, *, #1556, .F. ) ;
#3588 = CARTESIAN_POINT ( 'NONE',  ( 1.005844155844156207, 0.7999999999999999334, 0.1428571428571429602 ) ) ;
#3589 = FILL_AREA_STYLE_COLOUR ( '', #3276 ) ;
#3590 = DIRECTION ( 'NONE',  ( -1.807003620809173153E-16, -1.000000000000000000, 0.0000000000000000000 ) ) ;
#3591 = CARTESIAN_POINT ( 'NONE',  ( 1.002834934460386185, 0.8000000000000000444, 0.2051131556304738590 ) ) ;
#3592 = DIRECTION ( 'NONE',  ( 0.0000000000000000000, -1.000000000000000000, 0.0000000000000000000 ) ) ;
#3593 = EDGE_LOOP ( 'NONE', ( #738, #3646, #1354, #652 ) ) ;
#3594 = AXIS2_PLACEMENT_3D ( 'NONE', #1711, #1030, #1779 ) ;
#3595 = CARTESIAN_POINT ( 'NONE',  ( 0.0000000000000000000, 0.6000000000000000888, -1.191118489197771968 ) ) ;
#3596 = CARTESIAN_POINT ( 'NONE',  ( 1.049350649350649700, 0.7999999999999999334, 0.07824675324675332833 ) ) ;
#3597 = FILL_AREA_STYLE ('',( #45 ) ) ;
#3598 = PLANE ( 'NONE',  #2709 ) ;
#3599 = CARTESIAN_POINT ( 'NONE',  ( 0.5142020603117019029, 0.8000000000000001554, 0.1600554796577487726 ) ) ;
#3600 = ORIENTED_EDGE ( 'NONE', *, *, #1203, .T. ) ;
#3601 = VECTOR ( 'NONE', #2878, 1000.000000000000000 ) ;
#3602 = EDGE_LOOP ( 'NONE', ( #2126, #1274, #3434, #1532 ) ) ;
#3603 = ORIENTED_EDGE ( 'NONE', *, *, #4431, .F. ) ;
#3604 = DIRECTION ( 'NONE',  ( -0.0000000000000000000, -0.0000000000000000000, -1.000000000000000000 ) ) ;
#3605 = FACE_OUTER_BOUND ( 'NONE', #395, .T. ) ;
#3606 = EDGE_LOOP ( 'NONE', ( #1299, #780, #1535, #2 ) ) ;
#3607 = CARTESIAN_POINT ( 'NONE',  ( -1.033766233766233889, 0.8000000000000000444, 0.0000000000000000000 ) ) ;
#3608 = CARTESIAN_POINT ( 'NONE',  ( 0.1018337314688116113, 0.7999999999999997113, -0.05546553880885864846 ) ) ;
#3609 = CARTESIAN_POINT ( 'NONE',  ( -1.308803722600291986, -0.03269648909979128160, -1.505765273202733567 ) ) ;
#3610 = ORIENTED_EDGE ( 'NONE', *, *, #1942, .T. ) ;
#3611 = CARTESIAN_POINT ( 'NONE',  ( 1.303038449397557974, 0.0000000000000000000, -1.500000000000000000 ) ) ;
#3612 = CARTESIAN_POINT ( 'NONE',  ( 0.08587859641212031159, 0.8000000000000000444, 0.1426941895744895383 ) ) ;
#3613 = CARTESIAN_POINT ( 'NONE',  ( 0.0000000000000000000, 0.0000000000000000000, 0.0000000000000000000 ) ) ;
#3614 = EDGE_CURVE ( 'NONE', #1666, #3555, #4490, .T. ) ;
#3615 = DIRECTION ( 'NONE',  ( 1.000000000000000000, 0.0000000000000000000, 0.0000000000000000000 ) ) ;
#3616 = ADVANCED_FACE ( 'NONE', ( #4536 ), #1643, .F. ) ;
#3617 = DIRECTION ( 'NONE',  ( -0.0000000000000000000, -0.0000000000000000000, 1.000000000000000000 ) ) ;
#3618 = ORIENTED_EDGE ( 'NONE', *, *, #3892, .T. ) ;
#3619 = DIRECTION ( 'NONE',  ( 1.000000000000000000, -0.0000000000000000000, -0.0000000000000000000 ) ) ;
#3620 = CARTESIAN_POINT ( 'NONE',  ( -1.300000000000000266, 1.174999999999999822, 0.0000000000000000000 ) ) ;
#3621 = CARTESIAN_POINT ( 'NONE',  ( -0.8867692560285963532, 0.7999999999999999334, -0.05497252073899935865 ) ) ;
#3622 = DIRECTION ( 'NONE',  ( 0.0000000000000000000, 1.000000000000000000, 0.0000000000000000000 ) ) ;
#3623 = DIRECTION ( 'NONE',  ( 0.0000000000000000000, 0.0000000000000000000, 1.000000000000000000 ) ) ;
#3624 = CARTESIAN_POINT ( 'NONE',  ( 0.1246753246753245781, 0.8000000000000000444, -0.09691558441558438541 ) ) ;
#3625 = ORIENTED_EDGE ( 'NONE', *, *, #2436, .T. ) ;
#3626 = CARTESIAN_POINT ( 'NONE',  ( 1.085719275304248610, 0.8000000000000000444, -0.03734903408246301876 ) ) ;
#3627 = CARTESIAN_POINT ( 'NONE',  ( 0.5513407791605040575, 0.8000000000000003775, -0.1904605138835882283 ) ) ;
#3628 = ORIENTED_EDGE ( 'NONE', *, *, #2444, .F. ) ;
#3629 = CARTESIAN_POINT ( 'NONE',  ( 0.5300000000000003597, 1.175000000000000266, 0.1499999999999999944 ) ) ;
#3630 = FACE_OUTER_BOUND ( 'NONE', #2064, .T. ) ;
#3631 = EDGE_CURVE ( 'NONE', #3163, #1232, #4185, .T. ) ;
#3632 = LINE ( 'NONE', #1174, #361 ) ;
#3633 = EDGE_LOOP ( 'NONE', ( #913, #4487, #2530, #703 ) ) ;
#3634 = CARTESIAN_POINT ( 'NONE',  ( 1.300000000000000044, -0.5300000000000002487, 0.1499999999999999944 ) ) ;
#3635 = CARTESIAN_POINT ( 'NONE',  ( -1.303038449397558418, 0.0000000000000000000, 1.500000000000000000 ) ) ;
#3636 = EDGE_CURVE ( 'NONE', #1564, #1427, #3112, .T. ) ;
#3637 = ADVANCED_FACE ( 'NONE', ( #2367 ), #3435, .T. ) ;
#3638 = CARTESIAN_POINT ( 'NONE',  ( 0.8988593988361341935, 0.8000000000000002665, 0.07947988085772808575 ) ) ;
#3639 = DIRECTION ( 'NONE',  ( -0.0000000000000000000, -0.0000000000000000000, -1.000000000000000000 ) ) ;
#3640 = CARTESIAN_POINT ( 'NONE',  ( 1.049350649350649700, 0.7999999999999999334, 0.07824675324675332833 ) ) ;
#3641 = EDGE_LOOP ( 'NONE', ( #2994, #2574, #1474, #180 ) ) ;
#3642 = CARTESIAN_POINT ( 'NONE',  ( 0.0000000000000000000, 0.8000000000000000444, -0.2000000000000000111 ) ) ;
#3643 = AXIS2_PLACEMENT_3D ( 'NONE', #3541, #3592, #3486 ) ;
#3644 = CARTESIAN_POINT ( 'NONE',  ( 0.5116497859613960975, 0.8000000000000000444, -0.1525025812061046038 ) ) ;
#3645 = CARTESIAN_POINT ( 'NONE',  ( 0.0000000000000000000, 0.8000000000000000444, 0.02857142857142855666 ) ) ;
#3646 = ORIENTED_EDGE ( 'NONE', *, *, #2533, .F. ) ;
#3647 = CARTESIAN_POINT ( 'NONE',  ( 0.0000000000000000000, 0.8000000000000000444, 0.0000000000000000000 ) ) ;
#3648 = CARTESIAN_POINT ( 'NONE',  ( 0.5856117748891150887, 0.8000000000000001554, 0.01446100947789303280 ) ) ;
#3649 = VECTOR ( 'NONE', #1893, 1000.000000000000000 ) ;
#3650 = PRESENTATION_LAYER_ASSIGNMENT (  '', '', ( #3582 ) ) ;
#3651 = LINE ( 'NONE', #2628, #529 ) ;
#3652 = PRESENTATION_LAYER_ASSIGNMENT (  '', '', ( #3497 ) ) ;
#3653 = CLOSED_SHELL ( 'NONE', ( #3451, #1344, #791, #1415, #1381, #2090 ) ) ;
#3654 = CARTESIAN_POINT ( 'NONE',  ( 1.219999999999999751, -0.7699999999999999067, 0.0000000000000000000 ) ) ;
#3655 = VERTEX_POINT ( 'NONE', #1670 ) ;
#3656 = CARTESIAN_POINT ( 'NONE',  ( 1.500000000000000000, 0.0000000000000000000, 1.303038449397558418 ) ) ;
#3657 = CARTESIAN_POINT ( 'NONE',  ( 0.6008148203822235578, 0.8000000000000003775, 0.01318956991923378973 ) ) ;
#3658 = EDGE_CURVE ( 'NONE', #615, #1845, #4503, .T. ) ;
#3659 = CIRCLE ( 'NONE', #1048, 0.2000000000000000944 ) ;
#3660 = DIRECTION ( 'NONE',  ( 0.0000000000000000000, -0.0000000000000000000, 1.000000000000000000 ) ) ;
#3661 = EDGE_CURVE ( 'NONE', #1585, #477, #2534, .T. ) ;
#3662 = VECTOR ( 'NONE', #3136, 1000.000000000000000 ) ;
#3663 = ADVANCED_FACE ( 'NONE', ( #3983 ), #4331, .F. ) ;
#3664 = VECTOR ( 'NONE', #846, 1000.000000000000000 ) ;
#3665 = CARTESIAN_POINT ( 'NONE',  ( -1.599999999999999867, 0.1999999999999999833, 0.1499999999999999944 ) ) ;
#3666 = PLANE ( 'NONE',  #4034 ) ;
#3667 = ORIENTED_EDGE ( 'NONE', *, *, #4147, .T. ) ;
#3668 =( NAMED_UNIT ( * ) SI_UNIT ( $, .STERADIAN. ) SOLID_ANGLE_UNIT ( ) );
#3669 = CARTESIAN_POINT ( 'NONE',  ( -0.1714285714285715134, 0.8000000000000000444, 0.09090909090909092549 ) ) ;
#3670 = COLOUR_RGB ( '',0.8509803921568627194, 0.8509803921568627194, 0.8509803921568627194 ) ;
#3671 = DIRECTION ( 'NONE',  ( -1.184920407087982840E-16, 1.000000000000000000, 0.0000000000000000000 ) ) ;
#3672 = CARTESIAN_POINT ( 'NONE',  ( -1.303038449397558418, 0.0000000000000000000, -1.500000000000000000 ) ) ;
#3673 = DIRECTION ( 'NONE',  ( -0.0000000000000000000, -0.0000000000000000000, -1.000000000000000000 ) ) ;
#3674 = DIRECTION ( 'NONE',  ( 1.000000000000000000, 0.0000000000000000000, -0.0000000000000000000 ) ) ;
#3675 = CARTESIAN_POINT ( 'NONE',  ( 0.0000000000000000000, 0.8000000000000000444, 0.1999999999999999833 ) ) ;
#3676 = CARTESIAN_POINT ( 'NONE',  ( -1.169999999999999929, -0.8499999999999998668, 0.0000000000000000000 ) ) ;
#3677 = VERTEX_POINT ( 'NONE', #3581 ) ;
#3678 = PLANE ( 'NONE',  #222 ) ;
#3679 = CARTESIAN_POINT ( 'NONE',  ( -0.9750811688311689096, 0.7999999999999999334, -0.2000000000000000389 ) ) ;
#3680 = VERTEX_POINT ( 'NONE', #1031 ) ;
#3681 = DIRECTION ( 'NONE',  ( -2.464095846557962920E-16, 1.000000000000000000, 0.0000000000000000000 ) ) ;
#3682 = CARTESIAN_POINT ( 'NONE',  ( -1.300000000000000266, 1.100000000000000089, 0.1499999999999999944 ) ) ;
#3683 = EDGE_CURVE ( 'NONE', #980, #3391, #3183, .T. ) ;
#3684 = DIRECTION ( 'NONE',  ( -0.9848077530122080203, 0.1736481776669307198, 0.0000000000000000000 ) ) ;
#3685 = ORIENTED_EDGE ( 'NONE', *, *, #1726, .F. ) ;
#3686 = CARTESIAN_POINT ( 'NONE',  ( 0.1843426782418509935, 0.7999999999999999334, -0.07621586583778318380 ) ) ;
#3687 = LINE ( 'NONE', #2268, #1358 ) ;
#3688 = EDGE_CURVE ( 'NONE', #4329, #639, #4608, .T. ) ;
#3689 = UNCERTAINTY_MEASURE_WITH_UNIT (LENGTH_MEASURE( 1.000000000000000082E-05 ), #2623, 'distance_accuracy_value', 'NONE');
#3690 = CARTESIAN_POINT ( 'NONE',  ( 0.6693288740907628043, 0.8000000000000000444, -0.1690704196179212138 ) ) ;
#3691 = CARTESIAN_POINT ( 'NONE',  ( 0.5300000000000003597, 0.1750000000000001277, 0.1499999999999999944 ) ) ;
#3692 = VERTEX_POINT ( 'NONE', #2514 ) ;
#3693 = LINE ( 'NONE', #1195, #3813 ) ;
#3694 = VERTEX_POINT ( 'NONE', #3932 ) ;
#3695 = CARTESIAN_POINT ( 'NONE',  ( -0.8978235837622052795, 0.8000000000000000444, -0.09192218159679427236 ) ) ;
#3696 = FACE_OUTER_BOUND ( 'NONE', #2452, .T. ) ;
#3697 = B_SPLINE_CURVE_WITH_KNOTS ( 'NONE', 3,
 ( #1036, #3188, #3216, #3484, #2116, #12, #282, #1090, #1717, #3142, #4568 ),
 .UNSPECIFIED., .F., .F.,
 ( 4, 1, 1, 1, 1, 1, 1, 1, 4 ),
 ( 0.0000000000000000000, 0.1264126829649618866, 0.2480645286968744812, 0.3677857399335039967, 0.4869373622728256357, 0.6077221292347536608, 0.7316345723975909987, 0.8624064927808086090, 1.000000000000000000 ),
 .UNSPECIFIED. ) ;
#3698 = CARTESIAN_POINT ( 'NONE',  ( -0.8830702706789835821, 0.7999999999999996003, -0.1761586493080788962 ) ) ;
#3699 = VERTEX_POINT ( 'NONE', #2201 ) ;
#3700 = DIRECTION ( 'NONE',  ( -0.0000000000000000000, -0.0000000000000000000, 1.000000000000000000 ) ) ;
#3701 = CARTESIAN_POINT ( 'NONE',  ( 0.8991655251693436712, 0.7999999999999999334, 0.06835131350780310200 ) ) ;
#3702 = CARTESIAN_POINT ( 'NONE',  ( 0.1649999999999996747, -1.175000000000000488, 0.0000000000000000000 ) ) ;
#3703 = ORIENTED_EDGE ( 'NONE', *, *, #3771, .F. ) ;
#3704 =( NAMED_UNIT ( * ) SI_UNIT ( $, .STERADIAN. ) SOLID_ANGLE_UNIT ( ) );
#3705 = CARTESIAN_POINT ( 'NONE',  ( 1.069053118794407231, 0.7999999999999999334, -0.008233484935253630732 ) ) ;
#3706 = EDGE_CURVE ( 'NONE', #3481, #4287, #330, .T. ) ;
#3707 = ORIENTED_EDGE ( 'NONE', *, *, #1524, .F. ) ;
#3708 = LINE ( 'NONE', #486, #4248 ) ;
#3709 = DIRECTION ( 'NONE',  ( -1.000000000000000000, -0.0000000000000000000, -0.0000000000000000000 ) ) ;
#3710 = VERTEX_POINT ( 'NONE', #1130 ) ;
#3711 = CARTESIAN_POINT ( 'NONE',  ( 0.08969155844155836388, 0.7999999999999999334, 0.2051948051948052631 ) ) ;
#3712 = DIRECTION ( 'NONE',  ( -1.000000000000000000, 1.807003620809174632E-16, 0.0000000000000000000 ) ) ;
#3713 = DIRECTION ( 'NONE',  ( -1.000000000000000000, -7.228014483236698528E-16, 0.0000000000000000000 ) ) ;
#3714 = EDGE_CURVE ( 'NONE', #2416, #2390, #351, .T. ) ;
#3715 = EDGE_CURVE ( 'NONE', #806, #2130, #1805, .T. ) ;
#3716 = SURFACE_SIDE_STYLE ('',( #1217 ) ) ;
#3717 = VECTOR ( 'NONE', #1750, 1000.000000000000000 ) ;
#3718 = ORIENTED_EDGE ( 'NONE', *, *, #1320, .F. ) ;
#3719 = CARTESIAN_POINT ( 'NONE',  ( 1.419124823942438773, 0.0000000000000000000, 1.500000000000000222 ) ) ;
#3720 = CARTESIAN_POINT ( 'NONE',  ( -0.9236183571795887337, 0.7999999999999999334, 0.1232069707256475410 ) ) ;
#3721 = CARTESIAN_POINT ( 'NONE',  ( -0.8531380055254362826, 0.8000000000000000444, -0.1421083074564025162 ) ) ;
#3722 = STYLED_ITEM ( 'NONE', ( #4209 ), #1635 ) ;
#3723 =( GEOMETRIC_REPRESENTATION_CONTEXT ( 3 ) GLOBAL_UNCERTAINTY_ASSIGNED_CONTEXT ( ( #2621 ) ) GLOBAL_UNIT_ASSIGNED_CONTEXT ( ( #889, #1288, #3343 ) ) REPRESENTATION_CONTEXT ( 'NONE', 'WORKASPACE' ) );
#3724 = VERTEX_POINT ( 'NONE', #2556 ) ;
#3725 = EDGE_LOOP ( 'NONE', ( #2303, #877, #4351, #4417, #4364, #3519, #2529, #1674, #1706, #1114, #2774, #4595, #3080, #4306, #394, #4207, #1825, #1854, #2561, #3239, #2830, #3312, #1346, #973 ) ) ;
#3726 = CARTESIAN_POINT ( 'NONE',  ( 0.0000000000000000000, 0.8000000000000000444, 0.01298701298701302430 ) ) ;
#3727 = VECTOR ( 'NONE', #1210, 1000.000000000000000 ) ;
#3728 = DIRECTION ( 'NONE',  ( 0.0000000000000000000, -0.9848077530122080203, 0.1736481776669307198 ) ) ;
#3729 = EDGE_LOOP ( 'NONE', ( #2503, #1326, #1287, #2945 ) ) ;
#3730 = COLOUR_RGB ( '',0.8509803921568627194, 0.8509803921568627194, 0.8509803921568627194 ) ;
#3731 = CARTESIAN_POINT ( 'NONE',  ( 0.08312486506642237372, 0.8000000000000000444, -0.1375129454663361617 ) ) ;
#3732 = DIRECTION ( 'NONE',  ( -0.0000000000000000000, -0.0000000000000000000, -1.000000000000000000 ) ) ;
#3733 =( GEOMETRIC_REPRESENTATION_CONTEXT ( 3 ) GLOBAL_UNCERTAINTY_ASSIGNED_CONTEXT ( ( #7 ) ) GLOBAL_UNIT_ASSIGNED_CONTEXT ( ( #1400, #610, #3495 ) ) REPRESENTATION_CONTEXT ( 'NONE', 'WORKASPACE' ) );
#3734 = ORIENTED_EDGE ( 'NONE', *, *, #4609, .F. ) ;
#3735 = CARTESIAN_POINT ( 'NONE',  ( 0.6326742960230321566, 0.7999999999999999334, 0.1151240328851290545 ) ) ;
#3736 = ORIENTED_EDGE ( 'NONE', *, *, #3403, .F. ) ;
#3737 = CARTESIAN_POINT ( 'NONE',  ( -1.219999999999999751, 0.5300000000000004707, 0.1499999999999999944 ) ) ;
#3738 =( GEOMETRIC_REPRESENTATION_CONTEXT ( 3 ) GLOBAL_UNCERTAINTY_ASSIGNED_CONTEXT ( ( #3933 ) ) GLOBAL_UNIT_ASSIGNED_CONTEXT ( ( #1578, #3546, #4163 ) ) REPRESENTATION_CONTEXT ( 'NONE', 'WORKASPACE' ) );
#3739 = DIRECTION ( 'NONE',  ( -1.000000000000000000, 0.0000000000000000000, 0.0000000000000000000 ) ) ;
#3740 = VECTOR ( 'NONE', #1818, 1000.000000000000000 ) ;
#3741 = FILL_AREA_STYLE_COLOUR ( '', #2609 ) ;
#3742 = EDGE_CURVE ( 'NONE', #3066, #927, #3053, .T. ) ;
#3743 = ORIENTED_EDGE ( 'NONE', *, *, #2814, .T. ) ;
#3744 = CARTESIAN_POINT ( 'NONE',  ( 1.048603664992353135, 0.7999999999999999334, 0.09325625150528740748 ) ) ;
#3745 = EDGE_CURVE ( 'NONE', #3325, #3024, #1663, .T. ) ;
#3746 = CARTESIAN_POINT ( 'NONE',  ( -0.9724523013667866200, 0.7999999999999998224, 0.1324620528947627329 ) ) ;
#3747 = CARTESIAN_POINT ( 'NONE',  ( 1.049350649350649700, 0.8000000000000001554, -0.09131493506493498780 ) ) ;
#3748 = ORIENTED_EDGE ( 'NONE', *, *, #4328, .F. ) ;
#3749 = EDGE_CURVE ( 'NONE', #598, #175, #3883, .T. ) ;
#3750 = EDGE_LOOP ( 'NONE', ( #2665, #2429, #1961, #3986 ) ) ;
#3751 = CARTESIAN_POINT ( 'NONE',  ( 0.1973559345268210141, 0.8000000000000004885, 0.07424132042359506134 ) ) ;
#3752 = PLANE ( 'NONE',  #2546 ) ;
#3753 = CARTESIAN_POINT ( 'NONE',  ( 0.1973237948312207279, 0.7999999999999998224, 0.08187767064140537288 ) ) ;
#3754 = ORIENTED_EDGE ( 'NONE', *, *, #1406, .T. ) ;
#3755 = DIRECTION ( 'NONE',  ( -1.000000000000000000, -2.464095846557962920E-16, 0.0000000000000000000 ) ) ;
#3756 = ORIENTED_EDGE ( 'NONE', *, *, #1755, .T. ) ;
#3757 = CARTESIAN_POINT ( 'NONE',  ( 1.500000000000000000, 0.0000000000000000000, -1.303038449397558418 ) ) ;
#3758 = DIRECTION ( 'NONE',  ( 1.000000000000000000, 7.228014483236698528E-16, 0.0000000000000000000 ) ) ;
#3759 = CARTESIAN_POINT ( 'NONE',  ( 1.599999999999998979, 0.1999999999999998723, 0.1499999999999999944 ) ) ;
#3760 = ORIENTED_EDGE ( 'NONE', *, *, #2063, .T. ) ;
#3761 = CARTESIAN_POINT ( 'NONE',  ( 1.047684699079535431, 0.8000000000000001554, 0.1000988069962775728 ) ) ;
#3762 = CARTESIAN_POINT ( 'NONE',  ( -1.599999999999999867, -1.099999999999999867, 0.1499999999999999944 ) ) ;
#3763 = CARTESIAN_POINT ( 'NONE',  ( -0.8941872973338645947, 0.8000000000000001554, -0.1839019138437915646 ) ) ;
#3764 = DIRECTION ( 'NONE',  ( 0.0000000000000000000, 0.0000000000000000000, -1.000000000000000000 ) ) ;
#3765 = EDGE_CURVE ( 'NONE', #3573, #4500, #802, .T. ) ;
#3766 = EDGE_LOOP ( 'NONE', ( #1936, #4229, #29, #2711 ) ) ;
#3767 = VERTEX_POINT ( 'NONE', #2596 ) ;
#3768 = B_SPLINE_CURVE_WITH_KNOTS ( 'NONE', 3,
 ( #4508, #3753, #2685, #3127, #4178, #2734, #3450, #3776, #3404, #635, #1632, #1306, #254, #231, #1282, #1685, #956, #2048, #3428 ),
 .UNSPECIFIED., .F., .F.,
 ( 4, 1, 1, 1, 1, 1, 1, 1, 1, 1, 1, 1, 1, 1, 1, 1, 4 ),
 ( 0.0000000000000000000, 0.07293111332186150153, 0.1428174378056282223, 0.2104347745976194728, 0.2764413666885386922, 0.3414389221553659759, 0.4052669598182466748, 0.4693035474503970961, 0.5335776493204329451, 0.5968602406575187480, 0.6572157576442386739, 0.7158163588670163335, 0.7724516706876729533, 0.8290213632245185815, 0.8848334484977626868, 0.9418742489274802843, 0.9999999999999998890 ),
 .UNSPECIFIED. ) ;
#3769 = CARTESIAN_POINT ( 'NONE',  ( 0.9054225289911200791, 0.7999999999999996003, -0.1195337099483738952 ) ) ;
#3770 = B_SPLINE_CURVE_WITH_KNOTS ( 'NONE', 3,
 ( #2549, #3638, #3701, #3994, #434, #1144, #1860, #4039, #95, #840, #1518 ),
 .UNSPECIFIED., .F., .F.,
 ( 4, 1, 1, 1, 1, 1, 1, 1, 4 ),
 ( 0.0000000000000000000, 0.1424921212187519604, 0.2759048284525892347, 0.4028826122233951645, 0.5251017260726471569, 0.6448085377930969919, 0.7617567093202984863, 0.8795895487794151979, 1.000000000000000000 ),
 .UNSPECIFIED. ) ;
#3771 = EDGE_CURVE ( 'NONE', #4130, #1004, #2218, .T. ) ;
#3772 = EDGE_CURVE ( 'NONE', #1845, #4544, #267, .T. ) ;
#3773 = CARTESIAN_POINT ( 'NONE',  ( 0.8987012987012991116, 0.7999999999999999334, 0.08522727272727281811 ) ) ;
#3774 = ORIENTED_EDGE ( 'NONE', *, *, #3943, .F. ) ;
#3775 = CARTESIAN_POINT ( 'NONE',  ( -0.1650000000000003131, -1.175000000000000488, 0.0000000000000000000 ) ) ;
#3776 = CARTESIAN_POINT ( 'NONE',  ( 0.1796383988767842055, 0.7999999999999997113, 0.1497896649123416912 ) ) ;
#3777 = ORIENTED_EDGE ( 'NONE', *, *, #2929, .T. ) ;
#3778 = DIRECTION ( 'NONE',  ( -0.0000000000000000000, 1.000000000000000000, -0.0000000000000000000 ) ) ;
#3779 = LINE ( 'NONE', #1616, #78 ) ;
#3780 = ORIENTED_EDGE ( 'NONE', *, *, #1069, .F. ) ;
#3781 = DIRECTION ( 'NONE',  ( 0.0000000000000000000, 1.000000000000000000, 0.0000000000000000000 ) ) ;
#3782 = CARTESIAN_POINT ( 'NONE',  ( 1.006655844155844637, 0.7999999999999999334, 0.2051948051948052909 ) ) ;
#3783 = CYLINDRICAL_SURFACE ( 'NONE', #884, 0.2000000000000000944 ) ;
#3784 = EDGE_LOOP ( 'NONE', ( #2857, #4243, #115, #4513 ) ) ;
#3785 = CARTESIAN_POINT ( 'NONE',  ( -1.169999999999999707, -1.099999999999999867, 0.0000000000000000000 ) ) ;
#3786 = CARTESIAN_POINT ( 'NONE',  ( 1.599999999999999645, -1.100000000000000089, 0.0000000000000000000 ) ) ;
#3787 = CARTESIAN_POINT ( 'NONE',  ( 0.6887293079676934937, 0.8000000000000000444, 0.1497896649123417467 ) ) ;
#3788 = CARTESIAN_POINT ( 'NONE',  ( -0.05499999999999997252, 1.550000000000000488, 0.1499999999999999944 ) ) ;
#3789 =( BOUNDED_CURVE ( )  B_SPLINE_CURVE ( 3, ( #3095, #4073, #3719, #519 ),
 .UNSPECIFIED., .F., .T. ) 
 B_SPLINE_CURVE_WITH_KNOTS ( ( 4, 4 ),
 ( 5.512866274278616530, 7.053504340080555934 ),
 .UNSPECIFIED. ) 
 CURVE ( )  GEOMETRIC_REPRESENTATION_ITEM ( )  RATIONAL_B_SPLINE_CURVE ( ( 1.000000000000000000, 0.8117923620232503357, 0.8117923620232503357, 1.000000000000000000 ) ) 
 REPRESENTATION_ITEM ( '' )  );
#3790 = ORIENTED_EDGE ( 'NONE', *, *, #2379, .F. ) ;
#3791 = VECTOR ( 'NONE', #1064, 1000.000000000000000 ) ;
#3792 = ORIENTED_EDGE ( 'NONE', *, *, #3683, .T. ) ;
#3793 = EDGE_CURVE ( 'NONE', #821, #4140, #3999, .T. ) ;
#3794 = AXIS2_PLACEMENT_3D ( 'NONE', #4437, #3755, #4510 ) ;
#3795 = AXIS2_PLACEMENT_3D ( 'NONE', #318, #1769, #4619 ) ;
#3796 = VECTOR ( 'NONE', #3709, 1000.000000000000000 ) ;
#3797 = VECTOR ( 'NONE', #1923, 1000.000000000000000 ) ;
#3798 = APPLICATION_PROTOCOL_DEFINITION ( 'draft international standard', 'automotive_design', 1998, #2834 ) ;
#3799 = DIRECTION ( 'NONE',  ( 1.000000000000000000, 3.469446951953615372E-15, -0.0000000000000000000 ) ) ;
#3800 = EDGE_CURVE ( 'NONE', #4342, #443, #166, .T. ) ;
#3801 = ORIENTED_EDGE ( 'NONE', *, *, #3267, .F. ) ;
#3802 = ADVANCED_FACE ( 'NONE', ( #2953 ), #420, .T. ) ;
#3803 = DIRECTION ( 'NONE',  ( 1.000000000000000000, -2.521400401129082647E-16, -0.0000000000000000000 ) ) ;
#3804 = FACE_OUTER_BOUND ( 'NONE', #3201, .T. ) ;
#3805 = VECTOR ( 'NONE', #532, 1000.000000000000000 ) ;
#3806 = MECHANICAL_DESIGN_GEOMETRIC_PRESENTATION_REPRESENTATION (  '', ( #4474 ), #1271 ) ;
#3807 = VERTEX_POINT ( 'NONE', #4434 ) ;
#3808 = VERTEX_POINT ( 'NONE', #4046 ) ;
#3809 = PRESENTATION_STYLE_ASSIGNMENT (( #3828 ) ) ;
#3810 = ORIENTED_EDGE ( 'NONE', *, *, #2035, .T. ) ;
#3811 = LINE ( 'NONE', #2595, #3514 ) ;
#3812 = CARTESIAN_POINT ( 'NONE',  ( 1.008360389610390095, 0.8000000000000001554, -0.1376623376623375694 ) ) ;
#3813 = VECTOR ( 'NONE', #1550, 1000.000000000000000 ) ;
#3814 = CARTESIAN_POINT ( 'NONE',  ( -1.308803722600291986, -0.06742612463317743110, 1.308803722600291986 ) ) ;
#3815 = SURFACE_STYLE_FILL_AREA ( #1673 ) ;
#3816 = ORIENTED_EDGE ( 'NONE', *, *, #3217, .T. ) ;
#3817 = DIRECTION ( 'NONE',  ( 0.0000000000000000000, -0.0000000000000000000, 1.000000000000000000 ) ) ;
#3818 = CARTESIAN_POINT ( 'NONE',  ( -0.9511834649715880108, 0.7999999999999998224, 0.1309518624471317505 ) ) ;
#3819 = CARTESIAN_POINT ( 'NONE',  ( -1.303038449397558418, 0.0000000000000000000, 1.500000000000000000 ) ) ;
#3820 = CARTESIAN_POINT ( 'NONE',  ( 0.07652086579820603640, 0.7999999999999999334, 0.01446100947789301372 ) ) ;
#3821 = EDGE_LOOP ( 'NONE', ( #224, #2187, #411, #941, #2028, #2242, #3460, #181 ) ) ;
#3822 = DIRECTION ( 'NONE',  ( -1.000000000000000000, 0.0000000000000000000, 0.0000000000000000000 ) ) ;
#3823 = CARTESIAN_POINT ( 'NONE',  ( 0.5885408108774339286, 0.8000000000000002665, 0.2049036749863517581 ) ) ;
#3824 = ORIENTED_EDGE ( 'NONE', *, *, #2904, .T. ) ;
#3825 = EDGE_CURVE ( 'NONE', #4096, #3366, #3687, .T. ) ;
#3826 = VERTEX_POINT ( 'NONE', #3669 ) ;
#3827 = ORIENTED_EDGE ( 'NONE', *, *, #1863, .F. ) ;
#3828 = SURFACE_STYLE_USAGE ( .BOTH. , #2340 ) ;
#3829 = EDGE_LOOP ( 'NONE', ( #3104, #101, #2308, #1904 ) ) ;
#3830 = DIRECTION ( 'NONE',  ( 1.000000000000000000, -2.521400401129082647E-16, -0.0000000000000000000 ) ) ;
#3831 = LINE ( 'NONE', #3410, #4345 ) ;
#3832 = B_SPLINE_CURVE_WITH_KNOTS ( 'NONE', 3,
 ( #1752, #2125, #4223, #4599, #2510, #3922, #2782, #295, #3572, #4201, #1023 ),
 .UNSPECIFIED., .F., .F.,
 ( 4, 1, 1, 1, 1, 1, 1, 1, 4 ),
 ( 0.0000000000000000000, 0.09669301318225038966, 0.1929420357854848556, 0.2949267169060311167, 0.4099877910103195133, 0.5377559460081980935, 0.6757195198396245273, 0.8295651592730743928, 1.000000000000000000 ),
 .UNSPECIFIED. ) ;
#3833 = EDGE_CURVE ( 'NONE', #1449, #3255, #77, .T. ) ;
#3834 = CARTESIAN_POINT ( 'NONE',  ( 1.111302258109777341, 0.8000000000000003775, 0.1003101833791750774 ) ) ;
#3835 = ORIENTED_EDGE ( 'NONE', *, *, #2899, .T. ) ;
#3836 = DIRECTION ( 'NONE',  ( 1.000000000000000000, 0.0000000000000000000, 0.0000000000000000000 ) ) ;
#3837 = DIRECTION ( 'NONE',  ( -1.000000000000000000, -0.0000000000000000000, -0.0000000000000000000 ) ) ;
#3838 = DIRECTION ( 'NONE',  ( 0.0000000000000000000, -0.0000000000000000000, -1.000000000000000000 ) ) ;
#3839 = CARTESIAN_POINT ( 'NONE',  ( 0.06481371473559903451, 0.8000000000000000444, 0.01786684745641988273 ) ) ;
#3840 = ORIENTED_EDGE ( 'NONE', *, *, #2210, .F. ) ;
#3841 = DIRECTION ( 'NONE',  ( -0.0000000000000000000, -0.0000000000000000000, -1.000000000000000000 ) ) ;
#3842 = ORIENTED_EDGE ( 'NONE', *, *, #4426, .T. ) ;
#3843 = DIRECTION ( 'NONE',  ( -1.000000000000000000, 1.734723475976807686E-15, 0.0000000000000000000 ) ) ;
#3844 = DIRECTION ( 'NONE',  ( 1.000000000000000000, 0.0000000000000000000, -0.0000000000000000000 ) ) ;
#3845 = PRODUCT_CONTEXT ( 'NONE', #2355, 'mechanical' ) ;
#3846 = CARTESIAN_POINT ( 'NONE',  ( -0.1649999999999998412, 1.175000000000000488, 0.1499999999999999944 ) ) ;
#3847 = ORIENTED_EDGE ( 'NONE', *, *, #13, .F. ) ;
#3848 = DIRECTION ( 'NONE',  ( 0.0000000000000000000, -0.0000000000000000000, -1.000000000000000000 ) ) ;
#3849 = CARTESIAN_POINT ( 'NONE',  ( -0.9534531061589850420, 0.7999999999999996003, -0.1304951115096801006 ) ) ;
#3850 = CARTESIAN_POINT ( 'NONE',  ( 0.6960341788815950226, 0.8000000000000000444, -0.1034951992245807945 ) ) ;
#3851 = VERTEX_POINT ( 'NONE', #3319 ) ;
#3852 = ORIENTED_EDGE ( 'NONE', *, *, #2030, .T. ) ;
#3853 = DIRECTION ( 'NONE',  ( -2.710505431213761479E-15, 1.000000000000000000, -0.0000000000000000000 ) ) ;
#3854 = VERTEX_POINT ( 'NONE', #864 ) ;
#3855 = ADVANCED_FACE ( 'NONE', ( #1502 ), #4371, .T. ) ;
#3856 = CARTESIAN_POINT ( 'NONE',  ( 0.0000000000000000000, 0.8000000000000000444, 0.2000000000000000389 ) ) ;
#3857 = DIRECTION ( 'NONE',  ( 0.0000000000000000000, -0.0000000000000000000, -1.000000000000000000 ) ) ;
#3858 = LINE ( 'NONE', #1646, #439 ) ;
#3859 = ORIENTED_EDGE ( 'NONE', *, *, #3035, .T. ) ;
#3860 = CARTESIAN_POINT ( 'NONE',  ( -1.219999999999999751, 0.5300000000000004707, 0.1499999999999999944 ) ) ;
#3861 =( LENGTH_UNIT ( ) NAMED_UNIT ( * ) SI_UNIT ( .MILLI., .METRE. ) );
#3862 = LINE ( 'NONE', #2771, #1184 ) ;
#3863 = EDGE_CURVE ( 'NONE', #1232, #3147, #4352, .T. ) ;
#3864 = CARTESIAN_POINT ( 'NONE',  ( 0.1456473333577537888, 0.8000000000000002665, -0.1826654224524912051 ) ) ;
#3865 = CARTESIAN_POINT ( 'NONE',  ( 0.01128897417472833793, 0.7999999999999998224, 0.1684280278945681775 ) ) ;
#3866 = ORIENTED_EDGE ( 'NONE', *, *, #575, .F. ) ;
#3867 = CARTESIAN_POINT ( 'NONE',  ( -0.8211683061077568180, 0.8000000000000001554, 0.02861636208872587323 ) ) ;
#3868 = CARTESIAN_POINT ( 'NONE',  ( 1.299999999999999822, -0.7699999999999999067, 0.0000000000000000000 ) ) ;
#3869 = STYLED_ITEM ( 'NONE', ( #996 ), #523 ) ;
#3870 =( NAMED_UNIT ( * ) SI_UNIT ( $, .STERADIAN. ) SOLID_ANGLE_UNIT ( ) );
#3871 = DIRECTION ( 'NONE',  ( -1.000000000000000000, 0.0000000000000000000, 0.0000000000000000000 ) ) ;
#3872 = AXIS2_PLACEMENT_3D ( 'NONE', #4213, #3509, #1713 ) ;
#3873 = ORIENTED_EDGE ( 'NONE', *, *, #1549, .T. ) ;
#3874 = MECHANICAL_DESIGN_GEOMETRIC_PRESENTATION_REPRESENTATION (  '', ( #72 ), #3723 ) ;
#3875 = CARTESIAN_POINT ( 'NONE',  ( 1.599999999999998979, 0.8499999999999997558, 0.1499999999999999944 ) ) ;
#3876 = CLOSED_SHELL ( 'NONE', ( #2344, #2583, #2550, #1463, #4146, #549 ) ) ;
#3877 = ORIENTED_EDGE ( 'NONE', *, *, #1350, .F. ) ;
#3878 = ORIENTED_EDGE ( 'NONE', *, *, #921, .T. ) ;
#3879 = LINE ( 'NONE', #692, #3128 ) ;
#3880 = SURFACE_STYLE_USAGE ( .BOTH. , #1404 ) ;
#3881 = VECTOR ( 'NONE', #1844, 1000.000000000000000 ) ;
#3882 = VECTOR ( 'NONE', #1552, 1000.000000000000000 ) ;
#3883 = LINE ( 'NONE', #2111, #3664 ) ;
#3884 = VECTOR ( 'NONE', #1598, 1000.000000000000000 ) ;
#3885 = EDGE_CURVE ( 'NONE', #4544, #3487, #4442, .T. ) ;
#3886 = VERTEX_POINT ( 'NONE', #1249 ) ;
#3887 = CARTESIAN_POINT ( 'NONE',  ( 0.9614099895666707862, 0.7999999999999997113, 0.09199492259190417132 ) ) ;
#3888 = FACE_OUTER_BOUND ( 'NONE', #1553, .T. ) ;
#3889 = CARTESIAN_POINT ( 'NONE',  ( 0.9233376458187533276, 0.7999999999999999334, -0.03764478298996642991 ) ) ;
#3890 = AXIS2_PLACEMENT_3D ( 'NONE', #1705, #2806, #253 ) ;
#3891 = SPHERICAL_SURFACE ( 'NONE', #1510, 0.2000000000000000111 ) ;
#3892 = EDGE_CURVE ( 'NONE', #3692, #624, #3768, .T. ) ;
#3893 = VECTOR ( 'NONE', #3563, 1000.000000000000000 ) ;
#3894 = EDGE_CURVE ( 'NONE', #3854, #2390, #908, .T. ) ;
#3895 = LINE ( 'NONE', #335, #2752 ) ;
#3896 = ORIENTED_EDGE ( 'NONE', *, *, #3771, .T. ) ;
#3897 = CARTESIAN_POINT ( 'NONE',  ( 0.5714285714285715079, 0.8000000000000000444, 0.01875000000000004788 ) ) ;
#3898 = AXIS2_PLACEMENT_3D ( 'NONE', #4528, #2026, #1022 ) ;
#3899 = ADVANCED_FACE ( 'NONE', ( #4106 ), #611, .T. ) ;
#3900 = VECTOR ( 'NONE', #3921, 1000.000000000000000 ) ;
#3901 = CARTESIAN_POINT ( 'NONE',  ( -0.8880616160054921604, 0.7999999999999998224, -0.06229115124745591286 ) ) ;
#3902 = ITEM_DEFINED_TRANSFORMATION ( 'NONE', 'NONE', #4274,  #2780 ) ;
#3903 = DIRECTION ( 'NONE',  ( 2.464095846557962920E-16, -1.000000000000000000, 0.0000000000000000000 ) ) ;
#3904 = ORIENTED_EDGE ( 'NONE', *, *, #1262, .T. ) ;
#3905 = DIRECTION ( 'NONE',  ( -0.0000000000000000000, -0.0000000000000000000, -1.000000000000000000 ) ) ;
#3906 = ORIENTED_EDGE ( 'NONE', *, *, #1634, .T. ) ;
#3907 = ORIENTED_EDGE ( 'NONE', *, *, #3745, .T. ) ;
#3908 = LINE ( 'NONE', #1057, #377 ) ;
#3909 = CARTESIAN_POINT ( 'NONE',  ( 1.080796004158206314, 0.8000000000000002665, -0.1703096591928552062 ) ) ;
#3910 = DIRECTION ( 'NONE',  ( 1.000000000000000000, 1.184920407087982840E-16, -0.0000000000000000000 ) ) ;
#3911 = ORIENTED_EDGE ( 'NONE', *, *, #2982, .T. ) ;
#3912 = DIRECTION ( 'NONE',  ( -0.0000000000000000000, -0.0000000000000000000, -1.000000000000000000 ) ) ;
#3913 = CARTESIAN_POINT ( 'NONE',  ( 0.0000000000000000000, 0.8000000000000000444, -0.09090909090909086998 ) ) ;
#3914 = CARTESIAN_POINT ( 'NONE',  ( 1.191118489197771746, 0.6000000000000000888, -1.191118489197771746 ) ) ;
#3915 = CARTESIAN_POINT ( 'NONE',  ( -0.01558441558441568155, 0.8000000000000000444, 0.09610389610389613591 ) ) ;
#3916 = ORIENTED_EDGE ( 'NONE', *, *, #3268, .T. ) ;
#3917 = DIRECTION ( 'NONE',  ( 1.000000000000000000, 1.355252715606876993E-15, 0.0000000000000000000 ) ) ;
#3918 = PLANE ( 'NONE',  #2542 ) ;
#3919 = ADVANCED_FACE ( 'NONE', ( #3804 ), #4153, .F. ) ;
#3920 = CARTESIAN_POINT ( 'NONE',  ( 1.169999999999999485, 1.099999999999999645, 0.0000000000000000000 ) ) ;
#3921 = DIRECTION ( 'NONE',  ( -0.0000000000000000000, -0.0000000000000000000, -1.000000000000000000 ) ) ;
#3922 = CARTESIAN_POINT ( 'NONE',  ( 0.1183310304026698456, 0.7999999999999999334, 0.1249469331238235309 ) ) ;
#3923 = VERTEX_POINT ( 'NONE', #1357 ) ;
#3924 = EDGE_CURVE ( 'NONE', #2075, #3389, #4204, .T. ) ;
#3925 = EDGE_CURVE ( 'NONE', #4063, #4252, #1958, .T. ) ;
#3926 = ORIENTED_EDGE ( 'NONE', *, *, #2326, .F. ) ;
#3927 = ORIENTED_EDGE ( 'NONE', *, *, #129, .T. ) ;
#3928 = CARTESIAN_POINT ( 'NONE',  ( -1.169999999999999929, -0.4500000000000000111, 0.1499999999999999944 ) ) ;
#3929 = CARTESIAN_POINT ( 'NONE',  ( 0.6774709665048477270, 0.8000000000000001554, -0.002480965030466820379 ) ) ;
#3930 = VERTEX_POINT ( 'NONE', #2073 ) ;
#3931 =( NAMED_UNIT ( * ) PLANE_ANGLE_UNIT ( ) SI_UNIT ( $, .RADIAN. ) );
#3932 = CARTESIAN_POINT ( 'NONE',  ( 0.5300000000000003597, 0.1750000000000001277, 0.0000000000000000000 ) ) ;
#3933 = UNCERTAINTY_MEASURE_WITH_UNIT (LENGTH_MEASURE( 1.000000000000000082E-05 ), #1578, 'distance_accuracy_value', 'NONE');
#3934 = CARTESIAN_POINT ( 'NONE',  ( -1.219999999999999529, 0.7699999999999997957, 0.1499999999999999944 ) ) ;
#3935 = EDGE_LOOP ( 'NONE', ( #1079, #4188, #2440, #2461 ) ) ;
#3936 = CARTESIAN_POINT ( 'NONE',  ( 0.9884241002541163112, 0.7999999999999997113, 0.1389015838521940049 ) ) ;
#3937 = CARTESIAN_POINT ( 'NONE',  ( 0.1649999999999997025, -1.285000000000000586, 0.1499999999999999944 ) ) ;
#3938 = PLANE ( 'NONE',  #4025 ) ;
#3939 = CARTESIAN_POINT ( 'NONE',  ( -0.1650000000000003131, -1.285000000000000586, 0.0000000000000000000 ) ) ;
#3940 = ORIENTED_EDGE ( 'NONE', *, *, #4525, .T. ) ;
#3941 = CARTESIAN_POINT ( 'NONE',  ( -0.7012987012987015323, 0.8000000000000000444, -0.1324675324675324839 ) ) ;
#3942 = CARTESIAN_POINT ( 'NONE',  ( -0.9641996907903868097, 0.7999999999999999334, -0.1999129437669807940 ) ) ;
#3943 = EDGE_CURVE ( 'NONE', #191, #223, #3556, .T. ) ;
#3944 = DIRECTION ( 'NONE',  ( 0.0000000000000000000, -1.000000000000000000, 0.0000000000000000000 ) ) ;
#3945 = CARTESIAN_POINT ( 'NONE',  ( -1.219999999999999751, 0.5300000000000004707, 0.1499999999999999944 ) ) ;
#3946 = LINE ( 'NONE', #3225, #374 ) ;
#3947 = VERTEX_POINT ( 'NONE', #2799 ) ;
#3948 = VECTOR ( 'NONE', #3092, 1000.000000000000114 ) ;
#3949 = EDGE_CURVE ( 'NONE', #4294, #1308, #2428, .T. ) ;
#3950 = EDGE_CURVE ( 'NONE', #3038, #729, #3485, .T. ) ;
#3951 = VERTEX_POINT ( 'NONE', #3099 ) ;
#3952 = CARTESIAN_POINT ( 'NONE',  ( -1.599999999999999867, -0.1999999999999999833, 0.1499999999999999944 ) ) ;
#3953 = CARTESIAN_POINT ( 'NONE',  ( 0.2600718921977616671, 0.8000000000000000444, -0.1502047867182988161 ) ) ;
#3954 = DIRECTION ( 'NONE',  ( 2.168404344971008868E-16, -1.000000000000000000, 0.0000000000000000000 ) ) ;
#3955 = ORIENTED_EDGE ( 'NONE', *, *, #1812, .T. ) ;
#3956 = DIRECTION ( 'NONE',  ( -3.614007241618346306E-16, -1.000000000000000000, 0.0000000000000000000 ) ) ;
#3957 = CARTESIAN_POINT ( 'NONE',  ( 1.102964697058402610, 0.7999999999999999334, -0.1279871502675418438 ) ) ;
#3958 = VECTOR ( 'NONE', #866, 1000.000000000000000 ) ;
#3959 = VECTOR ( 'NONE', #4313, 1000.000000000000000 ) ;
#3960 = B_SPLINE_CURVE_WITH_KNOTS ( 'NONE', 3,
 ( #4415, #4459, #934, #1981, #2291, #1960, #3735, #1255, #2666, #3406, #1233 ),
 .UNSPECIFIED., .F., .F.,
 ( 4, 1, 1, 1, 1, 1, 1, 1, 4 ),
 ( 0.0000000000000000000, 0.09669301318225068109, 0.1929420357854844392, 0.2949267169060306171, 0.4099877910103196244, 0.5377559460081980935, 0.6757195198396246383, 0.8295651592730745039, 1.000000000000000000 ),
 .UNSPECIFIED. ) ;
#3961 = CARTESIAN_POINT ( 'NONE',  ( 0.5595530662057801585, 0.8000000000000000444, -0.1939953627837104899 ) ) ;
#3962 = PRESENTATION_LAYER_ASSIGNMENT (  '', '', ( #3722 ) ) ;
#3963 = VERTEX_POINT ( 'NONE', #3788 ) ;
#3964 = LINE ( 'NONE', #405, #1364 ) ;
#3965 = VECTOR ( 'NONE', #2228, 1000.000000000000000 ) ;
#3966 = CARTESIAN_POINT ( 'NONE',  ( -0.1649999999999998412, 1.175000000000000488, 0.0000000000000000000 ) ) ;
#3967 = DIRECTION ( 'NONE',  ( -1.000000000000000000, 0.0000000000000000000, -0.0000000000000000000 ) ) ;
#3968 = CARTESIAN_POINT ( 'NONE',  ( -0.05499999999999984068, 1.285000000000000586, 0.0000000000000000000 ) ) ;
#3969 = DIRECTION ( 'NONE',  ( 0.4576654183760736627, 0.0000000000000000000, 0.8891244934330925220 ) ) ;
#3970 = EDGE_LOOP ( 'NONE', ( #336, #3100, #2419, #4435, #4428, #2789, #3790, #1714, #4545, #119, #4003, #1024 ) ) ;
#3971 = CARTESIAN_POINT ( 'NONE',  ( 1.299999999999999822, -0.7699999999999999067, 0.1499999999999999944 ) ) ;
#3972 = CARTESIAN_POINT ( 'NONE',  ( 0.1235565500941052802, 0.8000000000000001554, 0.03898898323455504689 ) ) ;
#3973 = CARTESIAN_POINT ( 'NONE',  ( 0.5789398373093651573, 0.7999999999999998224, -0.1346416429240738510 ) ) ;
#3974 = CARTESIAN_POINT ( 'NONE',  ( 1.300000000000000044, -0.5300000000000002487, 0.1499999999999999944 ) ) ;
#3975 = CARTESIAN_POINT ( 'NONE',  ( 0.1683800574139385220, 0.8000000000000000444, -0.002480965030466882829 ) ) ;
#3976 = AXIS2_PLACEMENT_3D ( 'NONE', #3338, #140, #1166 ) ;
#3977 = AXIS2_PLACEMENT_3D ( 'NONE', #4320, #1795, #3224 ) ;
#3978 = ORIENTED_EDGE ( 'NONE', *, *, #4430, .T. ) ;
#3979 = LINE ( 'NONE', #1496, #3373 ) ;
#3980 = CARTESIAN_POINT ( 'NONE',  ( 0.1121982497681316415, 0.8000000000000001554, -0.06363970847087738192 ) ) ;
#3981 = EDGE_LOOP ( 'NONE', ( #3453, #795, #573, #2281 ) ) ;
#3982 = SURFACE_STYLE_USAGE ( .BOTH. , #3256 ) ;
#3983 = FACE_OUTER_BOUND ( 'NONE', #638, .T. ) ;
#3984 = EDGE_CURVE ( 'NONE', #2166, #1605, #1389, .T. ) ;
#3985 = FACE_BOUND ( 'NONE', #3606, .T. ) ;
#3986 = ORIENTED_EDGE ( 'NONE', *, *, #951, .F. ) ;
#3987 = LINE ( 'NONE', #4022, #1037 ) ;
#3988 = CARTESIAN_POINT ( 'NONE',  ( 1.005844155844156207, 0.7999999999999999334, 0.1428571428571429602 ) ) ;
#3989 = FILL_AREA_STYLE ('',( #2566 ) ) ;
#3990 = EDGE_CURVE ( 'NONE', #2648, #135, #946, .T. ) ;
#3991 = ORIENTED_EDGE ( 'NONE', *, *, #753, .F. ) ;
#3992 = FACE_OUTER_BOUND ( 'NONE', #2389, .T. ) ;
#3993 = CARTESIAN_POINT ( 'NONE',  ( 0.08896103896103887965, 0.8000000000000000444, 0.01298701298701299828 ) ) ;
#3994 = CARTESIAN_POINT ( 'NONE',  ( 0.9019039883156265702, 0.8000000000000001554, 0.05228935904055797418 ) ) ;
#3995 = CARTESIAN_POINT ( 'NONE',  ( 0.6336586707673482755, 0.7999999999999998224, -0.09993086005688535389 ) ) ;
#3996 = CARTESIAN_POINT ( 'NONE',  ( 1.042550185148120034, 0.8000000000000001554, 0.04313847246827264004 ) ) ;
#3997 = ORIENTED_EDGE ( 'NONE', *, *, #3035, .F. ) ;
#3998 = FILL_AREA_STYLE_COLOUR ( '', #3730 ) ;
#3999 = LINE ( 'NONE', #1231, #3075 ) ;
#4000 = CARTESIAN_POINT ( 'NONE',  ( 0.5869029374016199174, 0.8000000000000002665, -0.1997575817805439247 ) ) ;
#4001 = CARTESIAN_POINT ( 'NONE',  ( 0.05500000000000004191, 1.550000000000000488, 0.0000000000000000000 ) ) ;
#4002 = EDGE_CURVE ( 'NONE', #1901, #1757, #936, .T. ) ;
#4003 = ORIENTED_EDGE ( 'NONE', *, *, #2327, .F. ) ;
#4004 = CARTESIAN_POINT ( 'NONE',  ( 0.6333499719368296255, 0.8000000000000000444, -0.08636737686368486933 ) ) ;
#4005 = B_SPLINE_CURVE_WITH_KNOTS ( 'NONE', 3,
 ( #1703, #1996, #3823, #1955, #227, #2661, #4080, #3384, #1610, #4300, #4247, #3599, #3196, #3548, #749, #4623, #1097, #2174, #1796 ),
 .UNSPECIFIED., .F., .F.,
 ( 4, 1, 1, 1, 1, 1, 1, 1, 1, 1, 1, 1, 1, 1, 1, 1, 4 ),
 ( 0.0000000000000000000, 0.06151849915412051228, 0.1215987722068889859, 0.1798087130824881363, 0.2371923071147056528, 0.2949824495816656400, 0.3527381467175874641, 0.4118659044293798699, 0.4721445847257071393, 0.5334648702190163405, 0.5954005772925812234, 0.6578857308576999685, 0.7217293153825048435, 0.7874218303459793455, 0.8552810743914545100, 0.9258812380565808464, 1.000000000000000000 ),
 .UNSPECIFIED. ) ;
#4006 = DIRECTION ( 'NONE',  ( 0.0000000000000000000, 0.0000000000000000000, 1.000000000000000000 ) ) ;
#4007 = CARTESIAN_POINT ( 'NONE',  ( -0.7012987012987015323, 0.8000000000000000444, 0.0000000000000000000 ) ) ;
#4008 = EDGE_CURVE ( 'NONE', #862, #380, #2487, .T. ) ;
#4009 = ORIENTED_EDGE ( 'NONE', *, *, #1094, .T. ) ;
#4010 = EDGE_CURVE ( 'NONE', #910, #4076, #2858, .T. ) ;
#4011 = CARTESIAN_POINT ( 'NONE',  ( 0.0000000000000000000, 0.8000000000000000444, 0.2000000000000000389 ) ) ;
#4012 = CARTESIAN_POINT ( 'NONE',  ( 0.6388465791694456497, 0.7999999999999999334, 0.07109274987080280161 ) ) ;
#4013 = DIRECTION ( 'NONE',  ( 0.0000000000000000000, -1.000000000000000000, 0.0000000000000000000 ) ) ;
#4014 = DIRECTION ( 'NONE',  ( -1.000000000000000000, 0.0000000000000000000, 0.0000000000000000000 ) ) ;
#4015 = ORIENTED_EDGE ( 'NONE', *, *, #3457, .F. ) ;
#4016 = SURFACE_STYLE_USAGE ( .BOTH. , #400 ) ;
#4017 = CARTESIAN_POINT ( 'NONE',  ( 1.106364876560611332, 0.8000000000000001554, -0.09319422334985351386 ) ) ;
#4018 = VECTOR ( 'NONE', #3841, 1000.000000000000000 ) ;
#4019 = UNCERTAINTY_MEASURE_WITH_UNIT (LENGTH_MEASURE( 1.000000000000000082E-05 ), #831, 'distance_accuracy_value', 'NONE');
#4020 = CARTESIAN_POINT ( 'NONE',  ( 0.5168856534420136484, 0.8000000000000004885, -0.1610919591197757517 ) ) ;
#4021 = DIRECTION ( 'NONE',  ( 0.0000000000000000000, -1.000000000000000000, 0.0000000000000000000 ) ) ;
#4022 = CARTESIAN_POINT ( 'NONE',  ( -1.500000000000000000, 0.0000000000000000000, -1.500000000000000000 ) ) ;
#4023 = CARTESIAN_POINT ( 'NONE',  ( 0.0000000000000000000, 0.0000000000000000000, 0.1499999999999999944 ) ) ;
#4024 = VECTOR ( 'NONE', #379, 1000.000000000000000 ) ;
#4025 = AXIS2_PLACEMENT_3D ( 'NONE', #2915, #3674, #741 ) ;
#4026 = DIRECTION ( 'NONE',  ( -7.228014483236698528E-16, 1.000000000000000000, 0.0000000000000000000 ) ) ;
#4027 = PRODUCT_DEFINITION_SHAPE ( 'NONE', 'NONE',  #4629 ) ;
#4028 = VECTOR ( 'NONE', #848, 1000.000000000000000 ) ;
#4029 = VECTOR ( 'NONE', #317, 1000.000000000000000 ) ;
#4030 = DIRECTION ( 'NONE',  ( 0.0000000000000000000, 1.000000000000000000, 0.0000000000000000000 ) ) ;
#4031 = ORIENTED_EDGE ( 'NONE', *, *, #3155, .T. ) ;
#4032 = LINE ( 'NONE', #1487, #2681 ) ;
#4033 = FACE_OUTER_BOUND ( 'NONE', #1044, .T. ) ;
#4034 = AXIS2_PLACEMENT_3D ( 'NONE', #4350, #3684, #782 ) ;
#4035 = EDGE_CURVE ( 'NONE', #3203, #4063, #4217, .T. ) ;
#4036 = EDGE_CURVE ( 'NONE', #2076, #3481, #4523, .T. ) ;
#4037 = VECTOR ( 'NONE', #556, 1000.000000000000000 ) ;
#4038 = CARTESIAN_POINT ( 'NONE',  ( 0.5600973278777637843, 0.7999999999999999334, 0.1099067629511178978 ) ) ;
#4039 = CARTESIAN_POINT ( 'NONE',  ( 0.9301210182334075371, 0.8000000000000001554, 0.001091427557082320227 ) ) ;
#4040 = STYLED_ITEM ( 'NONE', ( #3189 ), #3380 ) ;
#4041 = EDGE_CURVE ( 'NONE', #3220, #191, #992, .T. ) ;
#4042 = STYLED_ITEM ( 'NONE', ( #1662 ), #3919 ) ;
#4043 = LINE ( 'NONE', #2593, #292 ) ;
#4044 = ORIENTED_EDGE ( 'NONE', *, *, #1493, .F. ) ;
#4045 = CARTESIAN_POINT ( 'NONE',  ( 0.08587662337662330114, 0.8000000000000000444, -0.1376623376623376249 ) ) ;
#4046 = CARTESIAN_POINT ( 'NONE',  ( -0.7012987012987015323, 0.8000000000000000444, 0.02857142857142855666 ) ) ;
#4047 = CARTESIAN_POINT ( 'NONE',  ( 0.6377109524825219644, 0.8000000000000001554, -0.1924998112800076211 ) ) ;
#4048 = CARTESIAN_POINT ( 'NONE',  ( -1.500000000000000222, 0.0000000000000000000, -1.419124823942438773 ) ) ;
#4049 = ORIENTED_EDGE ( 'NONE', *, *, #3825, .F. ) ;
#4050 = CARTESIAN_POINT ( 'NONE',  ( 0.6304754936506894447, 0.7999999999999999334, -0.07663193845634402868 ) ) ;
#4051 = CARTESIAN_POINT ( 'NONE',  ( -0.4207792207792208083, 0.8000000000000000444, -0.06087662337662339690 ) ) ;
#4052 = DIRECTION ( 'NONE',  ( -1.000000000000000000, 0.0000000000000000000, 0.0000000000000000000 ) ) ;
#4053 = EDGE_LOOP ( 'NONE', ( #4524, #2827, #1235, #4433, #40, #3502, #2989, #4485, #2990, #3600, #3978, #2179, #1597, #2957, #1180, #3178, #2543, #1465, #4316, #329, #3020, #2486, #33, #1623 ) ) ;
#4054 = SURFACE_SIDE_STYLE ('',( #391 ) ) ;
#4055 = DIRECTION ( 'NONE',  ( 1.333035457973980756E-16, -1.000000000000000000, 0.0000000000000000000 ) ) ;
#4056 = CARTESIAN_POINT ( 'NONE',  ( 0.6301396068854194787, 0.8000000000000000444, 0.2002481625159118761 ) ) ;
#4057 = VERTEX_POINT ( 'NONE', #3570 ) ;
#4058 = ORIENTED_EDGE ( 'NONE', *, *, #2528, .T. ) ;
#4059 = CARTESIAN_POINT ( 'NONE',  ( 0.1523723185044637551, 0.8000000000000003775, -0.01395698321678996538 ) ) ;
#4060 = EDGE_CURVE ( 'NONE', #1814, #4539, #1490, .T. ) ;
#4061 = CARTESIAN_POINT ( 'NONE',  ( 1.022539526094185414, 0.8000000000000000444, 0.02197482811115277976 ) ) ;
#4062 = EDGE_CURVE ( 'NONE', #3724, #2513, #775, .T. ) ;
#4063 = VERTEX_POINT ( 'NONE', #2854 ) ;
#4064 = CARTESIAN_POINT ( 'NONE',  ( -1.599999999999999645, 0.8499999999999999778, 0.1499999999999999944 ) ) ;
#4065 = CARTESIAN_POINT ( 'NONE',  ( 0.04675324675324667167, 0.8000000000000001554, 0.08571428571428575671 ) ) ;
#4066 = SURFACE_SIDE_STYLE ('',( #3340 ) ) ;
#4067 = ORIENTED_EDGE ( 'NONE', *, *, #2610, .T. ) ;
#4068 = CARTESIAN_POINT ( 'NONE',  ( 0.06947217708882558185, 0.8000000000000000444, 0.2034993324390678149 ) ) ;
#4069 = CARTESIAN_POINT ( 'NONE',  ( 1.016068804552279214, 0.8000000000000001554, -0.04449706536352306119 ) ) ;
#4070 = DIRECTION ( 'NONE',  ( 0.0000000000000000000, 1.000000000000000000, 0.0000000000000000000 ) ) ;
#4071 = LINE ( 'NONE', #871, #449 ) ;
#4072 = ORIENTED_EDGE ( 'NONE', *, *, #1100, .F. ) ;
#4073 = CARTESIAN_POINT ( 'NONE',  ( 1.500000000000000222, 0.0000000000000000000, 1.419124823942438773 ) ) ;
#4074 = LINE ( 'NONE', #244, #1864 ) ;
#4075 = DIRECTION ( 'NONE',  ( 1.000000000000000000, 0.0000000000000000000, 0.0000000000000000000 ) ) ;
#4076 = VERTEX_POINT ( 'NONE', #4319 ) ;
#4077 = CARTESIAN_POINT ( 'NONE',  ( -1.169999999999999929, -0.8499999999999998668, 0.1499999999999999944 ) ) ;
#4078 = CARTESIAN_POINT ( 'NONE',  ( 0.08587662337662330114, 0.8000000000000000444, -0.1376623376623376249 ) ) ;
#4079 =( NAMED_UNIT ( * ) SI_UNIT ( $, .STERADIAN. ) SOLID_ANGLE_UNIT ( ) );
#4080 = CARTESIAN_POINT ( 'NONE',  ( 0.5510535558279177071, 0.8000000000000002665, 0.1939054334559145443 ) ) ;
#4081 = ORIENTED_EDGE ( 'NONE', *, *, #2121, .T. ) ;
#4082 = EDGE_CURVE ( 'NONE', #242, #3499, #777, .T. ) ;
#4083 = ADVANCED_FACE ( 'NONE', ( #2526 ), #3269, .F. ) ;
#4084 = ORIENTED_EDGE ( 'NONE', *, *, #4177, .F. ) ;
#4085 = DIRECTION ( 'NONE',  ( -1.000000000000000000, -0.0000000000000000000, -0.0000000000000000000 ) ) ;
#4086 = CARTESIAN_POINT ( 'NONE',  ( 1.299999999999999822, -0.7699999999999999067, 0.1499999999999999944 ) ) ;
#4087 = VERTEX_POINT ( 'NONE', #3920 ) ;
#4088 = VECTOR ( 'NONE', #1171, 1000.000000000000000 ) ;
#4089 = LINE ( 'NONE', #3071, #2987 ) ;
#4090 = VECTOR ( 'NONE', #235, 1000.000000000000000 ) ;
#4091 = ORIENTED_EDGE ( 'NONE', *, *, #550, .T. ) ;
#4092 = DIRECTION ( 'NONE',  ( 1.000000000000000000, 0.0000000000000000000, -0.0000000000000000000 ) ) ;
#4093 = DIRECTION ( 'NONE',  ( 1.000000000000000000, -5.940833821838381217E-16, 0.0000000000000000000 ) ) ;
#4094 = CARTESIAN_POINT ( 'NONE',  ( -0.8208361079859679554, 0.8000000000000000444, -0.009854732719425975118 ) ) ;
#4095 = VECTOR ( 'NONE', #3008, 1000.000000000000000 ) ;
#4096 = VERTEX_POINT ( 'NONE', #494 ) ;
#4097 = ORIENTED_EDGE ( 'NONE', *, *, #479, .T. ) ;
#4098 = CARTESIAN_POINT ( 'NONE',  ( 0.1885931629428220790, 0.8000000000000003775, 0.02749829934675976015 ) ) ;
#4099 = VECTOR ( 'NONE', #2723, 1000.000000000000000 ) ;
#4100 = PRESENTATION_LAYER_ASSIGNMENT (  '', '', ( #4474 ) ) ;
#4101 = SHAPE_REPRESENTATION ( 'User Library-DFN_3x3_8L_EP2_P', ( #1665, #4489, #4274 ), #4198 ) ;
#4102 = CARTESIAN_POINT ( 'NONE',  ( 0.0000000000000000000, 0.0000000000000000000, 0.0000000000000000000 ) ) ;
#4103 = CARTESIAN_POINT ( 'NONE',  ( -0.1649999999999998412, 1.175000000000000488, 0.1499999999999999944 ) ) ;
#4104 = ORIENTED_EDGE ( 'NONE', *, *, #3574, .F. ) ;
#4105 = FILL_AREA_STYLE ('',( #1957 ) ) ;
#4106 = FACE_OUTER_BOUND ( 'NONE', #2020, .T. ) ;
#4107 = VECTOR ( 'NONE', #278, 1000.000000000000000 ) ;
#4108 = ORIENTED_EDGE ( 'NONE', *, *, #1468, .T. ) ;
#4109 = DIRECTION ( 'NONE',  ( -0.0000000000000000000, -0.0000000000000000000, -1.000000000000000000 ) ) ;
#4110 =( NAMED_UNIT ( * ) SI_UNIT ( $, .STERADIAN. ) SOLID_ANGLE_UNIT ( ) );
#4111 = ORIENTED_EDGE ( 'NONE', *, *, #1583, .F. ) ;
#4112 = DIRECTION ( 'NONE',  ( 0.0000000000000000000, -0.0000000000000000000, -1.000000000000000000 ) ) ;
#4113 = EDGE_CURVE ( 'NONE', #2735, #1061, #2926, .T. ) ;
#4114 = AXIS2_PLACEMENT_3D ( 'NONE', #10, #1034, #995 ) ;
#4115 = DIRECTION ( 'NONE',  ( -1.000000000000000000, 8.673617379884038430E-16, 0.0000000000000000000 ) ) ;
#4116 = VECTOR ( 'NONE', #2537, 1000.000000000000000 ) ;
#4117 = FILL_AREA_STYLE ('',( #3741 ) ) ;
#4118 = LINE ( 'NONE', #2014, #1858 ) ;
#4119 = ORIENTED_EDGE ( 'NONE', *, *, #2289, .F. ) ;
#4120 = CARTESIAN_POINT ( 'NONE',  ( 1.049350649350649700, 0.7999999999999999334, 0.07824675324675332833 ) ) ;
#4121 = PLANE ( 'NONE',  #680 ) ;
#4122 = CARTESIAN_POINT ( 'NONE',  ( 0.7046170124318413830, 0.7999999999999998224, 0.1036980826104044184 ) ) ;
#4123 = EDGE_CURVE ( 'NONE', #3552, #1424, #4298, .T. ) ;
#4124 = ORIENTED_EDGE ( 'NONE', *, *, #3925, .F. ) ;
#4125 = VERTEX_POINT ( 'NONE', #1199 ) ;
#4126 = CARTESIAN_POINT ( 'NONE',  ( 0.9942551168878512868, 0.7999999999999999334, -0.1998031271134412534 ) ) ;
#4127 = LINE ( 'NONE', #2357, #2540 ) ;
#4128 = FILL_AREA_STYLE_COLOUR ( '', #909 ) ;
#4129 = CARTESIAN_POINT ( 'NONE',  ( -1.500000000000000000, 0.0000000000000000000, 1.303038449397558418 ) ) ;
#4130 = VERTEX_POINT ( 'NONE', #2172 ) ;
#4131 = CARTESIAN_POINT ( 'NONE',  ( 0.1606985310421144009, 0.8000000000000001554, -0.03509170625363856183 ) ) ;
#4132 = VERTEX_POINT ( 'NONE', #3249 ) ;
#4133 = CARTESIAN_POINT ( 'NONE',  ( 0.3402597402597400955, 0.8000000000000000444, 0.1115259740259740562 ) ) ;
#4134 = ORIENTED_EDGE ( 'NONE', *, *, #614, .T. ) ;
#4135 = PRESENTATION_STYLE_ASSIGNMENT (( #2601 ) ) ;
#4136 = DIRECTION ( 'NONE',  ( -8.673617379884038430E-16, -1.000000000000000000, 0.0000000000000000000 ) ) ;
#4137 = ADVANCED_FACE ( 'NONE', ( #362 ), #2632, .F. ) ;
#4138 = DIRECTION ( 'NONE',  ( -0.0000000000000000000, -0.0000000000000000000, 1.000000000000000000 ) ) ;
#4139 = DIRECTION ( 'NONE',  ( 1.891050300846811986E-16, 1.000000000000000000, -0.0000000000000000000 ) ) ;
#4140 = VERTEX_POINT ( 'NONE', #1240 ) ;
#4141 = PLANE ( 'NONE',  #2328 ) ;
#4142 = CARTESIAN_POINT ( 'NONE',  ( -0.5300000000000003597, -1.175000000000000266, 0.1499999999999999944 ) ) ;
#4143 = CARTESIAN_POINT ( 'NONE',  ( 0.6747481184815796729, 0.8000000000000000444, 0.1690449791823780135 ) ) ;
#4144 = CARTESIAN_POINT ( 'NONE',  ( -0.9822774458089894578, 0.7999999999999998224, -0.1322379219874942335 ) ) ;
#4145 = ORIENTED_EDGE ( 'NONE', *, *, #613, .T. ) ;
#4146 = ADVANCED_FACE ( 'NONE', ( #196 ), #176, .T. ) ;
#4147 = EDGE_CURVE ( 'NONE', #4323, #1901, #2894, .T. ) ;
#4148 = ORIENTED_EDGE ( 'NONE', *, *, #3894, .T. ) ;
#4149 = CARTESIAN_POINT ( 'NONE',  ( 0.1972649079434445063, 0.8000000000000002665, 0.06816953155579229262 ) ) ;
#4150 = PLANE ( 'NONE',  #3137 ) ;
#4151 = ORIENTED_EDGE ( 'NONE', *, *, #1149, .T. ) ;
#4152 = DIRECTION ( 'NONE',  ( 0.0000000000000000000, -1.000000000000000000, 0.0000000000000000000 ) ) ;
#4153 = PLANE ( 'NONE',  #696 ) ;
#4154 = ORIENTED_EDGE ( 'NONE', *, *, #436, .T. ) ;
#4155 = ORIENTED_EDGE ( 'NONE', *, *, #16, .F. ) ;
#4156 = CARTESIAN_POINT ( 'NONE',  ( -1.599999999999999645, 0.8499999999999999778, 0.1499999999999999944 ) ) ;
#4157 = ORIENTED_EDGE ( 'NONE', *, *, #3549, .F. ) ;
#4158 = CARTESIAN_POINT ( 'NONE',  ( -1.599999999999999867, -0.4500000000000000111, 0.0000000000000000000 ) ) ;
#4159 = LINE ( 'NONE', #2694, #3662 ) ;
#4160 = LINE ( 'NONE', #2670, #4624 ) ;
#4161 =( NAMED_UNIT ( * ) PLANE_ANGLE_UNIT ( ) SI_UNIT ( $, .RADIAN. ) );
#4162 = ORIENTED_EDGE ( 'NONE', *, *, #1782, .F. ) ;
#4163 =( NAMED_UNIT ( * ) SI_UNIT ( $, .STERADIAN. ) SOLID_ANGLE_UNIT ( ) );
#4164 = CARTESIAN_POINT ( 'NONE',  ( 0.6389610389610389518, 0.8000000000000000444, 0.07573051948051953697 ) ) ;
#4165 = CARTESIAN_POINT ( 'NONE',  ( 0.1854284461230987779, 0.8000000000000004885, -0.1187721121561811921 ) ) ;
#4166 = ORIENTED_EDGE ( 'NONE', *, *, #2750, .F. ) ;
#4167 = VECTOR ( 'NONE', #1372, 1000.000000000000000 ) ;
#4168 = VERTEX_POINT ( 'NONE', #3045 ) ;
#4169 = LINE ( 'NONE', #600, #754 ) ;
#4170 = CARTESIAN_POINT ( 'NONE',  ( 0.1139892948800089179, 0.8000000000000000444, -0.1269474755395965937 ) ) ;
#4171 = VECTOR ( 'NONE', #622, 1000.000000000000000 ) ;
#4172 = EDGE_CURVE ( 'NONE', #2753, #2417, #1826, .T. ) ;
#4173 = AXIS2_PLACEMENT_3D ( 'NONE', #3613, #4006, #407 ) ;
#4174 = APPLICATION_PROTOCOL_DEFINITION ( 'draft international standard', 'automotive_design', 1998, #1010 ) ;
#4175 = LINE ( 'NONE', #978, #2395 ) ;
#4176 = EDGE_LOOP ( 'NONE', ( #2200, #3114, #732, #4384 ) ) ;
#4177 = EDGE_CURVE ( 'NONE', #3710, #262, #920, .T. ) ;
#4178 = CARTESIAN_POINT ( 'NONE',  ( 0.1931632808611820074, 0.7999999999999997113, 0.1161020535215099431 ) ) ;
#4179 = AXIS2_PLACEMENT_3D ( 'NONE', #23, #1003, #3152 ) ;
#4180 = MECHANICAL_DESIGN_GEOMETRIC_PRESENTATION_REPRESENTATION (  '', ( #2928 ), #1940 ) ;
#4181 = ORIENTED_EDGE ( 'NONE', *, *, #4491, .T. ) ;
#4182 = VERTEX_POINT ( 'NONE', #2743 ) ;
#4183 = DIRECTION ( 'NONE',  ( 0.0000000000000000000, -0.1736481776669312749, 0.9848077530122079093 ) ) ;
#4184 = DIRECTION ( 'NONE',  ( 1.000000000000000000, -1.807003620809174632E-16, -0.0000000000000000000 ) ) ;
#4185 = LINE ( 'NONE', #1365, #384 ) ;
#4186 = VECTOR ( 'NONE', #2500, 1000.000000000000000 ) ;
#4187 = FACE_OUTER_BOUND ( 'NONE', #2881, .T. ) ;
#4188 = ORIENTED_EDGE ( 'NONE', *, *, #2149, .T. ) ;
#4189 = LINE ( 'NONE', #2448, #2935 ) ;
#4190 = VECTOR ( 'NONE', #1847, 1000.000000000000000 ) ;
#4191 = CARTESIAN_POINT ( 'NONE',  ( 0.5300000000000003597, 1.175000000000000266, 0.1499999999999999944 ) ) ;
#4192 = CARTESIAN_POINT ( 'NONE',  ( -0.9593498465463472513, 0.8000000000000002665, -0.1311614668356434754 ) ) ;
#4193 = VECTOR ( 'NONE', #3639, 1000.000000000000000 ) ;
#4194 = EDGE_LOOP ( 'NONE', ( #2636, #3079, #2132, #4494 ) ) ;
#4195 = CARTESIAN_POINT ( 'NONE',  ( -1.300000000000000266, 0.7699999999999997957, 0.0000000000000000000 ) ) ;
#4196 = ORIENTED_EDGE ( 'NONE', *, *, #436, .F. ) ;
#4197 = LINE ( 'NONE', #3193, #4250 ) ;
#4198 =( GEOMETRIC_REPRESENTATION_CONTEXT ( 3 ) GLOBAL_UNCERTAINTY_ASSIGNED_CONTEXT ( ( #2246 ) ) GLOBAL_UNIT_ASSIGNED_CONTEXT ( ( #1377, #270, #3870 ) ) REPRESENTATION_CONTEXT ( 'NONE', 'WORKASPACE' ) );
#4199 = ADVANCED_FACE ( 'NONE', ( #1293 ), #4141, .F. ) ;
#4200 = FACE_OUTER_BOUND ( 'NONE', #2896, .T. ) ;
#4201 = CARTESIAN_POINT ( 'NONE',  ( 0.1297530143600153507, 0.8000000000000000444, 0.08069194015716649182 ) ) ;
#4202 = VERTEX_POINT ( 'NONE', #3785 ) ;
#4203 = LINE ( 'NONE', #3105, #1200 ) ;
#4204 = LINE ( 'NONE', #2310, #4484 ) ;
#4205 = EDGE_CURVE ( 'NONE', #325, #4168, #3789, .T. ) ;
#4206 = EDGE_CURVE ( 'NONE', #223, #2713, #243, .T. ) ;
#4207 = ORIENTED_EDGE ( 'NONE', *, *, #3293, .T. ) ;
#4208 = ORIENTED_EDGE ( 'NONE', *, *, #2149, .F. ) ;
#4209 = PRESENTATION_STYLE_ASSIGNMENT (( #276 ) ) ;
#4210 = VERTEX_POINT ( 'NONE', #1368 ) ;
#4211 = CARTESIAN_POINT ( 'NONE',  ( 0.05499999999999984068, 1.285000000000000586, 0.1499999999999999944 ) ) ;
#4212 = LINE ( 'NONE', #3536, #2755 ) ;
#4213 = CARTESIAN_POINT ( 'NONE',  ( 1.599999999999998979, 0.8499999999999997558, 0.1499999999999999944 ) ) ;
#4214 = ORIENTED_EDGE ( 'NONE', *, *, #2035, .F. ) ;
#4215 = CARTESIAN_POINT ( 'NONE',  ( 0.9639520910027995493, 0.7999999999999999334, 0.1050682316407896555 ) ) ;
#4216 = DIRECTION ( 'NONE',  ( 0.0000000000000000000, 0.0000000000000000000, -1.000000000000000000 ) ) ;
#4217 = LINE ( 'NONE', #4542, #458 ) ;
#4218 = CARTESIAN_POINT ( 'NONE',  ( -0.01426766934444854106, 0.8000000000000001554, 0.1082764498155456556 ) ) ;
#4219 = ORIENTED_EDGE ( 'NONE', *, *, #1608, .T. ) ;
#4220 = DIRECTION ( 'NONE',  ( -1.000000000000000000, -7.228014483236692611E-16, 0.0000000000000000000 ) ) ;
#4221 = DIRECTION ( 'NONE',  ( 1.000000000000000000, 0.0000000000000000000, 0.0000000000000000000 ) ) ;
#4222 = SHAPE_DEFINITION_REPRESENTATION ( #1041, #944 ) ;
#4223 = CARTESIAN_POINT ( 'NONE',  ( 0.09692556303670447904, 0.7999999999999999334, 0.1422013310090573246 ) ) ;
#4224 = VERTEX_POINT ( 'NONE', #2517 ) ;
#4225 = LINE ( 'NONE', #2001, #1945 ) ;
#4226 = ORIENTED_EDGE ( 'NONE', *, *, #479, .F. ) ;
#4227 = ORIENTED_EDGE ( 'NONE', *, *, #1634, .F. ) ;
#4228 = CARTESIAN_POINT ( 'NONE',  ( 0.1870129870129869365, 0.8000000000000000444, -0.1004058441558441511 ) ) ;
#4229 = ORIENTED_EDGE ( 'NONE', *, *, #3924, .F. ) ;
#4230 = DIRECTION ( 'NONE',  ( -0.0000000000000000000, -0.0000000000000000000, -1.000000000000000000 ) ) ;
#4231 = CARTESIAN_POINT ( 'NONE',  ( 0.9990241236718243600, 0.8000000000000000444, -0.04449402610514155421 ) ) ;
#4232 = EDGE_CURVE ( 'NONE', #1008, #195, #2137, .T. ) ;
#4233 = EDGE_CURVE ( 'NONE', #3230, #3951, #4263, .T. ) ;
#4234 = DIRECTION ( 'NONE',  ( -0.0000000000000000000, -0.0000000000000000000, -1.000000000000000000 ) ) ;
#4235 = VERTEX_POINT ( 'NONE', #2796 ) ;
#4236 = PLANE ( 'NONE',  #4114 ) ;
#4237 = CARTESIAN_POINT ( 'NONE',  ( -0.9055320208563102380, 0.8000000000000002665, 0.1082991910448461159 ) ) ;
#4238 = CARTESIAN_POINT ( 'NONE',  ( 0.9161758232988054251, 0.7999999999999999334, -0.04752690911250017497 ) ) ;
#4239 = LINE ( 'NONE', #3242, #161 ) ;
#4240 = EDGE_CURVE ( 'NONE', #2903, #980, #4189, .T. ) ;
#4241 = B_SPLINE_CURVE_WITH_KNOTS ( 'NONE', 3,
 ( #2249, #4337, #2564, #2189, #4312, #1110, #3306, #4360, #2206, #3612, #1154 ),
 .UNSPECIFIED., .F., .F.,
 ( 4, 1, 1, 1, 1, 1, 1, 1, 4 ),
 ( 0.0000000000000000000, 0.1694130195362787694, 0.3212542881746921486, 0.4568984035673724353, 0.5822213420228387060, 0.6966028020772553342, 0.8008034728957555970, 0.9002131751567277185, 0.9999999999999998890 ),
 .UNSPECIFIED. ) ;
#4242 = CARTESIAN_POINT ( 'NONE',  ( -1.599999999999999867, 0.4500000000000000111, 0.1499999999999999944 ) ) ;
#4243 = ORIENTED_EDGE ( 'NONE', *, *, #403, .F. ) ;
#4244 = CARTESIAN_POINT ( 'NONE',  ( -0.8209117552666795881, 0.8000000000000001554, 0.01242362824586515195 ) ) ;
#4245 =( NAMED_UNIT ( * ) PLANE_ANGLE_UNIT ( ) SI_UNIT ( $, .RADIAN. ) );
#4246 = AXIS2_PLACEMENT_3D ( 'NONE', #673, #4594, #651 ) ;
#4247 = CARTESIAN_POINT ( 'NONE',  ( 0.5203798832656374440, 0.7999999999999999334, 0.1684280278945682330 ) ) ;
#4248 = VECTOR ( 'NONE', #1933, 1000.000000000000114 ) ;
#4249 = ORIENTED_EDGE ( 'NONE', *, *, #2558, .T. ) ;
#4250 = VECTOR ( 'NONE', #1002, 1000.000000000000000 ) ;
#4251 = VECTOR ( 'NONE', #3019, 1000.000000000000000 ) ;
#4252 = VERTEX_POINT ( 'NONE', #1715 ) ;
#4253 = VERTEX_POINT ( 'NONE', #2497 ) ;
#4254 = DIRECTION ( 'NONE',  ( 0.0000000000000000000, 0.1736481776669308863, -0.9848077530122077983 ) ) ;
#4255 = VERTEX_POINT ( 'NONE', #3511 ) ;
#4256 = LINE ( 'NONE', #4514, #687 ) ;
#4257 = AXIS2_PLACEMENT_3D ( 'NONE', #3297, #100, #163 ) ;
#4258 = CARTESIAN_POINT ( 'NONE',  ( 1.100258954781872189, 0.7999999999999998224, -0.1372883399490355261 ) ) ;
#4259 = VECTOR ( 'NONE', #1978, 1000.000000000000000 ) ;
#4260 = CARTESIAN_POINT ( 'NONE',  ( 1.021103019825881031, 0.8000000000000002665, 0.2047507152913201345 ) ) ;
#4261 = EDGE_CURVE ( 'NONE', #3699, #2753, #2280, .T. ) ;
#4262 = ORIENTED_EDGE ( 'NONE', *, *, #2785, .F. ) ;
#4263 = LINE ( 'NONE', #280, #3893 ) ;
#4264 = CARTESIAN_POINT ( 'NONE',  ( -0.8927425318354358375, 0.7999999999999998224, 0.08178561879044829452 ) ) ;
#4265 = DIRECTION ( 'NONE',  ( -0.0000000000000000000, -0.0000000000000000000, -1.000000000000000000 ) ) ;
#4266 = AXIS2_PLACEMENT_3D ( 'NONE', #4581, #580, #1327 ) ;
#4267 = LINE ( 'NONE', #4314, #4186 ) ;
#4268 = VECTOR ( 'NONE', #4566, 1000.000000000000000 ) ;
#4269 = LINE ( 'NONE', #17, #4018 ) ;
#4270 = EDGE_CURVE ( 'NONE', #3252, #3157, #3538, .T. ) ;
#4271 = ORIENTED_EDGE ( 'NONE', *, *, #1469, .T. ) ;
#4272 = CARTESIAN_POINT ( 'NONE',  ( -0.9651988704616446535, 0.8000000000000002665, 0.1998680071686123882 ) ) ;
#4273 = CARTESIAN_POINT ( 'NONE',  ( 0.05499999999999976436, -1.550000000000000488, 0.1499999999999999944 ) ) ;
#4274 = AXIS2_PLACEMENT_3D ( 'NONE', #1751, #1352, #3172 ) ;
#4275 = PRODUCT_DEFINITION_FORMATION_WITH_SPECIFIED_SOURCE ( 'ANY', '', #327, .NOT_KNOWN. ) ;
#4276 = CARTESIAN_POINT ( 'NONE',  ( 1.299999999999999822, -0.8500000000000000888, 0.1499999999999999944 ) ) ;
#4277 = CARTESIAN_POINT ( 'NONE',  ( 1.299999999999999822, -1.175000000000000488, 0.1499999999999999944 ) ) ;
#4278 = PLANE ( 'NONE',  #2171 ) ;
#4279 = EDGE_LOOP ( 'NONE', ( #3873, #3816, #3625, #476 ) ) ;
#4280 = ORIENTED_EDGE ( 'NONE', *, *, #1886, .T. ) ;
#4281 = LINE ( 'NONE', #3952, #3797 ) ;
#4282 = DIRECTION ( 'NONE',  ( 1.734723475976807883E-15, 1.000000000000000000, 0.0000000000000000000 ) ) ;
#4283 = VERTEX_POINT ( 'NONE', #1410 ) ;
#4284 = PRESENTATION_STYLE_ASSIGNMENT (( #3982 ) ) ;
#4285 = CARTESIAN_POINT ( 'NONE',  ( 0.08100370266406679842, 0.7999999999999999334, -0.04951928300268741007 ) ) ;
#4286 = CARTESIAN_POINT ( 'NONE',  ( 0.4935064935064935043, 0.8000000000000002665, -0.09610389610389608039 ) ) ;
#4287 = VERTEX_POINT ( 'NONE', #2086 ) ;
#4288 = CARTESIAN_POINT ( 'NONE',  ( -0.5300000000000004707, -0.1750000000000003220, 0.1499999999999999944 ) ) ;
#4289 = PLANE ( 'NONE',  #817 ) ;
#4290 = CARTESIAN_POINT ( 'NONE',  ( 0.9320651742864413114, 0.7999999999999998224, -0.02893310396628598347 ) ) ;
#4291 = CARTESIAN_POINT ( 'NONE',  ( 0.9737992643042439056, 0.7999999999999999334, 0.2008783701654353882 ) ) ;
#4292 = EDGE_CURVE ( 'NONE', #3173, #1386, #1059, .T. ) ;
#4293 = PLANE ( 'NONE',  #3643 ) ;
#4294 = VERTEX_POINT ( 'NONE', #1062 ) ;
#4295 = DIRECTION ( 'NONE',  ( 1.355252715606876993E-15, -1.000000000000000000, 0.0000000000000000000 ) ) ;
#4296 = EDGE_CURVE ( 'NONE', #4342, #159, #1435, .T. ) ;
#4297 = ADVANCED_FACE ( 'NONE', ( #739 ), #1743, .F. ) ;
#4298 = LINE ( 'NONE', #1075, #530 ) ;
#4299 = FACE_OUTER_BOUND ( 'NONE', #2692, .T. ) ;
#4300 = CARTESIAN_POINT ( 'NONE',  ( 0.5272825705326187329, 0.8000000000000002665, 0.1760429145186704625 ) ) ;
#4301 = EDGE_LOOP ( 'NONE', ( #618, #2906, #560, #3181 ) ) ;
#4302 = ORIENTED_EDGE ( 'NONE', *, *, #3207, .T. ) ;
#4303 = ORIENTED_EDGE ( 'NONE', *, *, #4398, .F. ) ;
#4304 = CARTESIAN_POINT ( 'NONE',  ( 0.6172336194488958760, 0.7999999999999997113, -0.1317689298969985934 ) ) ;
#4305 = DIRECTION ( 'NONE',  ( -1.000000000000000000, 8.673617379884038430E-16, 0.0000000000000000000 ) ) ;
#4306 = ORIENTED_EDGE ( 'NONE', *, *, #2127, .T. ) ;
#4307 = FILL_AREA_STYLE_COLOUR ( '', #1051 ) ;
#4308 = CARTESIAN_POINT ( 'NONE',  ( 0.9662337662337665556, 0.8000000000000000444, -0.09131493506493498780 ) ) ;
#4309 = CARTESIAN_POINT ( 'NONE',  ( 0.9538961038961042416, 0.7999999999999999334, -0.01509740259740251223 ) ) ;
#4310 = EDGE_LOOP ( 'NONE', ( #2816, #1338, #3396, #3347 ) ) ;
#4311 = CARTESIAN_POINT ( 'NONE',  ( 1.599999999999999645, -0.4500000000000001776, 0.1499999999999999944 ) ) ;
#4312 = CARTESIAN_POINT ( 'NONE',  ( 0.05503913389412679047, 0.8000000000000000444, 0.1198663879971570145 ) ) ;
#4313 = DIRECTION ( 'NONE',  ( -1.000000000000000000, -1.333035457973980756E-16, -0.0000000000000000000 ) ) ;
#4314 = CARTESIAN_POINT ( 'NONE',  ( -0.05499999999999997252, 1.550000000000000488, 0.1499999999999999944 ) ) ;
#4315 = DIRECTION ( 'NONE',  ( 1.000000000000000000, 5.114161190969362380E-16, -0.0000000000000000000 ) ) ;
#4316 = ORIENTED_EDGE ( 'NONE', *, *, #286, .T. ) ;
#4317 = CARTESIAN_POINT ( 'NONE',  ( -0.8207792207792208306, 0.8000000000000002665, 0.004058441558441511221 ) ) ;
#4318 = CARTESIAN_POINT ( 'NONE',  ( -1.599999999999999867, -0.1999999999999999833, 0.1499999999999999944 ) ) ;
#4319 = CARTESIAN_POINT ( 'NONE',  ( -1.388080039800213328, 0.6347296355333861273, -1.191118489197771302 ) ) ;
#4320 = CARTESIAN_POINT ( 'NONE',  ( 0.1649999999999996747, -1.175000000000000488, 0.1499999999999999944 ) ) ;
#4321 = PLANE ( 'NONE',  #2482 ) ;
#4322 = ADVANCED_FACE ( 'NONE', ( #3213 ), #4236, .F. ) ;
#4323 = VERTEX_POINT ( 'NONE', #381 ) ;
#4324 = AXIS2_PLACEMENT_3D ( 'NONE', #3759, #4139, #2423 ) ;
#4325 = ORIENTED_EDGE ( 'NONE', *, *, #1840, .F. ) ;
#4326 = CARTESIAN_POINT ( 'NONE',  ( -0.7012987012987015323, 0.8000000000000000444, 0.0000000000000000000 ) ) ;
#4327 = CARTESIAN_POINT ( 'NONE',  ( 0.7042958456328773931, 0.7999999999999998224, 0.05074755590157731255 ) ) ;
#4328 = EDGE_CURVE ( 'NONE', #3157, #1601, #2868, .T. ) ;
#4329 = VERTEX_POINT ( 'NONE', #4288 ) ;
#4330 = DIRECTION ( 'NONE',  ( -0.0000000000000000000, 0.0000000000000000000, 1.000000000000000000 ) ) ;
#4331 = PLANE ( 'NONE',  #3517 ) ;
#4332 = VECTOR ( 'NONE', #302, 1000.000000000000000 ) ;
#4333 = VECTOR ( 'NONE', #574, 1000.000000000000000 ) ;
#4334 = FACE_OUTER_BOUND ( 'NONE', #2478, .T. ) ;
#4335 = LINE ( 'NONE', #1109, #535 ) ;
#4336 = AXIS2_PLACEMENT_3D ( 'NONE', #4401, #1201, #1220 ) ;
#4337 = CARTESIAN_POINT ( 'NONE',  ( 0.04721114332241992118, 0.8000000000000002665, 0.09008798502804506170 ) ) ;
#4338 = CARTESIAN_POINT ( 'NONE',  ( -1.219999999999999529, 0.7699999999999997957, 0.0000000000000000000 ) ) ;
#4339 = CARTESIAN_POINT ( 'NONE',  ( 0.8987012987012991116, 0.7999999999999999334, 0.08522727272727281811 ) ) ;
#4340 = VECTOR ( 'NONE', #3903, 1000.000000000000000 ) ;
#4341 = DIRECTION ( 'NONE',  ( 0.0000000000000000000, -0.0000000000000000000, -1.000000000000000000 ) ) ;
#4342 = VERTEX_POINT ( 'NONE', #1088 ) ;
#4343 = CARTESIAN_POINT ( 'NONE',  ( -0.8207792207792208306, 0.8000000000000002665, 0.004058441558441511221 ) ) ;
#4344 = DIRECTION ( 'NONE',  ( 0.0000000000000000000, -1.000000000000000000, 0.0000000000000000000 ) ) ;
#4345 = VECTOR ( 'NONE', #215, 1000.000000000000000 ) ;
#4346 = CARTESIAN_POINT ( 'NONE',  ( 0.5594841265511397710, 0.8000000000000002665, -0.1171731005325949010 ) ) ;
#4347 = PLANE ( 'NONE',  #88 ) ;
#4348 = AXIS2_PLACEMENT_3D ( 'NONE', #1268, #3817, #4092 ) ;
#4349 = LINE ( 'NONE', #3953, #4570 ) ;
#4350 = CARTESIAN_POINT ( 'NONE',  ( -1.500000000000000000, 0.0000000000000000000, 1.500000000000000000 ) ) ;
#4351 = ORIENTED_EDGE ( 'NONE', *, *, #121, .T. ) ;
#4352 = LINE ( 'NONE', #2287, #1949 ) ;
#4353 = ADVANCED_FACE ( 'NONE', ( #4540 ), #1339, .T. ) ;
#4354 = EDGE_CURVE ( 'NONE', #3710, #4125, #646, .T. ) ;
#4355 = UNCERTAINTY_MEASURE_WITH_UNIT (LENGTH_MEASURE( 1.000000000000000082E-05 ), #733, 'distance_accuracy_value', 'NONE');
#4356 = CARTESIAN_POINT ( 'NONE',  ( 0.7428571428571429935, 0.8000000000000000444, 0.01298701298701302430 ) ) ;
#4357 = LINE ( 'NONE', #4392, #970 ) ;
#4358 = ORIENTED_EDGE ( 'NONE', *, *, #918, .T. ) ;
#4359 = CARTESIAN_POINT ( 'NONE',  ( 1.599999999999999423, 1.099999999999999645, 0.0000000000000000000 ) ) ;
#4360 = CARTESIAN_POINT ( 'NONE',  ( 0.07326298522865817842, 0.8000000000000002665, 0.1394214192516665118 ) ) ;
#4361 = FACE_OUTER_BOUND ( 'NONE', #4053, .T. ) ;
#4362 = PLANE ( 'NONE',  #3145 ) ;
#4363 = CARTESIAN_POINT ( 'NONE',  ( 1.299999999999999822, -0.4500000000000001776, 0.1499999999999999944 ) ) ;
#4364 = ORIENTED_EDGE ( 'NONE', *, *, #4405, .T. ) ;
#4365 = CARTESIAN_POINT ( 'NONE',  ( -0.1650000000000003131, -1.175000000000000488, 0.1499999999999999944 ) ) ;
#4366 = CARTESIAN_POINT ( 'NONE',  ( 0.6363264961814795173, 0.7999999999999999334, 0.04988456218005163367 ) ) ;
#4367 = CARTESIAN_POINT ( 'NONE',  ( -1.417952095680024005, 0.4653167881076129553, -1.220990545077582423 ) ) ;
#4368 = PRESENTATION_STYLE_ASSIGNMENT (( #397 ) ) ;
#4369 = CARTESIAN_POINT ( 'NONE',  ( -1.300000000000000266, 0.7699999999999997957, 0.1499999999999999944 ) ) ;
#4370 = ORIENTED_EDGE ( 'NONE', *, *, #463, .T. ) ;
#4371 = CYLINDRICAL_SURFACE ( 'NONE', #3976, 0.2000000000000000944 ) ;
#4372 = CARTESIAN_POINT ( 'NONE',  ( 0.0000000000000000000, 0.8000000000000000444, 0.0000000000000000000 ) ) ;
#4373 = LINE ( 'NONE', #3645, #2787 ) ;
#4374 = ORIENTED_EDGE ( 'NONE', *, *, #676, .F. ) ;
#4375 = CARTESIAN_POINT ( 'NONE',  ( 0.6189935064935064846, 0.7999999999999998224, -0.06144480519480513547 ) ) ;
#4376 = DIRECTION ( 'NONE',  ( -1.000000000000000000, 5.940833821838381217E-16, 0.0000000000000000000 ) ) ;
#4377 = EDGE_CURVE ( 'NONE', #4628, #4253, #3964, .T. ) ;
#4378 = FACE_OUTER_BOUND ( 'NONE', #3593, .T. ) ;
#4379 = EDGE_CURVE ( 'NONE', #2637, #4076, #1283, .T. ) ;
#4380 = LINE ( 'NONE', #39, #3575 ) ;
#4381 = ORIENTED_EDGE ( 'NONE', *, *, #1753, .T. ) ;
#4382 = CARTESIAN_POINT ( 'NONE',  ( 0.5980519480519480569, 0.8000000000000000444, 0.01298701298701302430 ) ) ;
#4383 = EDGE_CURVE ( 'NONE', #3405, #1001, #2205, .T. ) ;
#4384 = ORIENTED_EDGE ( 'NONE', *, *, #4457, .T. ) ;
#4385 = CARTESIAN_POINT ( 'NONE',  ( 0.9610389610389613591, 0.7999999999999999334, 0.07775974025974033421 ) ) ;
#4386 = DIRECTION ( 'NONE',  ( -0.0000000000000000000, 1.000000000000000000, -0.0000000000000000000 ) ) ;
#4387 = CARTESIAN_POINT ( 'NONE',  ( 1.299999999999999822, -1.100000000000000311, 0.0000000000000000000 ) ) ;
#4388 = EDGE_LOOP ( 'NONE', ( #2707, #1254, #3780, #2058, #2720, #49, #2728, #711 ) ) ;
#4389 = CARTESIAN_POINT ( 'NONE',  ( 1.059614758177056526, 0.8000000000000001554, -0.01704762798791310471 ) ) ;
#4390 =( GEOMETRIC_REPRESENTATION_CONTEXT ( 3 ) GLOBAL_UNCERTAINTY_ASSIGNED_CONTEXT ( ( #2865 ) ) GLOBAL_UNIT_ASSIGNED_CONTEXT ( ( #3861, #2272, #2625 ) ) REPRESENTATION_CONTEXT ( 'NONE', 'WORKASPACE' ) );
#4391 = LINE ( 'NONE', #3609, #3422 ) ;
#4392 = CARTESIAN_POINT ( 'NONE',  ( -0.5402597402597405507, 0.8000000000000000444, 0.0000000000000000000 ) ) ;
#4393 = ORIENTED_EDGE ( 'NONE', *, *, #3060, .F. ) ;
#4394 = CARTESIAN_POINT ( 'NONE',  ( 0.1650000000000001743, 1.175000000000000488, 0.0000000000000000000 ) ) ;
#4395 = STYLED_ITEM ( 'NONE', ( #1600 ), #1006 ) ;
#4396 = VECTOR ( 'NONE', #1744, 1000.000000000000000 ) ;
#4397 = DIRECTION ( 'NONE',  ( 0.0000000000000000000, 0.0000000000000000000, 1.000000000000000000 ) ) ;
#4398 = EDGE_CURVE ( 'NONE', #862, #1386, #2562, .T. ) ;
#4399 = CARTESIAN_POINT ( 'NONE',  ( 0.5980519480519480569, 0.8000000000000000444, 0.01298701298701302430 ) ) ;
#4400 = ORIENTED_EDGE ( 'NONE', *, *, #2590, .T. ) ;
#4401 = CARTESIAN_POINT ( 'NONE',  ( 1.219999999999999751, -0.5300000000000002487, 0.1499999999999999944 ) ) ;
#4402 = FACE_OUTER_BOUND ( 'NONE', #2860, .T. ) ;
#4403 = VECTOR ( 'NONE', #2358, 1000.000000000000000 ) ;
#4404 = EDGE_CURVE ( 'NONE', #3886, #4087, #1134, .T. ) ;
#4405 = EDGE_CURVE ( 'NONE', #1449, #3710, #4335, .T. ) ;
#4406 = ORIENTED_EDGE ( 'NONE', *, *, #3614, .F. ) ;
#4407 = VERTEX_POINT ( 'NONE', #3240 ) ;
#4408 = CARTESIAN_POINT ( 'NONE',  ( 0.08896103896103887965, 0.8000000000000000444, 0.01298701298701299828 ) ) ;
#4409 = VECTOR ( 'NONE', #4507, 1000.000000000000000 ) ;
#4410 = COLOUR_RGB ( '',1.000000000000000000, 1.000000000000000000, 1.000000000000000000 ) ;
#4411 = DIRECTION ( 'NONE',  ( 3.252606517456513696E-15, 1.000000000000000000, 0.0000000000000000000 ) ) ;
#4412 = VERTEX_POINT ( 'NONE', #2188 ) ;
#4413 = CARTESIAN_POINT ( 'NONE',  ( 0.1439814003651569974, 0.8000000000000001554, -0.02131336007494890120 ) ) ;
#4414 = CARTESIAN_POINT ( 'NONE',  ( 1.060314346930629537, 0.8000000000000000444, -0.01277450838782791601 ) ) ;
#4415 = CARTESIAN_POINT ( 'NONE',  ( 0.5975649350649351321, 0.8000000000000000444, 0.1428571428571429602 ) ) ;
#4416 = LINE ( 'NONE', #2292, #3796 ) ;
#4417 = ORIENTED_EDGE ( 'NONE', *, *, #2128, .T. ) ;
#4418 = CARTESIAN_POINT ( 'NONE',  ( -1.169999999999999929, -0.4500000000000000111, 0.1499999999999999944 ) ) ;
#4419 = PLANE ( 'NONE',  #440 ) ;
#4420 =( NAMED_UNIT ( * ) PLANE_ANGLE_UNIT ( ) SI_UNIT ( $, .RADIAN. ) );
#4421 = FACE_OUTER_BOUND ( 'NONE', #2732, .T. ) ;
#4422 = ORIENTED_EDGE ( 'NONE', *, *, #3892, .F. ) ;
#4423 = CARTESIAN_POINT ( 'NONE',  ( 1.005844155844156207, 0.7999999999999999334, 0.1428571428571429602 ) ) ;
#4424 = PLANE ( 'NONE',  #2311 ) ;
#4425 = CARTESIAN_POINT ( 'NONE',  ( 1.031659400994327402, 0.8000000000000001554, -0.1309973920837646522 ) ) ;
#4426 = EDGE_CURVE ( 'NONE', #729, #3533, #1099, .T. ) ;
#4427 = ORIENTED_EDGE ( 'NONE', *, *, #4062, .T. ) ;
#4428 = ORIENTED_EDGE ( 'NONE', *, *, #3863, .F. ) ;
#4429 = CARTESIAN_POINT ( 'NONE',  ( 0.9637217403372437818, 0.8000000000000001554, -0.1931691243025374649 ) ) ;
#4430 = EDGE_CURVE ( 'NONE', #3203, #1800, #1808, .T. ) ;
#4431 = EDGE_CURVE ( 'NONE', #4057, #3255, #57, .T. ) ;
#4432 = CARTESIAN_POINT ( 'NONE',  ( 1.599999999999999423, 1.099999999999999645, 0.1499999999999999944 ) ) ;
#4433 = ORIENTED_EDGE ( 'NONE', *, *, #2656, .T. ) ;
#4434 = CARTESIAN_POINT ( 'NONE',  ( 0.04155844155844147514, 0.8000000000000000444, -0.08571428571428571508 ) ) ;
#4435 = ORIENTED_EDGE ( 'NONE', *, *, #324, .F. ) ;
#4436 = UNCERTAINTY_MEASURE_WITH_UNIT (LENGTH_MEASURE( 1.000000000000000082E-05 ), #1638, 'distance_accuracy_value', 'NONE');
#4437 = CARTESIAN_POINT ( 'NONE',  ( 0.1649999999999997025, -1.285000000000000586, 0.1499999999999999944 ) ) ;
#4438 = LINE ( 'NONE', #1596, #4251 ) ;
#4439 = VERTEX_POINT ( 'NONE', #1507 ) ;
#4440 = LINE ( 'NONE', #2342, #3143 ) ;
#4441 = CARTESIAN_POINT ( 'NONE',  ( -0.8911184891977721456, 0.8000000000000000444, -0.8911184891977721456 ) ) ;
#4442 = B_SPLINE_CURVE_WITH_KNOTS ( 'NONE', 3,
 ( #1543, #4414, #3705, #2973, #504, #1213, #1929, #3363, #1592, #4456, #4482 ),
 .UNSPECIFIED., .F., .F.,
 ( 4, 1, 1, 1, 1, 1, 1, 1, 4 ),
 ( 0.0000000000000000000, 0.1260782700156103386, 0.2464702777427509039, 0.3635763702246485041, 0.4798816132506977805, 0.5991690749841385166, 0.7238888615631354773, 0.8566343134000431458, 1.000000000000000000 ),
 .UNSPECIFIED. ) ;
#4443 = DIRECTION ( 'NONE',  ( -0.0000000000000000000, 0.0000000000000000000, 1.000000000000000000 ) ) ;
#4444 = ORIENTED_EDGE ( 'NONE', *, *, #4431, .T. ) ;
#4445 = CARTESIAN_POINT ( 'NONE',  ( 0.05046215711487116173, 0.8000000000000001554, -0.1939953627837107120 ) ) ;
#4446 = LINE ( 'NONE', #1317, #3135 ) ;
#4447 = LINE ( 'NONE', #3913, #3353 ) ;
#4448 = VERTEX_POINT ( 'NONE', #2939 ) ;
#4449 = VERTEX_POINT ( 'NONE', #748 ) ;
#4450 = CARTESIAN_POINT ( 'NONE',  ( 0.1965504377705463990, 0.8000000000000003775, 0.05924256348622931878 ) ) ;
#4451 = ADVANCED_FACE ( 'NONE', ( #726 ), #3598, .F. ) ;
#4452 =( LENGTH_UNIT ( ) NAMED_UNIT ( * ) SI_UNIT ( .MILLI., .METRE. ) );
#4453 = LINE ( 'NONE', #271, #2922 ) ;
#4454 = VERTEX_POINT ( 'NONE', #2173 ) ;
#4455 = CARTESIAN_POINT ( 'NONE',  ( 0.06984892821845614663, 0.8000000000000002665, -0.1346416429240739343 ) ) ;
#4456 = CARTESIAN_POINT ( 'NONE',  ( 1.111526394254534811, 0.8000000000000000444, 0.07707218258110083708 ) ) ;
#4457 = EDGE_CURVE ( 'NONE', #3567, #1775, #2527, .T. ) ;
#4458 = ORIENTED_EDGE ( 'NONE', *, *, #2061, .F. ) ;
#4459 = CARTESIAN_POINT ( 'NONE',  ( 0.6003864326272101426, 0.7999999999999999334, 0.1426382038029848642 ) ) ;
#4460 = ORIENTED_EDGE ( 'NONE', *, *, #4060, .F. ) ;
#4461 = LINE ( 'NONE', #3737, #2465 ) ;
#4462 = CARTESIAN_POINT ( 'NONE',  ( -1.599999999999999867, -0.1999999999999999833, 0.1499999999999999944 ) ) ;
#4463 = CARTESIAN_POINT ( 'NONE',  ( -0.9715909090909091717, 0.8000000000000000444, 0.1999999999999999833 ) ) ;
#4464 = DIRECTION ( 'NONE',  ( -1.000000000000000000, 0.0000000000000000000, 0.0000000000000000000 ) ) ;
#4465 = VECTOR ( 'NONE', #4564, 1000.000000000000000 ) ;
#4466 = ORIENTED_EDGE ( 'NONE', *, *, #3097, .F. ) ;
#4467 = CARTESIAN_POINT ( 'NONE',  ( 0.02011125121218467968, 0.7999999999999998224, -0.1753974051945930146 ) ) ;
#4468 = VECTOR ( 'NONE', #2892, 1000.000000000000000 ) ;
#4469 = CARTESIAN_POINT ( 'NONE',  ( -0.9399564990778201956, 0.8000000000000000444, 0.1291471257897642277 ) ) ;
#4470 = CARTESIAN_POINT ( 'NONE',  ( -0.8207792207792208306, 0.8000000000000002665, 0.004058441558441511221 ) ) ;
#4471 = VERTEX_POINT ( 'NONE', #3974 ) ;
#4472 = CARTESIAN_POINT ( 'NONE',  ( 0.9192664131893052426, 0.7999999999999997113, -0.1571310160067813100 ) ) ;
#4473 = AXIS2_PLACEMENT_3D ( 'NONE', #4478, #3425, #2334 ) ;
#4474 = STYLED_ITEM ( 'NONE', ( #4284 ), #3098 ) ;
#4475 = VECTOR ( 'NONE', #2101, 1000.000000000000000 ) ;
#4476 = CARTESIAN_POINT ( 'NONE',  ( 0.6961038961038961137, 0.8000000000000000444, -0.1004058441558441234 ) ) ;
#4477 = PRESENTATION_STYLE_ASSIGNMENT (( #3056 ) ) ;
#4478 = CARTESIAN_POINT ( 'NONE',  ( -1.191118489197771968, 0.6000000000000000888, 0.0000000000000000000 ) ) ;
#4479 = ORIENTED_EDGE ( 'NONE', *, *, #1068, .T. ) ;
#4480 = VECTOR ( 'NONE', #305, 1000.000000000000000 ) ;
#4481 = CARTESIAN_POINT ( 'NONE',  ( 0.1866181123605584746, 0.7999999999999998224, -0.08811218754861394054 ) ) ;
#4482 = CARTESIAN_POINT ( 'NONE',  ( 1.111688311688312059, 0.8000000000000001554, 0.08279220779220786142 ) ) ;
#4483 = ADVANCED_FACE ( 'NONE', ( #22 ), #2146, .F. ) ;
#4484 = VECTOR ( 'NONE', #3732, 1000.000000000000000 ) ;
#4485 = ORIENTED_EDGE ( 'NONE', *, *, #240, .T. ) ;
#4486 = CARTESIAN_POINT ( 'NONE',  ( -1.169999999999999929, -0.1999999999999999833, 0.0000000000000000000 ) ) ;
#4487 = ORIENTED_EDGE ( 'NONE', *, *, #2929, .F. ) ;
#4488 = SPHERICAL_SURFACE ( 'NONE', #3361, 0.2000000000000000111 ) ;
#4489 = AXIS2_PLACEMENT_3D ( 'NONE', #1324, #2410, #2454 ) ;
#4490 = LINE ( 'NONE', #1290, #94 ) ;
#4491 = EDGE_CURVE ( 'NONE', #3951, #4407, #363, .T. ) ;
#4492 = ADVANCED_FACE ( 'NONE', ( #4299 ), #2855, .F. ) ;
#4493 = CARTESIAN_POINT ( 'NONE',  ( -1.599999999999999867, -0.8499999999999998668, 0.0000000000000000000 ) ) ;
#4494 = ORIENTED_EDGE ( 'NONE', *, *, #3714, .T. ) ;
#4495 = DIRECTION ( 'NONE',  ( -0.0000000000000000000, -0.0000000000000000000, -1.000000000000000000 ) ) ;
#4496 = LINE ( 'NONE', #3415, #4551 ) ;
#4497 = CARTESIAN_POINT ( 'NONE',  ( -0.8292749275088082683, 0.7999999999999999334, -0.08208577510906678310 ) ) ;
#4498 = CARTESIAN_POINT ( 'NONE',  ( 0.09137374171964100789, 0.8000000000000003775, -0.1999098020809794152 ) ) ;
#4499 = ORIENTED_EDGE ( 'NONE', *, *, #513, .F. ) ;
#4500 = VERTEX_POINT ( 'NONE', #3571 ) ;
#4501 = PLANE ( 'NONE',  #2991 ) ;
#4502 = DIRECTION ( 'NONE',  ( 0.0000000000000000000, 0.0000000000000000000, 1.000000000000000000 ) ) ;
#4503 = B_SPLINE_CURVE_WITH_KNOTS ( 'NONE', 3,
 ( #2421, #641, #2079, #3506, #3043, #1261, #2134, #786, #1058, #3909, #695, #1405, #1456, #4258, #3957, #3558, #761, #1478, #2837 ),
 .UNSPECIFIED., .F., .F.,
 ( 4, 1, 1, 1, 1, 1, 1, 1, 1, 1, 1, 1, 1, 1, 1, 1, 4 ),
 ( 0.0000000000000000000, 0.07417995109605858561, 0.1438133920587931214, 0.2105182216467937628, 0.2738655381805233935, 0.3354970569253040158, 0.3955372311554230524, 0.4553702722868900321, 0.5155752233207225865, 0.5757989177889227816, 0.6348365267077326068, 0.6937550651999444540, 0.7528117880455557076, 0.8123885837120370379, 0.8727952408717848387, 0.9353477088836942288, 1.000000000000000000 ),
 .UNSPECIFIED. ) ;
#4504 = CARTESIAN_POINT ( 'NONE',  ( -0.05499999999999997252, 1.550000000000000488, 0.0000000000000000000 ) ) ;
#4505 = FACE_OUTER_BOUND ( 'NONE', #1932, .T. ) ;
#4506 = VERTEX_POINT ( 'NONE', #1422 ) ;
#4507 = DIRECTION ( 'NONE',  ( 1.000000000000000000, 0.0000000000000000000, 0.0000000000000000000 ) ) ;
#4508 = CARTESIAN_POINT ( 'NONE',  ( 0.1974025974025973296, 0.7999999999999998224, 0.07735389610389614701 ) ) ;
#4509 = ORIENTED_EDGE ( 'NONE', *, *, #4010, .T. ) ;
#4510 = DIRECTION ( 'NONE',  ( 2.464095846557962920E-16, -1.000000000000000000, 0.0000000000000000000 ) ) ;
#4511 =( LENGTH_UNIT ( ) NAMED_UNIT ( * ) SI_UNIT ( .MILLI., .METRE. ) );
#4512 = EDGE_CURVE ( 'NONE', #2404, #3567, #392, .T. ) ;
#4513 = ORIENTED_EDGE ( 'NONE', *, *, #344, .F. ) ;
#4514 = CARTESIAN_POINT ( 'NONE',  ( 1.599999999999998979, 0.8499999999999997558, 0.0000000000000000000 ) ) ;
#4515 = PLANE ( 'NONE',  #1653 ) ;
#4516 = CARTESIAN_POINT ( 'NONE',  ( 0.6189935064935064846, 0.7999999999999998224, -0.06144480519480513547 ) ) ;
#4517 = FACE_OUTER_BOUND ( 'NONE', #1686, .T. ) ;
#4518 = ADVANCED_FACE ( 'NONE', ( #46 ), #2901, .F. ) ;
#4519 = ORIENTED_EDGE ( 'NONE', *, *, #1012, .F. ) ;
#4520 = CARTESIAN_POINT ( 'NONE',  ( 0.002558876870487188700, 0.7999999999999998224, -0.1525025812061046870 ) ) ;
#4521 = ADVANCED_FACE ( 'NONE', ( #1802 ), #73, .F. ) ;
#4522 = CARTESIAN_POINT ( 'NONE',  ( 1.191118489197771968, 0.8000000000000000444, 1.191118489197771968 ) ) ;
#4523 = LINE ( 'NONE', #2089, #4567 ) ;
#4524 = ORIENTED_EDGE ( 'NONE', *, *, #4512, .T. ) ;
#4525 = EDGE_CURVE ( 'NONE', #4572, #198, #4349, .T. ) ;
#4526 = ORIENTED_EDGE ( 'NONE', *, *, #1321, .T. ) ;
#4527 = CARTESIAN_POINT ( 'NONE',  ( 0.08859567755916178400, 0.8000000000000001554, -0.1375524156239613383 ) ) ;
#4528 = CARTESIAN_POINT ( 'NONE',  ( 0.0000000000000000000, 0.0000000000000000000, 0.0000000000000000000 ) ) ;
#4529 = CARTESIAN_POINT ( 'NONE',  ( -0.05500000000000025008, -1.550000000000000266, 0.0000000000000000000 ) ) ;
#4530 = VERTEX_POINT ( 'NONE', #798 ) ;
#4531 = DIRECTION ( 'NONE',  ( 1.000000000000000000, 0.0000000000000000000, 0.0000000000000000000 ) ) ;
#4532 = ORIENTED_EDGE ( 'NONE', *, *, #1320, .T. ) ;
#4533 = ORIENTED_EDGE ( 'NONE', *, *, #2054, .T. ) ;
#4534 = EDGE_LOOP ( 'NONE', ( #659, #2822 ) ) ;
#4535 = CARTESIAN_POINT ( 'NONE',  ( 0.5782467532467533422, 0.7999999999999999334, -0.04935064935064931851 ) ) ;
#4536 = FACE_OUTER_BOUND ( 'NONE', #189, .T. ) ;
#4537 = DIRECTION ( 'NONE',  ( 0.0000000000000000000, -1.000000000000000000, 0.0000000000000000000 ) ) ;
#4538 = DIRECTION ( 'NONE',  ( -1.000000000000000000, 0.0000000000000000000, 0.0000000000000000000 ) ) ;
#4539 = VERTEX_POINT ( 'NONE', #2883 ) ;
#4540 = FACE_OUTER_BOUND ( 'NONE', #4279, .T. ) ;
#4541 = PLANE ( 'NONE',  #219 ) ;
#4542 = CARTESIAN_POINT ( 'NONE',  ( 1.599999999999999645, -0.4500000000000001776, 0.1499999999999999944 ) ) ;
#4543 = EDGE_CURVE ( 'NONE', #639, #2726, #3979, .T. ) ;
#4544 = VERTEX_POINT ( 'NONE', #117 ) ;
#4545 = ORIENTED_EDGE ( 'NONE', *, *, #4525, .F. ) ;
#4546 = CARTESIAN_POINT ( 'NONE',  ( 1.299999999999999822, -0.4500000000000001776, 0.0000000000000000000 ) ) ;
#4547 = CARTESIAN_POINT ( 'NONE',  ( -1.169999999999999929, -0.4500000000000000111, 0.0000000000000000000 ) ) ;
#4548 = VECTOR ( 'NONE', #790, 1000.000000000000000 ) ;
#4549 = EDGE_CURVE ( 'NONE', #3767, #4132, #1823, .T. ) ;
#4550 = EDGE_CURVE ( 'NONE', #1304, #3724, #2959, .T. ) ;
#4551 = VECTOR ( 'NONE', #1676, 1000.000000000000000 ) ;
#4552 = CARTESIAN_POINT ( 'NONE',  ( 0.0000000000000000000, 0.8000000000000000444, 0.09090909090909092549 ) ) ;
#4553 = ORIENTED_EDGE ( 'NONE', *, *, #4113, .T. ) ;
#4554 = LINE ( 'NONE', #1684, #229 ) ;
#4555 = DIRECTION ( 'NONE',  ( 0.0000000000000000000, -0.0000000000000000000, -1.000000000000000000 ) ) ;
#4556 = AXIS2_PLACEMENT_3D ( 'NONE', #2884, #4305, #2492 ) ;
#4557 = VECTOR ( 'NONE', #3182, 1000.000000000000000 ) ;
#4558 = ORIENTED_EDGE ( 'NONE', *, *, #4041, .T. ) ;
#4559 = ORIENTED_EDGE ( 'NONE', *, *, #3749, .F. ) ;
#4560 = ORIENTED_EDGE ( 'NONE', *, *, #3014, .F. ) ;
#4561 = PLANE ( 'NONE',  #900 ) ;
#4562 = CARTESIAN_POINT ( 'NONE',  ( 0.9663481668781890299, 0.8000000000000000444, -0.09474033339568285750 ) ) ;
#4563 =( GEOMETRIC_REPRESENTATION_CONTEXT ( 3 ) GLOBAL_UNCERTAINTY_ASSIGNED_CONTEXT ( ( #4019 ) ) GLOBAL_UNIT_ASSIGNED_CONTEXT ( ( #831, #4420, #1899 ) ) REPRESENTATION_CONTEXT ( 'NONE', 'WORKASPACE' ) );
#4564 = DIRECTION ( 'NONE',  ( 0.0000000000000000000, -1.000000000000000000, 0.0000000000000000000 ) ) ;
#4565 = ORIENTED_EDGE ( 'NONE', *, *, #3554, .F. ) ;
#4566 = DIRECTION ( 'NONE',  ( -0.0000000000000000000, -1.000000000000000000, -0.0000000000000000000 ) ) ;
#4567 = VECTOR ( 'NONE', #3515, 1000.000000000000000 ) ;
#4568 = CARTESIAN_POINT ( 'NONE',  ( 0.6493506493506493449, 0.8000000000000000444, -0.01874999999999996808 ) ) ;
#4569 = CARTESIAN_POINT ( 'NONE',  ( 0.1833410012334412142, 0.8000000000000000444, -0.1277145200291132376 ) ) ;
#4570 = VECTOR ( 'NONE', #3315, 999.9999999999998863 ) ;
#4571 = CARTESIAN_POINT ( 'NONE',  ( 1.599999999999999867, -0.2000000000000003164, 0.1499999999999999944 ) ) ;
#4572 = VERTEX_POINT ( 'NONE', #2969 ) ;
#4573 = CARTESIAN_POINT ( 'NONE',  ( -0.8619479791170003846, 0.8000000000000004885, 0.1549968309015206658 ) ) ;
#4574 = DIRECTION ( 'NONE',  ( -0.0000000000000000000, 0.0000000000000000000, -1.000000000000000000 ) ) ;
#4575 = EDGE_CURVE ( 'NONE', #170, #2037, #2572, .T. ) ;
#4576 =( LENGTH_UNIT ( ) NAMED_UNIT ( * ) SI_UNIT ( .MILLI., .METRE. ) );
#4577 = LINE ( 'NONE', #1378, #4340 ) ;
#4578 = ADVANCED_FACE ( 'NONE', ( #1843 ), #2198, .T. ) ;
#4579 = EDGE_LOOP ( 'NONE', ( #3756, #269, #3466, #2221 ) ) ;
#4580 = EDGE_CURVE ( 'NONE', #111, #2652, #3271, .T. ) ;
#4581 = CARTESIAN_POINT ( 'NONE',  ( -1.219999999999999529, 0.7699999999999997957, 0.1499999999999999944 ) ) ;
#4582 = ORIENTED_EDGE ( 'NONE', *, *, #1664, .F. ) ;
#4583 = ORIENTED_EDGE ( 'NONE', *, *, #3156, .F. ) ;
#4584 = CARTESIAN_POINT ( 'NONE',  ( 0.6614632275953730156, 0.8000000000000000444, -0.01395698321678995324 ) ) ;
#4585 = VERTEX_POINT ( 'NONE', #3665 ) ;
#4586 = CARTESIAN_POINT ( 'NONE',  ( -0.1650000000000003131, -1.175000000000000488, 0.1499999999999999944 ) ) ;
#4587 = CARTESIAN_POINT ( 'NONE',  ( 0.9665897699047009128, 0.8000000000000001554, -0.08091896096211567690 ) ) ;
#4588 = CARTESIAN_POINT ( 'NONE',  ( 1.035033885264715847, 0.8000000000000000444, 0.2017479169169832942 ) ) ;
#4589 = ORIENTED_EDGE ( 'NONE', *, *, #460, .F. ) ;
#4590 = DIRECTION ( 'NONE',  ( 2.464095846557962920E-16, -1.000000000000000000, 0.0000000000000000000 ) ) ;
#4591 = B_SPLINE_CURVE_WITH_KNOTS ( 'NONE', 3,
 ( #2626, #561, #4069, #3089, #192, #937, #2316, #2295, #869, #1618, #2009 ),
 .UNSPECIFIED., .F., .F.,
 ( 4, 1, 1, 1, 1, 1, 1, 1, 4 ),
 ( 0.0000000000000000000, 0.1225135750213214025, 0.2391203493041764716, 0.3514047361853058771, 0.4679835974158653711, 0.5875666374974769512, 0.7131549403808388199, 0.8490439174595607597, 1.000000000000000000 ),
 .UNSPECIFIED. ) ;
#4592 = DIRECTION ( 'NONE',  ( -0.0000000000000000000, -0.0000000000000000000, -1.000000000000000000 ) ) ;
#4593 = CARTESIAN_POINT ( 'NONE',  ( -0.8834910544438995261, 0.7999999999999996003, -0.01988999983557867418 ) ) ;
#4594 = DIRECTION ( 'NONE',  ( 1.000000000000000000, -1.022832238193873659E-15, 0.0000000000000000000 ) ) ;
#4595 = ORIENTED_EDGE ( 'NONE', *, *, #728, .T. ) ;
#4596 = DIRECTION ( 'NONE',  ( -1.000000000000000000, 0.0000000000000000000, 0.0000000000000000000 ) ) ;
#4597 = DIRECTION ( 'NONE',  ( 0.0000000000000000000, -1.000000000000000000, 0.0000000000000000000 ) ) ;
#4598 = DIRECTION ( 'NONE',  ( 1.000000000000000000, 0.0000000000000000000, 0.0000000000000000000 ) ) ;
#4599 = CARTESIAN_POINT ( 'NONE',  ( 0.1048979119163817308, 0.8000000000000001554, 0.1386148909697136056 ) ) ;
#4600 = ORIENTED_EDGE ( 'NONE', *, *, #2976, .F. ) ;
#4601 = CARTESIAN_POINT ( 'NONE',  ( 1.169999999999999485, 0.1999999999999999556, 0.0000000000000000000 ) ) ;
#4602 = EDGE_CURVE ( 'NONE', #4454, #4283, #1103, .T. ) ;
#4603 = ORIENTED_EDGE ( 'NONE', *, *, #1500, .T. ) ;
#4604 = ORIENTED_EDGE ( 'NONE', *, *, #793, .T. ) ;
#4605 = LINE ( 'NONE', #2460, #760 ) ;
#4606 = ORIENTED_EDGE ( 'NONE', *, *, #4002, .T. ) ;
#4607 = CARTESIAN_POINT ( 'NONE',  ( 1.169999999999999485, 0.1999999999999999556, 0.1499999999999999944 ) ) ;
#4608 = LINE ( 'NONE', #1780, #3294 ) ;
#4609 = EDGE_CURVE ( 'NONE', #690, #2041, #27, .T. ) ;
#4610 = MANIFOLD_SOLID_BREP ( 'Boss-Extrude1[1]', #370 ) ;
#4611 = EDGE_CURVE ( 'NONE', #1928, #4287, #553, .T. ) ;
#4612 = CARTESIAN_POINT ( 'NONE',  ( 1.090968968107000281, 0.8000000000000000444, 0.1606872526243875443 ) ) ;
#4613 = CARTESIAN_POINT ( 'NONE',  ( 0.9611669440207875059, 0.7999999999999999334, 0.08267003945683407129 ) ) ;
#4614 = LINE ( 'NONE', #1412, #3208 ) ;
#4615 = CARTESIAN_POINT ( 'NONE',  ( 1.006655844155844637, 0.7999999999999999334, 0.2051948051948052909 ) ) ;
#4616 = DIRECTION ( 'NONE',  ( 1.000000000000000000, 0.0000000000000000000, 0.0000000000000000000 ) ) ;
#4617 = ORIENTED_EDGE ( 'NONE', *, *, #4580, .F. ) ;
#4618 = CARTESIAN_POINT ( 'NONE',  ( -0.9529722800749658163, 0.8000000000000000444, 0.1996155333684750122 ) ) ;
#4619 = DIRECTION ( 'NONE',  ( 8.673617379884035472E-16, -1.000000000000000000, 0.0000000000000000000 ) ) ;
#4620 = CARTESIAN_POINT ( 'NONE',  ( -1.191118489197771746, 0.6347296355333861273, 1.388080039800213328 ) ) ;
#4621 = DIRECTION ( 'NONE',  ( 0.0000000000000000000, -0.0000000000000000000, -1.000000000000000000 ) ) ;
#4622 = DIRECTION ( 'NONE',  ( 9.035018104045900523E-16, 1.000000000000000000, 0.0000000000000000000 ) ) ;
#4623 = CARTESIAN_POINT ( 'NONE',  ( 0.4972463463885988255, 0.8000000000000000444, 0.1199294176449835492 ) ) ;
#4624 = VECTOR ( 'NONE', #194, 1000.000000000000000 ) ;
#4625 = ORIENTED_EDGE ( 'NONE', *, *, #3943, .T. ) ;
#4626 = VECTOR ( 'NONE', #2655, 1000.000000000000000 ) ;
#4627 = B_SPLINE_CURVE_WITH_KNOTS ( 'NONE', 3,
 ( #4286, #2515, #2036, #3458, #2535, #32, #3644, #4020, #1150, #2911, #1107, #122, #3627, #3961, #2578, #787, #4000, #1132, #804 ),
 .UNSPECIFIED., .F., .F.,
 ( 4, 1, 1, 1, 1, 1, 1, 1, 1, 1, 1, 1, 1, 1, 1, 1, 4 ),
 ( 0.0000000000000000000, 0.08274303077418704300, 0.1607648147147669460, 0.2339735719340254871, 0.3032020836224730842, 0.3684134087851745343, 0.4302918982837582451, 0.4892254981802079405, 0.5462801477675796047, 0.6017754552499446907, 0.6565375029511895111, 0.7112445041841399807, 0.7662490148335416862, 0.8218776296407478421, 0.8792723176394589002, 0.9383165830672380858, 1.000000000000000000 ),
 .UNSPECIFIED. ) ;
#4628 = VERTEX_POINT ( 'NONE', #3928 ) ;
#4629 = NEXT_ASSEMBLY_USAGE_OCCURRENCE ( 'NAUO1', ' ', ' ', #3475, #2925, $ ) ;
#4630 = NEXT_ASSEMBLY_USAGE_OCCURRENCE ( 'NAUO2', ' ', ' ', #3475, #1118, $ ) ;
ENDSEC;
END-ISO-10303-21;
