ISO-10303-21;
HEADER;
FILE_DESCRIPTION (( 'STEP AP214' ),
    '1' );
FILE_NAME ('BMP280.STEP',
    '2023-03-06T04:46:31',
    ( '' ),
    ( '' ),
    'SwSTEP 2.0',
    'SolidWorks 2022',
    '' );
FILE_SCHEMA (( 'AUTOMOTIVE_DESIGN' ));
ENDSEC;

DATA;
#1 = EDGE_LOOP ( 'NONE', ( #1127, #3947, #1738, #973 ) ) ;
#2 = FACE_OUTER_BOUND ( 'NONE', #1016, .T. ) ;
#3 = PLANE ( 'NONE',  #2149 ) ;
#4 = CARTESIAN_POINT ( 'NONE',  ( 0.1499999999999997446, 0.000000000000000000, -0.9000000000000000222 ) ) ;
#5 = PLANE ( 'NONE',  #3387 ) ;
#6 = DIRECTION ( 'NONE',  ( 1.000000000000000000, 0.000000000000000000, -0.000000000000000000 ) ) ;
#7 = CARTESIAN_POINT ( 'NONE',  ( 0.8736984881884004572, 0.8392632375084070340, -0.7210954645652010164 ) ) ;
#8 = CARTESIAN_POINT ( 'NONE',  ( -1.125000000000000444, 0.2550000000000002265, 0.6250000000000001110 ) ) ;
#9 = CARTESIAN_POINT ( 'NONE',  ( 0.000000000000000000, 0.000000000000000000, 0.000000000000000000 ) ) ;
#10 = ADVANCED_FACE ( 'NONE', ( #651 ), #3085, .F. ) ;
#11 = ADVANCED_FACE ( 'NONE', ( #1144 ), #2390, .T. ) ;
#12 = AXIS2_PLACEMENT_3D ( 'NONE', #1570, #3233, #800 ) ;
#13 = EDGE_LOOP ( 'NONE', ( #4843, #2828, #2165, #2219 ) ) ;
#14 = VECTOR ( 'NONE', #3037, 1000.000000000000000 ) ;
#15 = LINE ( 'NONE', #2049, #3333 ) ;
#16 = DIRECTION ( 'NONE',  ( 0.000000000000000000, 0.000000000000000000, -1.000000000000000000 ) ) ;
#17 = EDGE_CURVE ( 'NONE', #4015, #900, #1091, .T. ) ;
#18 = VERTEX_POINT ( 'NONE', #1449 ) ;
#19 = EDGE_LOOP ( 'NONE', ( #3239, #2887, #3719 ) ) ;
#20 = ORIENTED_EDGE ( 'NONE', *, *, #389, .T. ) ;
#21 = CARTESIAN_POINT ( 'NONE',  ( -0.8686894650627289272, 0.9007223896014928677, 0.7497578602509137324 ) ) ;
#22 = DIRECTION ( 'NONE',  ( 0.000000000000000000, 1.000000000000000000, 0.000000000000000000 ) ) ;
#23 = DIRECTION ( 'NONE',  ( -0.000000000000000000, -1.000000000000000000, 0.000000000000000000 ) ) ;
#24 = ORIENTED_EDGE ( 'NONE', *, *, #710, .F. ) ;
#25 = VERTEX_POINT ( 'NONE', #4260 ) ;
#26 = CARTESIAN_POINT ( 'NONE',  ( 1.149999999999999689, 0.1000000000000000056, 0.5500000000000000444 ) ) ;
#27 = DIRECTION ( 'NONE',  ( 0.000000000000000000, -1.000000000000000000, 0.000000000000000000 ) ) ;
#28 = CARTESIAN_POINT ( 'NONE',  ( -0.8750000000000002220, 0.1549999999999999989, -0.6249999999999998890 ) ) ;
#29 = CARTESIAN_POINT ( 'NONE',  ( 0.9749999999999499067, 0.8000000000000000444, -0.6249999552455424157 ) ) ;
#30 = CARTESIAN_POINT ( 'NONE',  ( -0.9750000000000006439, 0.3550000000000002598, 0.6250000000000000000 ) ) ;
#31 = FACE_OUTER_BOUND ( 'NONE', #3768, .T. ) ;
#32 = AXIS2_PLACEMENT_3D ( 'NONE', #866, #1250, #838 ) ;
#33 = CARTESIAN_POINT ( 'NONE',  ( 0.8510997443107289895, 0.9338328014237774477, 0.6532992329321869462 ) ) ;
#34 = ORIENTED_EDGE ( 'NONE', *, *, #1525, .F. ) ;
#35 = CARTESIAN_POINT ( 'NONE',  ( 0.4999999999999997780, 0.1000000000000000056, 0.5500000000000000444 ) ) ;
#36 = LINE ( 'NONE', #4080, #1356 ) ;
#37 = CARTESIAN_POINT ( 'NONE',  ( 0.8249999999999997335, 1.000000000000000000, -0.5749999999999999556 ) ) ;
#38 = VECTOR ( 'NONE', #1980, 1000.000000000000000 ) ;
#39 = AXIS2_PLACEMENT_3D ( 'NONE', #2241, #1494, #1863 ) ;
#40 = VERTEX_POINT ( 'NONE', #1947 ) ;
#41 = VECTOR ( 'NONE', #2694, 1000.000000000000000 ) ;
#42 = VERTEX_POINT ( 'NONE', #3845 ) ;
#43 = EDGE_CURVE ( 'NONE', #1070, #3225, #299, .T. ) ;
#44 = ORIENTED_EDGE ( 'NONE', *, *, #3275, .F. ) ;
#45 = AXIS2_PLACEMENT_3D ( 'NONE', #182, #933, #3728 ) ;
#46 = CARTESIAN_POINT ( 'NONE',  ( -0.8686894650627289272, 0.8755417922011200504, -0.7060683951881853160 ) ) ;
#47 = CARTESIAN_POINT ( 'NONE',  ( 0.7999999999999997113, 0.1000000000000000056, -0.9000000000000000222 ) ) ;
#48 = PLANE ( 'NONE',  #1247 ) ;
#49 = VECTOR ( 'NONE', #3976, 1000.000000000000000 ) ;
#50 = ORIENTED_EDGE ( 'NONE', *, *, #1668, .T. ) ;
#51 = EDGE_CURVE ( 'NONE', #1227, #4182, #1844, .T. ) ;
#52 = ORIENTED_EDGE ( 'NONE', *, *, #3822, .F. ) ;
#53 = DIRECTION ( 'NONE',  ( -0.000000000000000000, -1.000000000000000000, -0.000000000000000000 ) ) ;
#54 = CARTESIAN_POINT ( 'NONE',  ( -0.8000000000000001554, 0.1000000000000000056, 0.9000000000000001332 ) ) ;
#55 = DIRECTION ( 'NONE',  ( -0.000000000000000000, -0.000000000000000000, 1.000000000000000000 ) ) ;
#56 = DIRECTION ( 'NONE',  ( 0.000000000000000000, 0.000000000000000000, 1.000000000000000000 ) ) ;
#57 = CARTESIAN_POINT ( 'NONE',  ( -0.8736984881884010123, 0.8392632375084068119, 0.7210954645652013495 ) ) ;
#58 = EDGE_CURVE ( 'NONE', #1644, #4034, #1919, .T. ) ;
#59 = CARTESIAN_POINT ( 'NONE',  ( 0.9335786437626905077, 0.2892174209693612608, -0.7249999999999996447 ) ) ;
#60 = DIRECTION ( 'NONE',  ( -1.000000000000000000, 0.000000000000000000, 0.000000000000000000 ) ) ;
#61 = CARTESIAN_POINT ( 'NONE',  ( 0.8249999999999998446, 1.000000000000000000, 0.5749999999999998446 ) ) ;
#62 = ORIENTED_EDGE ( 'NONE', *, *, #1993, .F. ) ;
#63 = PLANE ( 'NONE',  #32 ) ;
#64 = DIRECTION ( 'NONE',  ( 0.000000000000000000, 0.000000000000000000, 1.000000000000000000 ) ) ;
#65 = SURFACE_STYLE_FILL_AREA ( #4031 ) ;
#66 = PRESENTATION_STYLE_ASSIGNMENT (( #448 ) ) ;
#67 = ORIENTED_EDGE ( 'NONE', *, *, #4004, .T. ) ;
#68 = ORIENTED_EDGE ( 'NONE', *, *, #3522, .T. ) ;
#69 = ORIENTED_EDGE ( 'NONE', *, *, #1218, .F. ) ;
#70 = DIRECTION ( 'NONE',  ( -1.000000000000000000, 0.000000000000000000, 0.000000000000000000 ) ) ;
#71 = DIRECTION ( 'NONE',  ( -1.000000000000000000, 0.000000000000000000, -3.097720492815728645E-16 ) ) ;
#72 = EDGE_CURVE ( 'NONE', #3676, #25, #5097, .T. ) ;
#73 = ORIENTED_EDGE ( 'NONE', *, *, #587, .F. ) ;
#74 = EDGE_CURVE ( 'NONE', #3909, #3954, #4194, .T. ) ;
#75 = ORIENTED_EDGE ( 'NONE', *, *, #3013, .T. ) ;
#76 = CARTESIAN_POINT ( 'NONE',  ( 1.149999999999999689, 0.000000000000000000, 0.000000000000000000 ) ) ;
#77 = DIRECTION ( 'NONE',  ( -1.734723475976807094E-16, 0.000000000000000000, -1.000000000000000000 ) ) ;
#78 = DIRECTION ( 'NONE',  ( 0.000000000000000000, 0.000000000000000000, -1.000000000000000000 ) ) ;
#79 = CARTESIAN_POINT ( 'NONE',  ( -0.1500000000000002165, 0.1000000000000000056, 0.9000000000000000222 ) ) ;
#80 = CARTESIAN_POINT ( 'NONE',  ( -0.8750000000000003331, 0.2892174209693617049, 0.7250000000000003109 ) ) ;
#81 = ADVANCED_FACE ( 'NONE', ( #5070 ), #1171, .F. ) ;
#82 = AXIS2_PLACEMENT_3D ( 'NONE', #3781, #1388, #1007 ) ;
#83 = ADVANCED_FACE ( 'NONE', ( #1553 ), #3138, .F. ) ;
#84 = FACE_OUTER_BOUND ( 'NONE', #897, .T. ) ;
#85 = FACE_OUTER_BOUND ( 'NONE', #2150, .T. ) ;
#86 = DIRECTION ( 'NONE',  ( 6.195440985631456303E-16, -0.000000000000000000, 1.000000000000000000 ) ) ;
#87 = ORIENTED_EDGE ( 'NONE', *, *, #1280, .T. ) ;
#88 = AXIS2_PLACEMENT_3D ( 'NONE', #4441, #2480, #3661 ) ;
#89 = DIRECTION ( 'NONE',  ( 0.000000000000000000, 1.000000000000000000, 0.000000000000000000 ) ) ;
#90 = PLANE ( 'NONE',  #2264 ) ;
#91 = DIRECTION ( 'NONE',  ( 3.097720492815726673E-16, -0.000000000000000000, 1.000000000000000000 ) ) ;
#92 =( NAMED_UNIT ( * ) SI_UNIT ( $, .STERADIAN. ) SOLID_ANGLE_UNIT ( ) );
#93 = DIRECTION ( 'NONE',  ( 0.000000000000000000, 1.000000000000000000, 0.000000000000000000 ) ) ;
#94 = AXIS2_PLACEMENT_3D ( 'NONE', #3130, #2706, #1109 ) ;
#95 = VECTOR ( 'NONE', #3076, 1000.000000000000000 ) ;
#96 = VERTEX_POINT ( 'NONE', #1541 ) ;
#97 = ORIENTED_EDGE ( 'NONE', *, *, #2124, .F. ) ;
#98 = ORIENTED_EDGE ( 'NONE', *, *, #4763, .F. ) ;
#99 = CARTESIAN_POINT ( 'NONE',  ( 0.8701184463531093094, 0.8866882571894730836, 0.7557110770375791153 ) ) ;
#100 = MANIFOLD_SOLID_BREP ( 'Boss-Extrude4[8]', #2933 ) ;
#101 = CARTESIAN_POINT ( 'NONE',  ( 0.8750000000000001110, 4.570019455179279433, -0.7250000000000000888 ) ) ;
#102 = LINE ( 'NONE', #4348, #2980 ) ;
#103 = VERTEX_POINT ( 'NONE', #1103 ) ;
#104 = EDGE_LOOP ( 'NONE', ( #843, #4611, #24, #558 ) ) ;
#105 = PLANE ( 'NONE',  #4163 ) ;
#106 = CARTESIAN_POINT ( 'NONE',  ( 0.000000000000000000, 0.000000000000000000, -0.9000000000000000222 ) ) ;
#107 = DIRECTION ( 'NONE',  ( 0.000000000000000000, 0.000000000000000000, 1.000000000000000000 ) ) ;
#108 = DIRECTION ( 'NONE',  ( 0.000000000000000000, 0.000000000000000000, -1.000000000000000000 ) ) ;
#109 = LINE ( 'NONE', #2784, #1821 ) ;
#110 = EDGE_CURVE ( 'NONE', #1506, #103, #1605, .T. ) ;
#111 = DIRECTION ( 'NONE',  ( 3.097720492815726673E-16, -0.000000000000000000, 1.000000000000000000 ) ) ;
#112 = CARTESIAN_POINT ( 'NONE',  ( -0.8000000000000001554, 0.1000000000000000056, 0.9000000000000001332 ) ) ;
#113 = PLANE ( 'NONE',  #2184 ) ;
#114 = ORIENTED_EDGE ( 'NONE', *, *, #1525, .T. ) ;
#115 = CARTESIAN_POINT ( 'NONE',  ( 0.8249999999999997335, 1.000000000000000000, -0.5749999999999999556 ) ) ;
#116 = CARTESIAN_POINT ( 'NONE',  ( -0.5000000000000000000, 0.1000000000000000056, -0.5499999999999999334 ) ) ;
#117 = DIRECTION ( 'NONE',  ( -0.000000000000000000, -1.000000000000000000, -0.000000000000000000 ) ) ;
#118 = CARTESIAN_POINT ( 'NONE',  ( -0.8000000000000001554, 0.1000000000000000056, -0.9000000000000001332 ) ) ;
#119 = ORIENTED_EDGE ( 'NONE', *, *, #4739, .F. ) ;
#120 = MECHANICAL_DESIGN_GEOMETRIC_PRESENTATION_REPRESENTATION (  '', ( #3922 ), #3167 ) ;
#121 = EDGE_LOOP ( 'NONE', ( #2383, #4783, #4165, #1953 ) ) ;
#122 = ORIENTED_EDGE ( 'NONE', *, *, #679, .F. ) ;
#123 = VECTOR ( 'NONE', #3434, 1000.000000000000000 ) ;
#124 = DIRECTION ( 'NONE',  ( -6.195440985631456303E-16, -0.000000000000000000, -1.000000000000000000 ) ) ;
#125 = ORIENTED_EDGE ( 'NONE', *, *, #1239, .F. ) ;
#126 = EDGE_CURVE ( 'NONE', #5116, #5042, #4933, .T. ) ;
#127 = VECTOR ( 'NONE', #4030, 1000.000000000000000 ) ;
#128 = VERTEX_POINT ( 'NONE', #2263 ) ;
#129 = LINE ( 'NONE', #4210, #3497 ) ;
#130 = CARTESIAN_POINT ( 'NONE',  ( -0.5000000000000000000, 0.000000000000000000, 0.5499999999999999334 ) ) ;
#131 = DIRECTION ( 'NONE',  ( 0.000000000000000000, 1.000000000000000000, 0.000000000000000000 ) ) ;
#132 = DIRECTION ( 'NONE',  ( -0.000000000000000000, -1.000000000000000000, -0.000000000000000000 ) ) ;
#133 = AXIS2_PLACEMENT_3D ( 'NONE', #2420, #4303, #1645 ) ;
#134 = STYLED_ITEM ( 'NONE', ( #4661 ), #3551 ) ;
#135 = VECTOR ( 'NONE', #3501, 1000.000000000000000 ) ;
#136 = CARTESIAN_POINT ( 'NONE',  ( -0.8685929608384559408, 0.8985241007717089667, -0.7495676954359712374 ) ) ;
#137 = LINE ( 'NONE', #4174, #2719 ) ;
#138 = CARTESIAN_POINT ( 'NONE',  ( 1.249999999999999778, 0.1549999999999999989, -1.000000000000000444 ) ) ;
#139 = EDGE_CURVE ( 'NONE', #4369, #5099, #4352, .T. ) ;
#140 = EDGE_CURVE ( 'NONE', #1436, #1753, #4695, .T. ) ;
#141 = VECTOR ( 'NONE', #4417, 1000.000000000000000 ) ;
#142 = MANIFOLD_SOLID_BREP ( 'NONE', #530 ) ;
#143 = ORIENTED_EDGE ( 'NONE', *, *, #2815, .F. ) ;
#144 = DIRECTION ( 'NONE',  ( 0.000000000000000000, 0.000000000000000000, -1.000000000000000000 ) ) ;
#145 = DIRECTION ( 'NONE',  ( -0.000000000000000000, -1.000000000000000000, 0.000000000000000000 ) ) ;
#146 = CARTESIAN_POINT ( 'NONE',  ( -0.8750000000000004441, 0.8000000000000000444, -0.7750000000000002442 ) ) ;
#147 = EDGE_CURVE ( 'NONE', #1614, #5014, #2356, .T. ) ;
#148 = VERTEX_POINT ( 'NONE', #3489 ) ;
#149 = EDGE_LOOP ( 'NONE', ( #1145, #2205, #727, #3725 ) ) ;
#150 = ADVANCED_FACE ( 'NONE', ( #357 ), #3958, .T. ) ;
#151 = ORIENTED_EDGE ( 'NONE', *, *, #126, .T. ) ;
#152 = AXIS2_PLACEMENT_3D ( 'NONE', #4889, #2513, #550 ) ;
#153 = DIRECTION ( 'NONE',  ( 1.000000000000000000, 0.000000000000000000, -6.195440985631455317E-17 ) ) ;
#154 = CARTESIAN_POINT ( 'NONE',  ( -1.025000000000000577, 0.2964213562373098632, 0.7128679656440358725 ) ) ;
#155 = ORIENTED_EDGE ( 'NONE', *, *, #1496, .T. ) ;
#156 = EDGE_LOOP ( 'NONE', ( #342, #143, #2120, #629 ) ) ;
#157 = LINE ( 'NONE', #1728, #1921 ) ;
#158 = DIRECTION ( 'NONE',  ( -0.000000000000000000, 0.000000000000000000, -1.000000000000000000 ) ) ;
#159 = CARTESIAN_POINT ( 'NONE',  ( 0.8750000000000000000, 0.8000000000000000444, 0.7750000000000002442 ) ) ;
#160 = CARTESIAN_POINT ( 'NONE',  ( -0.8750000000000002220, 0.2550000000000000044, 0.6250000000000001110 ) ) ;
#161 = CARTESIAN_POINT ( 'NONE',  ( -0.8750000000000003331, 0.1449999999999999900, -0.8249999999999999556 ) ) ;
#162 = LINE ( 'NONE', #3383, #3474 ) ;
#163 = FACE_OUTER_BOUND ( 'NONE', #2942, .T. ) ;
#164 = AXIS2_PLACEMENT_3D ( 'NONE', #981, #912, #562 ) ;
#165 = ORIENTED_EDGE ( 'NONE', *, *, #461, .F. ) ;
#166 = SURFACE_STYLE_FILL_AREA ( #3389 ) ;
#167 = CARTESIAN_POINT ( 'NONE',  ( 0.8249999999999995115, 0.9499999999999999556, -0.5749999999999999556 ) ) ;
#168 = FACE_BOUND ( 'NONE', #3413, .T. ) ;
#169 = FACE_OUTER_BOUND ( 'NONE', #4422, .T. ) ;
#170 = EDGE_CURVE ( 'NONE', #3810, #246, #3040, .T. ) ;
#171 = ORIENTED_EDGE ( 'NONE', *, *, #4262, .F. ) ;
#172 = ORIENTED_EDGE ( 'NONE', *, *, #2561, .F. ) ;
#173 = ORIENTED_EDGE ( 'NONE', *, *, #2951, .F. ) ;
#174 = EDGE_CURVE ( 'NONE', #787, #4970, #2769, .T. ) ;
#175 = AXIS2_PLACEMENT_3D ( 'NONE', #1852, #3435, #4274 ) ;
#176 = CARTESIAN_POINT ( 'NONE',  ( 0.9230879287184375892, 0.9204932954267780465, 0.6730879287184384774 ) ) ;
#177 = ORIENTED_EDGE ( 'NONE', *, *, #58, .T. ) ;
#178 = AXIS2_PLACEMENT_3D ( 'NONE', #4922, #901, #926 ) ;
#179 = ORIENTED_EDGE ( 'NONE', *, *, #2789, .T. ) ;
#180 = VECTOR ( 'NONE', #252, 1000.000000000000000 ) ;
#181 = DIRECTION ( 'NONE',  ( -0.000000000000000000, -0.000000000000000000, -1.000000000000000000 ) ) ;
#182 = CARTESIAN_POINT ( 'NONE',  ( -0.1500000000000002165, 0.1000000000000000056, -0.9000000000000001332 ) ) ;
#183 = DIRECTION ( 'NONE',  ( 0.000000000000000000, 1.000000000000000000, 0.000000000000000000 ) ) ;
#184 = DIRECTION ( 'NONE',  ( 0.000000000000000000, -0.000000000000000000, 1.000000000000000000 ) ) ;
#185 = LINE ( 'NONE', #4909, #572 ) ;
#186 = DIRECTION ( 'NONE',  ( -0.000000000000000000, -1.000000000000000000, -0.000000000000000000 ) ) ;
#187 = ORIENTED_EDGE ( 'NONE', *, *, #2292, .F. ) ;
#188 = DIRECTION ( 'NONE',  ( 0.000000000000000000, 1.000000000000000000, 0.000000000000000000 ) ) ;
#189 = CARTESIAN_POINT ( 'NONE',  ( 0.9749987918764225769, 0.8333006713329796922, -0.7249987918764227990 ) ) ;
#190 = CARTESIAN_POINT ( 'NONE',  ( -0.8000000000000001554, 0.1000000000000000056, -0.5500000000000000444 ) ) ;
#191 = CIRCLE ( 'NONE', #3746, 0.1500000000000000777 ) ;
#192 = CARTESIAN_POINT ( 'NONE',  ( 0.000000000000000000, 0.000000000000000000, 0.9000000000000001332 ) ) ;
#193 = ORIENTED_EDGE ( 'NONE', *, *, #4145, .F. ) ;
#194 = ORIENTED_EDGE ( 'NONE', *, *, #306, .T. ) ;
#195 = EDGE_LOOP ( 'NONE', ( #4297, #2967, #904, #3373 ) ) ;
#196 = CARTESIAN_POINT ( 'NONE',  ( 0.8649831364336266759, 0.8921826250550843884, 0.6949494093008800055 ) ) ;
#197 = VECTOR ( 'NONE', #3578, 1000.000000000000000 ) ;
#198 = VERTEX_POINT ( 'NONE', #524 ) ;
#199 = EDGE_CURVE ( 'NONE', #2034, #96, #1634, .T. ) ;
#200 = VECTOR ( 'NONE', #4382, 1000.000000000000000 ) ;
#201 = ORIENTED_EDGE ( 'NONE', *, *, #2242, .F. ) ;
#202 = CARTESIAN_POINT ( 'NONE',  ( 0.8249999999999998446, 1.000000000000000000, 0.000000000000000000 ) ) ;
#203 = FACE_OUTER_BOUND ( 'NONE', #156, .T. ) ;
#204 = CARTESIAN_POINT ( 'NONE',  ( -0.9749999999999504618, 0.8000000000000000444, -0.6249999552455424157 ) ) ;
#205 = VECTOR ( 'NONE', #3376, 1000.000000000000000 ) ;
#206 = MANIFOLD_SOLID_BREP ( 'Boss-Extrude4[1]', #3830 ) ;
#207 = AXIS2_PLACEMENT_3D ( 'NONE', #4055, #2822, #3268 ) ;
#208 = EDGE_CURVE ( 'NONE', #553, #1037, #4057, .T. ) ;
#209 = EDGE_CURVE ( 'NONE', #1445, #3741, #1294, .T. ) ;
#210 = CARTESIAN_POINT ( 'NONE',  ( -0.8643597385352927986, 0.9235969528726720723, -0.7324969653140060988 ) ) ;
#211 = AXIS2_PLACEMENT_3D ( 'NONE', #3913, #3103, #361 ) ;
#212 = DIRECTION ( 'NONE',  ( 0.000000000000000000, -0.000000000000000000, 1.000000000000000000 ) ) ;
#213 = DIRECTION ( 'NONE',  ( -0.000000000000000000, -0.000000000000000000, -1.000000000000000000 ) ) ;
#214 = B_SPLINE_CURVE_WITH_KNOTS ( 'NONE', 3,
 ( #1146, #5100, #2637, #1922, #4733, #733, #3898, #1504, #3451, #2354, #3948, #4237, #2252 ),
 .UNSPECIFIED., .F., .F.,
 ( 4, 2, 2, 1, 2, 2, 4 ),
 ( 0.000000000000000000, 0.2499999999999990008, 0.3749999999999976130, 0.4374999999999968359, 0.4687499999999966693, 0.4999999999999965583, 1.000000000000000000 ),
 .UNSPECIFIED. ) ;
#215 = LINE ( 'NONE', #1809, #5098 ) ;
#216 = VECTOR ( 'NONE', #3416, 1000.000000000000000 ) ;
#217 = MANIFOLD_SOLID_BREP ( 'Boss-Extrude4[5]', #274 ) ;
#218 = ORIENTED_EDGE ( 'NONE', *, *, #3911, .T. ) ;
#219 = LINE ( 'NONE', #4104, #4421 ) ;
#220 = LINE ( 'NONE', #1791, #4751 ) ;
#221 = DIRECTION ( 'NONE',  ( -0.000000000000000000, -1.000000000000000000, -0.000000000000000000 ) ) ;
#222 = EDGE_LOOP ( 'NONE', ( #554, #179, #3559, #1674 ) ) ;
#223 = VERTEX_POINT ( 'NONE', #2025 ) ;
#224 = ORIENTED_EDGE ( 'NONE', *, *, #2912, .T. ) ;
#225 = CARTESIAN_POINT ( 'NONE',  ( -0.1500000000000002165, 0.000000000000000000, 0.000000000000000000 ) ) ;
#226 = VERTEX_POINT ( 'NONE', #3581 ) ;
#227 = EDGE_LOOP ( 'NONE', ( #4559, #3120, #4652, #281 ) ) ;
#228 = CARTESIAN_POINT ( 'NONE',  ( -0.5000000000000000000, 0.1000000000000000056, 0.5499999999999999334 ) ) ;
#229 = CARTESIAN_POINT ( 'NONE',  ( -0.1500000000000002165, 0.1000000000000000056, -0.5499999999999999334 ) ) ;
#230 = DIRECTION ( 'NONE',  ( 6.195440985631456303E-16, -0.000000000000000000, -1.000000000000000000 ) ) ;
#231 = EDGE_CURVE ( 'NONE', #3874, #1476, #4494, .T. ) ;
#232 = EDGE_CURVE ( 'NONE', #4339, #2889, #3668, .T. ) ;
#233 = ORIENTED_EDGE ( 'NONE', *, *, #929, .F. ) ;
#234 = LINE ( 'NONE', #3380, #2517 ) ;
#235 = CARTESIAN_POINT ( 'NONE',  ( 0.4999999999999997780, 0.1000000000000000056, 0.5500000000000000444 ) ) ;
#236 = CARTESIAN_POINT ( 'NONE',  ( 0.4999999999999997780, 0.1000000000000000056, -0.5500000000000000444 ) ) ;
#237 = EDGE_CURVE ( 'NONE', #5116, #683, #1959, .T. ) ;
#238 = DIRECTION ( 'NONE',  ( 0.000000000000000000, 0.000000000000000000, -1.000000000000000000 ) ) ;
#239 = DIRECTION ( 'NONE',  ( 0.000000000000000000, -0.000000000000000000, 1.000000000000000000 ) ) ;
#240 = ADVANCED_FACE ( 'NONE', ( #1348 ), #2932, .F. ) ;
#241 = ORIENTED_EDGE ( 'NONE', *, *, #2370, .F. ) ;
#242 = CARTESIAN_POINT ( 'NONE',  ( 0.1499999999999999667, 0.000000000000000000, 0.000000000000000000 ) ) ;
#243 = DIRECTION ( 'NONE',  ( -0.000000000000000000, -1.000000000000000000, -0.000000000000000000 ) ) ;
#244 = CARTESIAN_POINT ( 'NONE',  ( -1.149999999999999911, 0.1000000000000000056, 0.5499999999999999334 ) ) ;
#245 = ORIENTED_EDGE ( 'NONE', *, *, #3035, .F. ) ;
#246 = VERTEX_POINT ( 'NONE', #969 ) ;
#247 = CARTESIAN_POINT ( 'NONE',  ( 0.7999999999999997113, 0.000000000000000000, 0.9000000000000000222 ) ) ;
#248 = ORIENTED_EDGE ( 'NONE', *, *, #4154, .T. ) ;
#249 =( LENGTH_UNIT ( ) NAMED_UNIT ( * ) SI_UNIT ( .MILLI., .METRE. ) );
#250 = ORIENTED_EDGE ( 'NONE', *, *, #2688, .F. ) ;
#251 = ORIENTED_EDGE ( 'NONE', *, *, #966, .F. ) ;
#252 = DIRECTION ( 'NONE',  ( 0.000000000000000000, 0.000000000000000000, 1.000000000000000000 ) ) ;
#253 = CARTESIAN_POINT ( 'NONE',  ( -0.8510997443107296556, 0.9338328014237777808, 0.6532992329321867242 ) ) ;
#254 = PLANE ( 'NONE',  #2147 ) ;
#255 = AXIS2_PLACEMENT_3D ( 'NONE', #4544, #1342, #2550 ) ;
#256 = VECTOR ( 'NONE', #412, 1000.000000000000000 ) ;
#257 = AXIS2_PLACEMENT_3D ( 'NONE', #2207, #4692, #1878 ) ;
#258 = EDGE_LOOP ( 'NONE', ( #5110, #1418, #4633 ) ) ;
#259 = DIRECTION ( 'NONE',  ( 1.734723475976807341E-16, -0.000000000000000000, 1.000000000000000000 ) ) ;
#260 = DIRECTION ( 'NONE',  ( -1.000000000000000000, -0.000000000000000000, -3.097720492815726673E-16 ) ) ;
#261 = FACE_OUTER_BOUND ( 'NONE', #2088, .T. ) ;
#262 = CARTESIAN_POINT ( 'NONE',  ( 0.9710954645652007944, 0.8392632375084070340, 0.6236984881884006793 ) ) ;
#263 = PLANE ( 'NONE',  #39 ) ;
#264 = EDGE_CURVE ( 'NONE', #1228, #2730, #4202, .T. ) ;
#265 = ORIENTED_EDGE ( 'NONE', *, *, #3583, .F. ) ;
#266 = LINE ( 'NONE', #5065, #4676 ) ;
#267 = DIRECTION ( 'NONE',  ( -1.000000000000000000, 0.000000000000000000, 3.097720492815726673E-16 ) ) ;
#268 = FACE_OUTER_BOUND ( 'NONE', #3926, .T. ) ;
#269 = CARTESIAN_POINT ( 'NONE',  ( 0.9997578602509137324, 0.9007223896014929787, -0.6186894650627287051 ) ) ;
#270 = ADVANCED_FACE ( 'NONE', ( #4987 ), #2978, .T. ) ;
#271 = VERTEX_POINT ( 'NONE', #4600 ) ;
#272 = FACE_OUTER_BOUND ( 'NONE', #4894, .T. ) ;
#273 = ORIENTED_EDGE ( 'NONE', *, *, #1719, .F. ) ;
#274 = CLOSED_SHELL ( 'NONE', ( #2411, #570, #2505, #2715, #1332, #240 ) ) ;
#275 = ORIENTED_EDGE ( 'NONE', *, *, #841, .F. ) ;
#276 = ORIENTED_EDGE ( 'NONE', *, *, #1495, .T. ) ;
#277 = LINE ( 'NONE', #2259, #2074 ) ;
#278 = AXIS2_PLACEMENT_3D ( 'NONE', #368, #3082, #647 ) ;
#279 = CARTESIAN_POINT ( 'NONE',  ( -0.8250000000000003997, 0.9499999999999999556, 0.5749999999999997335 ) ) ;
#280 = CARTESIAN_POINT ( 'NONE',  ( -0.8750000000000003331, 0.2550000000000002820, 0.6250000000000001110 ) ) ;
#281 = ORIENTED_EDGE ( 'NONE', *, *, #4955, .T. ) ;
#282 = DIRECTION ( 'NONE',  ( 0.000000000000000000, 0.000000000000000000, 1.000000000000000000 ) ) ;
#283 = CARTESIAN_POINT ( 'NONE',  ( 0.000000000000000000, 0.000000000000000000, 0.5499999999999999334 ) ) ;
#284 = CARTESIAN_POINT ( 'NONE',  ( -0.1500000000000002165, 0.1000000000000000056, -0.5500000000000000444 ) ) ;
#285 = LINE ( 'NONE', #4673, #3648 ) ;
#286 = CARTESIAN_POINT ( 'NONE',  ( -0.8595461481046940966, 0.9445920718137048588, 0.7131980299312076221 ) ) ;
#287 = PRESENTATION_LAYER_ASSIGNMENT (  '', '', ( #2015 ) ) ;
#288 = LINE ( 'NONE', #1835, #3342 ) ;
#289 = STYLED_ITEM ( 'NONE', ( #2363 ), #100 ) ;
#290 = ORIENTED_EDGE ( 'NONE', *, *, #2047, .F. ) ;
#291 = AXIS2_PLACEMENT_3D ( 'NONE', #2845, #4572, #589 ) ;
#292 = FACE_OUTER_BOUND ( 'NONE', #4578, .T. ) ;
#293 = CARTESIAN_POINT ( 'NONE',  ( 1.124999999999999778, 0.2550000000000000044, -0.6250000000000001110 ) ) ;
#294 = DIRECTION ( 'NONE',  ( 0.000000000000000000, 0.000000000000000000, -1.000000000000000000 ) ) ;
#295 = AXIS2_PLACEMENT_3D ( 'NONE', #2392, #464, #1983 ) ;
#296 = VECTOR ( 'NONE', #2770, 1000.000000000000000 ) ;
#297 = EDGE_CURVE ( 'NONE', #3051, #2730, #4872, .T. ) ;
#298 = ADVANCED_FACE ( 'NONE', ( #4206 ), #2537, .F. ) ;
#299 = LINE ( 'NONE', #1424, #3597 ) ;
#300 = EDGE_LOOP ( 'NONE', ( #1537, #4064, #3328, #1561 ) ) ;
#301 = CIRCLE ( 'NONE', #1529, 0.09999999999999982514 ) ;
#302 = LINE ( 'NONE', #3060, #1684 ) ;
#303 = EDGE_LOOP ( 'NONE', ( #2883, #2410, #566, #1203 ) ) ;
#304 = EDGE_CURVE ( 'NONE', #4209, #508, #2199, .T. ) ;
#305 = ORIENTED_EDGE ( 'NONE', *, *, #743, .F. ) ;
#306 = EDGE_CURVE ( 'NONE', #4039, #2034, #1013, .T. ) ;
#307 = ORIENTED_EDGE ( 'NONE', *, *, #2285, .T. ) ;
#308 = PLANE ( 'NONE',  #4316 ) ;
#309 = CARTESIAN_POINT ( 'NONE',  ( -0.5000000000000002220, 0.000000000000000000, 0.000000000000000000 ) ) ;
#310 = DIRECTION ( 'NONE',  ( -1.000000000000000000, -0.000000000000000000, 0.000000000000000000 ) ) ;
#311 =( LENGTH_UNIT ( ) NAMED_UNIT ( * ) SI_UNIT ( .MILLI., .METRE. ) );
#312 = CARTESIAN_POINT ( 'NONE',  ( 1.249999999999999778, 0.1549999999999999989, -1.000000000000000444 ) ) ;
#313 = LINE ( 'NONE', #1058, #2793 ) ;
#314 = DIRECTION ( 'NONE',  ( -0.000000000000000000, -0.000000000000000000, 1.000000000000000000 ) ) ;
#315 = CARTESIAN_POINT ( 'NONE',  ( 0.4999999999999997780, 0.1000000000000000056, -0.5500000000000000444 ) ) ;
#316 = CARTESIAN_POINT ( 'NONE',  ( -0.8572982850466644988, 0.9526810330603066035, 0.7043490182317231341 ) ) ;
#317 = CARTESIAN_POINT ( 'NONE',  ( -0.5000000000000000000, 0.000000000000000000, 0.5499999999999999334 ) ) ;
#318 = VERTEX_POINT ( 'NONE', #4526 ) ;
#319 = CARTESIAN_POINT ( 'NONE',  ( 1.024999999999999689, 0.2964213562373096411, -0.7128679656440356505 ) ) ;
#320 = DIRECTION ( 'NONE',  ( 0.000000000000000000, 1.000000000000000000, 0.000000000000000000 ) ) ;
#321 = DIRECTION ( 'NONE',  ( 0.000000000000000000, -0.000000000000000000, 1.000000000000000000 ) ) ;
#322 = CARTESIAN_POINT ( 'NONE',  ( 1.005470550651205164, 0.9023721618234139541, 0.6201184463531091984 ) ) ;
#323 = VERTEX_POINT ( 'NONE', #1038 ) ;
#324 = ADVANCED_FACE ( 'NONE', ( #168, #2583 ), #1374, .T. ) ;
#325 = DIRECTION ( 'NONE',  ( -0.000000000000000000, 0.000000000000000000, 1.000000000000000000 ) ) ;
#326 = ADVANCED_FACE ( 'NONE', ( #3317 ), #1396, .F. ) ;
#327 = VERTEX_POINT ( 'NONE', #2168 ) ;
#328 = AXIS2_PLACEMENT_3D ( 'NONE', #2454, #111, #1682 ) ;
#329 = EDGE_CURVE ( 'NONE', #3484, #2358, #648, .T. ) ;
#330 = ORIENTED_EDGE ( 'NONE', *, *, #1036, .T. ) ;
#331 = CARTESIAN_POINT ( 'NONE',  ( 0.7999999999999997113, 0.1000000000000000056, 0.9000000000000000222 ) ) ;
#332 = FACE_BOUND ( 'NONE', #5090, .T. ) ;
#333 = CARTESIAN_POINT ( 'NONE',  ( -1.021446609406726935, 0.2550000000000002820, -0.8750000000000002220 ) ) ;
#334 = DIRECTION ( 'NONE',  ( 0.000000000000000000, 0.000000000000000000, 1.000000000000000000 ) ) ;
#335 = DIRECTION ( 'NONE',  ( 0.000000000000000000, 0.000000000000000000, -1.000000000000000000 ) ) ;
#336 = FACE_OUTER_BOUND ( 'NONE', #654, .T. ) ;
#337 = DIRECTION ( 'NONE',  ( 1.000000000000000000, -0.000000000000000000, -0.000000000000000000 ) ) ;
#338 = LINE ( 'NONE', #4280, #4229 ) ;
#339 = CARTESIAN_POINT ( 'NONE',  ( -0.8750000000000001110, 0.2135786437626908674, 0.8249999999999999556 ) ) ;
#340 = VECTOR ( 'NONE', #2620, 1000.000000000000000 ) ;
#341 = CARTESIAN_POINT ( 'NONE',  ( 0.4999999999999997780, 0.000000000000000000, -0.5500000000000000444 ) ) ;
#342 = ORIENTED_EDGE ( 'NONE', *, *, #4126, .T. ) ;
#343 = CARTESIAN_POINT ( 'NONE',  ( 1.074999999999999734, 0.1449999999999999900, -0.6250000000000001110 ) ) ;
#344 = DIRECTION ( 'NONE',  ( -1.000000000000000000, 0.000000000000000000, -6.195440985631456303E-16 ) ) ;
#345 = PLANE ( 'NONE',  #2766 ) ;
#346 = ADVANCED_FACE ( 'NONE', ( #4942 ), #4575, .F. ) ;
#347 = CARTESIAN_POINT ( 'NONE',  ( 0.8249999999999994005, 1.000000000000000000, -0.5749999999999999556 ) ) ;
#348 = EDGE_LOOP ( 'NONE', ( #2171, #3081, #20, #4454 ) ) ;
#349 = DIRECTION ( 'NONE',  ( 0.000000000000000000, -0.000000000000000000, 1.000000000000000000 ) ) ;
#350 = FILL_AREA_STYLE_COLOUR ( '', #3480 ) ;
#351 = ORIENTED_EDGE ( 'NONE', *, *, #4490, .T. ) ;
#352 = VERTEX_POINT ( 'NONE', #4551 ) ;
#353 = CARTESIAN_POINT ( 'NONE',  ( -0.8509160936253679086, 0.9500000458340673859, -0.6009160936253670204 ) ) ;
#354 = CARTESIAN_POINT ( 'NONE',  ( 0.9335786437626905077, 0.3550000000000002598, 0.7249999999999998668 ) ) ;
#355 = CARTESIAN_POINT ( 'NONE',  ( 1.149999999999999689, 0.1000000000000000056, -0.9000000000000001332 ) ) ;
#356 = ADVANCED_FACE ( 'NONE', ( #625 ), #3813, .F. ) ;
#357 = FACE_OUTER_BOUND ( 'NONE', #1233, .T. ) ;
#358 = ORIENTED_EDGE ( 'NONE', *, *, #209, .F. ) ;
#359 = CYLINDRICAL_SURFACE ( 'NONE', #295, 0.1999999999999999833 ) ;
#360 = CARTESIAN_POINT ( 'NONE',  ( 1.025000000000000133, 0.2964213562373098632, 0.6249999999999996669 ) ) ;
#361 = DIRECTION ( 'NONE',  ( 0.000000000000000000, 0.000000000000000000, -1.000000000000000000 ) ) ;
#362 = LINE ( 'NONE', #776, #2072 ) ;
#363 = PLANE ( 'NONE',  #3894 ) ;
#364 = EDGE_CURVE ( 'NONE', #4255, #352, #220, .T. ) ;
#365 = AXIS2_PLACEMENT_3D ( 'NONE', #4340, #2378, #3973 ) ;
#366 = EDGE_CURVE ( 'NONE', #2432, #1695, #3787, .T. ) ;
#367 = EDGE_LOOP ( 'NONE', ( #97, #4137, #2006, #782 ) ) ;
#368 = CARTESIAN_POINT ( 'NONE',  ( 0.1499999999999999667, 0.1000000000000000056, 0.5499999999999999334 ) ) ;
#369 = CARTESIAN_POINT ( 'NONE',  ( -0.1500000000000002165, 0.1000000000000000056, 0.5500000000000000444 ) ) ;
#370 = DIRECTION ( 'NONE',  ( 0.000000000000000000, -1.000000000000000000, 0.000000000000000000 ) ) ;
#371 = CARTESIAN_POINT ( 'NONE',  ( 0.8381264267612483776, 1.000000000000000222, -0.6275057070449943097 ) ) ;
#372 = ORIENTED_EDGE ( 'NONE', *, *, #4338, .F. ) ;
#373 = CARTESIAN_POINT ( 'NONE',  ( 0.9499999999999996225, 0.1000000000000000056, 0.2500000000000001665 ) ) ;
#374 = AXIS2_PLACEMENT_3D ( 'NONE', #2381, #2825, #3218 ) ;
#375 = EDGE_CURVE ( 'NONE', #3153, #3484, #3162, .T. ) ;
#376 = CARTESIAN_POINT ( 'NONE',  ( 1.074999999999999734, 0.1449999999999999900, 0.6249999999999998890 ) ) ;
#377 = EDGE_LOOP ( 'NONE', ( #686, #3176, #504, #1960 ) ) ;
#378 = VECTOR ( 'NONE', #3605, 1000.000000000000000 ) ;
#379 = ORIENTED_EDGE ( 'NONE', *, *, #4900, .F. ) ;
#380 = EDGE_LOOP ( 'NONE', ( #4712, #1745, #2131, #2449 ) ) ;
#381 = CARTESIAN_POINT ( 'NONE',  ( -0.8250000000000003997, 1.000000000000000000, 0.5749999999999996225 ) ) ;
#382 = FACE_BOUND ( 'NONE', #1122, .T. ) ;
#383 = CARTESIAN_POINT ( 'NONE',  ( -1.075000000000000178, 0.2550000000000000044, 0.6250000000000001110 ) ) ;
#384 = VECTOR ( 'NONE', #3193, 1000.000000000000000 ) ;
#385 = DIRECTION ( 'NONE',  ( -0.000000000000000000, 0.000000000000000000, -1.000000000000000000 ) ) ;
#386 = EDGE_CURVE ( 'NONE', #872, #3033, #4681, .T. ) ;
#387 = CARTESIAN_POINT ( 'NONE',  ( 0.000000000000000000, 0.000000000000000000, 0.000000000000000000 ) ) ;
#388 = CARTESIAN_POINT ( 'NONE',  ( -1.075000000000000400, 0.2135786437626907286, -0.6250000000000001110 ) ) ;
#389 = EDGE_CURVE ( 'NONE', #658, #3153, #5037, .T. ) ;
#390 = DIRECTION ( 'NONE',  ( 0.000000000000000000, 1.000000000000000000, 0.000000000000000000 ) ) ;
#391 = CARTESIAN_POINT ( 'NONE',  ( 0.000000000000000000, 0.000000000000000000, -0.9000000000000000222 ) ) ;
#392 = B_SPLINE_CURVE_WITH_KNOTS ( 'NONE', 3,
 ( #2095, #4883, #2897, #4492, #937, #2506, #316, #1137, #286, #3022, #3078, #672, #2685 ),
 .UNSPECIFIED., .F., .F.,
 ( 4, 2, 2, 1, 2, 2, 4 ),
 ( 0.000000000000000000, 0.2499999999999977796, 0.3749999999999958922, 0.4374999999999954481, 0.4687499999999962808, 0.4999999999999971134, 1.000000000000000000 ),
 .UNSPECIFIED. ) ;
#393 = ADVANCED_FACE ( 'NONE', ( #707 ), #3529, .F. ) ;
#394 =( GEOMETRIC_REPRESENTATION_CONTEXT ( 3 ) GLOBAL_UNCERTAINTY_ASSIGNED_CONTEXT ( ( #3339 ) ) GLOBAL_UNIT_ASSIGNED_CONTEXT ( ( #2081, #4082, #92 ) ) REPRESENTATION_CONTEXT ( 'NONE', 'WORKASPACE' ) );
#395 = DIRECTION ( 'NONE',  ( -1.000000000000000000, 0.000000000000000000, -3.097720492815726673E-16 ) ) ;
#396 = LINE ( 'NONE', #1220, #3726 ) ;
#397 = CARTESIAN_POINT ( 'NONE',  ( 0.000000000000000000, 0.8000000000000000444, 0.7750000000000001332 ) ) ;
#398 = ORIENTED_EDGE ( 'NONE', *, *, #3418, .F. ) ;
#399 = CARTESIAN_POINT ( 'NONE',  ( -1.125000000000000444, 0.1549999999999999989, 0.6250000000000001110 ) ) ;
#400 = VERTEX_POINT ( 'NONE', #3447 ) ;
#401 = ORIENTED_EDGE ( 'NONE', *, *, #4947, .T. ) ;
#402 = ORIENTED_EDGE ( 'NONE', *, *, #1143, .T. ) ;
#403 = PLANE ( 'NONE',  #2725 ) ;
#404 = DIRECTION ( 'NONE',  ( 0.000000000000000000, 0.000000000000000000, -1.000000000000000000 ) ) ;
#405 = FACE_OUTER_BOUND ( 'NONE', #3174, .T. ) ;
#406 = VECTOR ( 'NONE', #4147, 1000.000000000000000 ) ;
#407 = SURFACE_STYLE_USAGE ( .BOTH. , #1487 ) ;
#408 = ORIENTED_EDGE ( 'NONE', *, *, #4275, .F. ) ;
#409 = DIRECTION ( 'NONE',  ( 0.000000000000000000, 0.000000000000000000, 1.000000000000000000 ) ) ;
#410 = DIRECTION ( 'NONE',  ( -1.734723475976807094E-16, 0.000000000000000000, -1.000000000000000000 ) ) ;
#411 = CARTESIAN_POINT ( 'NONE',  ( -0.8750000000000003331, 0.2135786437626907286, -0.8250000000000001776 ) ) ;
#412 = DIRECTION ( 'NONE',  ( 0.000000000000000000, 0.000000000000000000, -1.000000000000000000 ) ) ;
#413 = CARTESIAN_POINT ( 'NONE',  ( 1.149999999999999689, 0.000000000000000000, 0.9000000000000001332 ) ) ;
#414 = CARTESIAN_POINT ( 'NONE',  ( 0.8749999552455423046, 0.8000000000000000444, -0.7249999999999500178 ) ) ;
#415 = DIRECTION ( 'NONE',  ( 0.000000000000000000, 1.000000000000000000, 0.000000000000000000 ) ) ;
#416 = CARTESIAN_POINT ( 'NONE',  ( 0.8750000000000001110, 0.2550000000000002265, 0.8750000000000000000 ) ) ;
#417 = EDGE_CURVE ( 'NONE', #1584, #480, #3841, .T. ) ;
#418 = AXIS2_PLACEMENT_3D ( 'NONE', #4489, #4144, #934 ) ;
#419 = ORIENTED_EDGE ( 'NONE', *, *, #2595, .T. ) ;
#420 = AXIS2_PLACEMENT_3D ( 'NONE', #1335, #3282, #4092 ) ;
#421 = CARTESIAN_POINT ( 'NONE',  ( 1.149999999999999689, 0.1000000000000000056, -0.5500000000000000444 ) ) ;
#422 = FACE_OUTER_BOUND ( 'NONE', #2555, .T. ) ;
#423 = SURFACE_SIDE_STYLE ('',( #65 ) ) ;
#424 = EDGE_CURVE ( 'NONE', #3484, #891, #2709, .T. ) ;
#425 = EDGE_LOOP ( 'NONE', ( #2586, #1872, #3320, #3166 ) ) ;
#426 = ORIENTED_EDGE ( 'NONE', *, *, #3975, .T. ) ;
#427 = EDGE_CURVE ( 'NONE', #148, #4724, #3053, .T. ) ;
#428 = ORIENTED_EDGE ( 'NONE', *, *, #3996, .T. ) ;
#429 = CARTESIAN_POINT ( 'NONE',  ( -0.8750000000000003331, 0.2135786437626908396, 0.6250000000000001110 ) ) ;
#430 = CARTESIAN_POINT ( 'NONE',  ( 0.8249999999999997335, 1.000000000000000000, -0.5749999999999999556 ) ) ;
#431 = DIRECTION ( 'NONE',  ( -0.000000000000000000, 0.000000000000000000, -1.000000000000000000 ) ) ;
#432 = ORIENTED_EDGE ( 'NONE', *, *, #2663, .F. ) ;
#433 = LINE ( 'NONE', #851, #1858 ) ;
#434 = CIRCLE ( 'NONE', #3997, 0.1000000000000000472 ) ;
#435 = DIRECTION ( 'NONE',  ( 1.084202172485505223E-15, 1.000000000000000000, -1.084202172485505223E-15 ) ) ;
#436 = LINE ( 'NONE', #2011, #1359 ) ;
#437 = CARTESIAN_POINT ( 'NONE',  ( 0.8749999999999996669, 0.1449999999999999900, 0.6249999999999998890 ) ) ;
#438 = CARTESIAN_POINT ( 'NONE',  ( 1.149999999999999689, 0.1000000000000000056, 0.9000000000000001332 ) ) ;
#439 = CIRCLE ( 'NONE', #1839, 0.1499999999999999667 ) ;
#440 = CARTESIAN_POINT ( 'NONE',  ( 0.9749999999999997558, 0.3550000000000002598, -0.6250000000000000000 ) ) ;
#441 = DIRECTION ( 'NONE',  ( 0.000000000000000000, 0.000000000000000000, 1.000000000000000000 ) ) ;
#442 = PLANE ( 'NONE',  #4184 ) ;
#443 = CIRCLE ( 'NONE', #4010, 0.2000000000000000944 ) ;
#444 = ORIENTED_EDGE ( 'NONE', *, *, #4157, .T. ) ;
#445 = CARTESIAN_POINT ( 'NONE',  ( 0.9499999999999996225, 0.1000000000000000056, 0.2500000000000001665 ) ) ;
#446 = ADVANCED_FACE ( 'NONE', ( #3026 ), #1527, .F. ) ;
#447 = DIRECTION ( 'NONE',  ( 0.000000000000000000, 0.000000000000000000, -1.000000000000000000 ) ) ;
#448 = SURFACE_STYLE_USAGE ( .BOTH. , #4003 ) ;
#449 = EDGE_CURVE ( 'NONE', #4401, #472, #439, .T. ) ;
#450 = AXIS2_PLACEMENT_3D ( 'NONE', #101, #4457, #3301 ) ;
#451 = VECTOR ( 'NONE', #3666, 1000.000000000000000 ) ;
#452 =( BOUNDED_SURFACE ( )  B_SPLINE_SURFACE ( 3, 2, ( 
 ( #2699, #2597, #4298 ),
 ( #1799, #4190, #2181 ),
 ( #3775, #1023, #2031 ),
 ( #5106, #3562, #46 ),
 ( #3171, #3955, #3616 ),
 ( #768, #1979, #2414 ),
 ( #2748, #353, #2331 ),
 ( #3222, #1926, #1180 ) ),
 .UNSPECIFIED., .F., .F., .F. ) 
 B_SPLINE_SURFACE_WITH_KNOTS ( ( 4, 2, 2, 4 ),
 ( 3, 3 ),
 ( 6.283185307179586232, 6.675884388878310816, 7.068583470577034511, 7.853981633974482790 ),
 ( 0.000000000000000000, 1.000000000000000000 ),
 .UNSPECIFIED. ) 
 GEOMETRIC_REPRESENTATION_ITEM ( )  RATIONAL_B_SPLINE_SURFACE ( (
 ( 1.000000000000000000, 0.7071067811865475727, 1.000000000000000000),
 ( 1.000000000000000000, 0.7066683472211358064, 1.000000000000000000),
 ( 1.000000000000000000, 0.7265616048778429370, 1.000000000000000000),
 ( 1.000000000000000000, 0.7876686348193606690, 1.000000000000000000),
 ( 1.000000000000000000, 0.8282440749015845816, 1.000000000000000000),
 ( 1.000000000000000000, 0.9415880615501444062, 1.000000000000000000),
 ( 1.000000000000000000, 1.002684731167226229, 1.000000000000000000),
 ( 1.000000000000000000, 1.000000000000000000, 1.000000000000000000) ) ) 
 REPRESENTATION_ITEM ( '' )  SURFACE ( )  );
#453 = EDGE_LOOP ( 'NONE', ( #4793, #547, #3251, #3196, #2519, #379, #1351, #3459 ) ) ;
#454 = ORIENTED_EDGE ( 'NONE', *, *, #4814, .F. ) ;
#455 = ORIENTED_EDGE ( 'NONE', *, *, #1998, .T. ) ;
#456 = AXIS2_PLACEMENT_3D ( 'NONE', #3231, #3653, #1707 ) ;
#457 = EDGE_CURVE ( 'NONE', #1255, #4140, #4726, .T. ) ;
#458 = CARTESIAN_POINT ( 'NONE',  ( -1.025000000000000577, 0.8261836026139262046, 0.6249999869108165962 ) ) ;
#459 = CARTESIAN_POINT ( 'NONE',  ( 1.249999999999999778, 0.1449999999999999900, 0.9999999999999995559 ) ) ;
#460 = DIRECTION ( 'NONE',  ( 0.000000000000000000, 1.000000000000000000, 0.000000000000000000 ) ) ;
#461 = EDGE_CURVE ( 'NONE', #2753, #4369, #5067, .T. ) ;
#462 = ORIENTED_EDGE ( 'NONE', *, *, #1277, .T. ) ;
#463 = EDGE_LOOP ( 'NONE', ( #2778, #4944, #4869, #2565 ) ) ;
#464 = DIRECTION ( 'NONE',  ( -0.000000000000000000, -1.000000000000000000, -0.000000000000000000 ) ) ;
#465 = CARTESIAN_POINT ( 'NONE',  ( 1.149999999999999689, 0.000000000000000000, 0.9000000000000001332 ) ) ;
#466 = CARTESIAN_POINT ( 'NONE',  ( -0.1500000000000002165, 0.1000000000000000056, -0.5500000000000000444 ) ) ;
#467 = DIRECTION ( 'NONE',  ( 0.000000000000000000, 1.000000000000000000, 0.000000000000000000 ) ) ;
#468 = CARTESIAN_POINT ( 'NONE',  ( -0.5000000000000002220, 0.000000000000000000, -0.9000000000000000222 ) ) ;
#469 = LINE ( 'NONE', #2374, #4634 ) ;
#470 = CARTESIAN_POINT ( 'NONE',  ( 0.8750000000000001110, 0.3550000000000002598, 0.8750000000000001110 ) ) ;
#471 = CARTESIAN_POINT ( 'NONE',  ( -0.8000000000000001554, 0.000000000000000000, 0.5499999999999999334 ) ) ;
#472 = VERTEX_POINT ( 'NONE', #5119 ) ;
#473 = CARTESIAN_POINT ( 'NONE',  ( 0.8523397382463886451, 0.9674242752168328296, -0.6849551391265207290 ) ) ;
#474 = PLANE ( 'NONE',  #532 ) ;
#475 = CARTESIAN_POINT ( 'NONE',  ( 1.149999999999999689, 0.1000000000000000056, -0.5499999999999999334 ) ) ;
#476 = LINE ( 'NONE', #2052, #1030 ) ;
#477 = ORIENTED_EDGE ( 'NONE', *, *, #986, .F. ) ;
#478 = ADVANCED_FACE ( 'NONE', ( #2299 ), #677, .T. ) ;
#479 = ORIENTED_EDGE ( 'NONE', *, *, #1121, .F. ) ;
#480 = VERTEX_POINT ( 'NONE', #1841 ) ;
#481 = CARTESIAN_POINT ( 'NONE',  ( 0.8540567169326565011, 0.9666179322115516781, 0.6912247802630676619 ) ) ;
#482 = DIRECTION ( 'NONE',  ( 0.000000000000000000, 1.000000000000000000, 0.000000000000000000 ) ) ;
#483 = EDGE_LOOP ( 'NONE', ( #1068, #2580, #122, #2211 ) ) ;
#484 = EDGE_CURVE ( 'NONE', #4691, #3457, #2246, .T. ) ;
#485 = ORIENTED_EDGE ( 'NONE', *, *, #51, .T. ) ;
#486 = DIRECTION ( 'NONE',  ( 6.195440985631456303E-16, -0.000000000000000000, -1.000000000000000000 ) ) ;
#487 = CARTESIAN_POINT ( 'NONE',  ( 0.8750000000000001110, 0.3550000000000002598, 0.7750000000000002442 ) ) ;
#488 = CARTESIAN_POINT ( 'NONE',  ( -0.9657177779204024759, 0.8632245059748487881, 0.7157177779204020318 ) ) ;
#489 = CARTESIAN_POINT ( 'NONE',  ( -1.149999999999999911, 0.000000000000000000, 0.5499999999999999334 ) ) ;
#490 = CARTESIAN_POINT ( 'NONE',  ( -0.9335786437626910628, 0.3550000000000002598, 0.7250000000000004219 ) ) ;
#491 = CARTESIAN_POINT ( 'NONE',  ( 0.8649831364336266759, 0.8921826250550843884, -0.6949494093008800055 ) ) ;
#492 = LINE ( 'NONE', #3574, #827 ) ;
#493 = DIRECTION ( 'NONE',  ( 1.734723475976807094E-16, -0.000000000000000000, 1.000000000000000000 ) ) ;
#494 = VERTEX_POINT ( 'NONE', #1499 ) ;
#495 = CARTESIAN_POINT ( 'NONE',  ( -0.9543490182311960002, 0.9526810330607635713, -0.6072982850464895277 ) ) ;
#496 = FACE_OUTER_BOUND ( 'NONE', #4582, .T. ) ;
#497 = LINE ( 'NONE', #3382, #2592 ) ;
#498 =( NAMED_UNIT ( * ) SI_UNIT ( $, .STERADIAN. ) SOLID_ANGLE_UNIT ( ) );
#499 = DIRECTION ( 'NONE',  ( 0.000000000000000000, 0.000000000000000000, -1.000000000000000000 ) ) ;
#500 = AXIS2_PLACEMENT_3D ( 'NONE', #1912, #4674, #2217 ) ;
#501 = VECTOR ( 'NONE', #390, 1000.000000000000000 ) ;
#502 = ORIENTED_EDGE ( 'NONE', *, *, #449, .F. ) ;
#503 = VECTOR ( 'NONE', #688, 1000.000000000000000 ) ;
#504 = ORIENTED_EDGE ( 'NONE', *, *, #1143, .F. ) ;
#505 = ORIENTED_EDGE ( 'NONE', *, *, #2567, .F. ) ;
#506 = DIRECTION ( 'NONE',  ( 0.000000000000000000, 0.000000000000000000, -1.000000000000000000 ) ) ;
#507 = CARTESIAN_POINT ( 'NONE',  ( -1.125000000000000444, 0.2550000000000003375, 0.7714466094067262691 ) ) ;
#508 = VERTEX_POINT ( 'NONE', #3083 ) ;
#509 = EDGE_LOOP ( 'NONE', ( #62, #241, #1307, #3374 ) ) ;
#510 = DIRECTION ( 'NONE',  ( -0.000000000000000000, 0.000000000000000000, 1.000000000000000000 ) ) ;
#511 = CYLINDRICAL_SURFACE ( 'NONE', #2813, 0.1499999999999998557 ) ;
#512 = CARTESIAN_POINT ( 'NONE',  ( 1.149999999999999689, 0.1000000000000000056, -0.9000000000000000222 ) ) ;
#513 = DIRECTION ( 'NONE',  ( 0.000000000000000000, -0.000000000000000000, -1.000000000000000000 ) ) ;
#514 = ADVANCED_FACE ( 'NONE', ( #5009 ), #1447, .T. ) ;
#515 = DIRECTION ( 'NONE',  ( -0.000000000000000000, -1.000000000000000000, -0.000000000000000000 ) ) ;
#516 = ADVANCED_FACE ( 'NONE', ( #3110 ), #1917, .F. ) ;
#517 = CARTESIAN_POINT ( 'NONE',  ( -1.125000000000000444, 0.2550000000000001710, 0.6250000000000001110 ) ) ;
#518 = LINE ( 'NONE', #4077, #3692 ) ;
#519 = ADVANCED_FACE ( 'NONE', ( #758 ), #2323, .T. ) ;
#520 = ORIENTED_EDGE ( 'NONE', *, *, #3558, .T. ) ;
#521 = CARTESIAN_POINT ( 'NONE',  ( 1.249999999999999778, 0.000000000000000000, -1.000000000000000444 ) ) ;
#522 = CARTESIAN_POINT ( 'NONE',  ( -0.5000000000000002220, 0.000000000000000000, -0.9000000000000000222 ) ) ;
#523 = CARTESIAN_POINT ( 'NONE',  ( 0.000000000000000000, 0.1449999999999999900, 0.000000000000000000 ) ) ;
#524 = CARTESIAN_POINT ( 'NONE',  ( 0.9499999999999996225, 0.000000000000000000, 0.3500000000000002554 ) ) ;
#525 =( NAMED_UNIT ( * ) SI_UNIT ( $, .STERADIAN. ) SOLID_ANGLE_UNIT ( ) );
#526 = ORIENTED_EDGE ( 'NONE', *, *, #655, .F. ) ;
#527 = VERTEX_POINT ( 'NONE', #3969 ) ;
#528 = ORIENTED_EDGE ( 'NONE', *, *, #2164, .F. ) ;
#529 = SURFACE_STYLE_USAGE ( .BOTH. , #1380 ) ;
#530 = CLOSED_SHELL ( 'NONE', ( #3984, #935, #4198, #1621, #1150, #5046 ) ) ;
#531 = ORIENTED_EDGE ( 'NONE', *, *, #1243, .T. ) ;
#532 = AXIS2_PLACEMENT_3D ( 'NONE', #3580, #1633, #3292 ) ;
#533 = ORIENTED_EDGE ( 'NONE', *, *, #2688, .T. ) ;
#534 = DIRECTION ( 'NONE',  ( 6.195440985631456303E-16, 0.000000000000000000, 1.000000000000000000 ) ) ;
#535 = LINE ( 'NONE', #1780, #2641 ) ;
#536 = FACE_OUTER_BOUND ( 'NONE', #4536, .T. ) ;
#537 = DIRECTION ( 'NONE',  ( 0.000000000000000000, 0.000000000000000000, -1.000000000000000000 ) ) ;
#538 = AXIS2_PLACEMENT_3D ( 'NONE', #773, #3228, #409 ) ;
#539 = STYLED_ITEM ( 'NONE', ( #2716 ), #3621 ) ;
#540 = VECTOR ( 'NONE', #3662, 1000.000000000000000 ) ;
#541 = EDGE_CURVE ( 'NONE', #128, #1399, #1268, .T. ) ;
#542 = ADVANCED_FACE ( 'NONE', ( #4049 ), #1629, .T. ) ;
#543 = CARTESIAN_POINT ( 'NONE',  ( -0.8607490029422172340, 0.9398465702389974252, -0.7179961422356218037 ) ) ;
#544 = CARTESIAN_POINT ( 'NONE',  ( -0.8000000000000001554, 0.000000000000000000, 0.9000000000000001332 ) ) ;
#545 = CARTESIAN_POINT ( 'NONE',  ( 0.1499999999999998002, 0.1000000000000000056, 0.9000000000000000222 ) ) ;
#546 = EDGE_CURVE ( 'NONE', #714, #2384, #4385, .T. ) ;
#547 = ORIENTED_EDGE ( 'NONE', *, *, #3660, .F. ) ;
#548 =( NAMED_UNIT ( * ) SI_UNIT ( $, .STERADIAN. ) SOLID_ANGLE_UNIT ( ) );
#549 = CARTESIAN_POINT ( 'NONE',  ( 0.8510997443107289895, 0.9338328014237774477, -0.6532992329321869462 ) ) ;
#550 = DIRECTION ( 'NONE',  ( 0.000000000000000000, 0.000000000000000000, -1.000000000000000000 ) ) ;
#551 = LINE ( 'NONE', #192, #2347 ) ;
#552 = VERTEX_POINT ( 'NONE', #2399 ) ;
#553 = VERTEX_POINT ( 'NONE', #1990 ) ;
#554 = ORIENTED_EDGE ( 'NONE', *, *, #4706, .T. ) ;
#555 = CARTESIAN_POINT ( 'NONE',  ( 0.8750000000000001110, 4.570019455179279433, 0.6250000000000001110 ) ) ;
#556 = CARTESIAN_POINT ( 'NONE',  ( 0.8643792802837456657, 0.9500000000000000666, 0.5881264267612485996 ) ) ;
#557 = ORIENTED_EDGE ( 'NONE', *, *, #2098, .F. ) ;
#558 = ORIENTED_EDGE ( 'NONE', *, *, #600, .F. ) ;
#559 = DIRECTION ( 'NONE',  ( -0.000000000000000000, -1.000000000000000000, -0.000000000000000000 ) ) ;
#560 = CARTESIAN_POINT ( 'NONE',  ( 0.9293989772429158691, 0.9784437352317032488, 0.6010997443107293225 ) ) ;
#561 = DIRECTION ( 'NONE',  ( 0.000000000000000000, 1.000000000000000000, 0.000000000000000000 ) ) ;
#562 = DIRECTION ( 'NONE',  ( 1.000000000000000000, 0.000000000000000000, 0.000000000000000000 ) ) ;
#563 = CYLINDRICAL_SURFACE ( 'NONE', #752, 0.1999999999999999833 ) ;
#564 = LINE ( 'NONE', #3313, #540 ) ;
#565 = VECTOR ( 'NONE', #1882, 1000.000000000000000 ) ;
#566 = ORIENTED_EDGE ( 'NONE', *, *, #3056, .T. ) ;
#567 = DIRECTION ( 'NONE',  ( -0.000000000000000000, 0.000000000000000000, 1.000000000000000000 ) ) ;
#568 = DIRECTION ( 'NONE',  ( 0.000000000000000000, 0.000000000000000000, -1.000000000000000000 ) ) ;
#569 = LINE ( 'NONE', #2169, #3689 ) ;
#570 = ADVANCED_FACE ( 'NONE', ( #31 ), #3993, .F. ) ;
#571 = ORIENTED_EDGE ( 'NONE', *, *, #4383, .F. ) ;
#572 = VECTOR ( 'NONE', #213, 1000.000000000000000 ) ;
#573 = ORIENTED_EDGE ( 'NONE', *, *, #655, .T. ) ;
#574 = ORIENTED_EDGE ( 'NONE', *, *, #1655, .F. ) ;
#575 = VECTOR ( 'NONE', #230, 1000.000000000000000 ) ;
#576 = CARTESIAN_POINT ( 'NONE',  ( -0.8750000000000004441, 0.2964213562373098632, 0.7750000000000004663 ) ) ;
#577 = ADVANCED_FACE ( 'NONE', ( #4363 ), #889, .T. ) ;
#578 = ORIENTED_EDGE ( 'NONE', *, *, #170, .T. ) ;
#579 = EDGE_CURVE ( 'NONE', #1753, #3760, #2817, .T. ) ;
#580 =( GEOMETRIC_REPRESENTATION_CONTEXT ( 3 ) GLOBAL_UNCERTAINTY_ASSIGNED_CONTEXT ( ( #590 ) ) GLOBAL_UNIT_ASSIGNED_CONTEXT ( ( #1096, #1874, #4632 ) ) REPRESENTATION_CONTEXT ( 'NONE', 'WORKASPACE' ) );
#581 = ORIENTED_EDGE ( 'NONE', *, *, #2518, .F. ) ;
#582 = VECTOR ( 'NONE', #1383, 1000.000000000000000 ) ;
#583 = CARTESIAN_POINT ( 'NONE',  ( -0.1500000000000002165, 0.1000000000000000056, -0.9000000000000001332 ) ) ;
#584 = LINE ( 'NONE', #2499, #2848 ) ;
#585 = LINE ( 'NONE', #3752, #1078 ) ;
#586 = CARTESIAN_POINT ( 'NONE',  ( -0.8750000000000004441, 0.8000000000000000444, -0.7750000000000001332 ) ) ;
#587 = EDGE_CURVE ( 'NONE', #246, #972, #2872, .T. ) ;
#588 = CARTESIAN_POINT ( 'NONE',  ( 0.4249999999999998224, 0.5000000000000000000, 0.3250000000000000111 ) ) ;
#589 = DIRECTION ( 'NONE',  ( 0.000000000000000000, 0.000000000000000000, -1.000000000000000000 ) ) ;
#590 = UNCERTAINTY_MEASURE_WITH_UNIT (LENGTH_MEASURE( 1.000000000000000082E-05 ), #1096, 'distance_accuracy_value', 'NONE');
#591 = EDGE_LOOP ( 'NONE', ( #1639, #2745, #1400, #358 ) ) ;
#592 = LINE ( 'NONE', #2511, #1509 ) ;
#593 = DIRECTION ( 'NONE',  ( -3.097720492815726673E-16, 0.000000000000000000, -1.000000000000000000 ) ) ;
#594 = VECTOR ( 'NONE', #3818, 1000.000000000000000 ) ;
#595 = CARTESIAN_POINT ( 'NONE',  ( -0.8750000000000002220, 0.1449999999999999900, 0.8249999999999999556 ) ) ;
#596 = ORIENTED_EDGE ( 'NONE', *, *, #232, .F. ) ;
#597 = EDGE_LOOP ( 'NONE', ( #2172, #881, #976, #2272 ) ) ;
#598 = ADVANCED_FACE ( 'NONE', ( #913 ), #805, .F. ) ;
#599 = ORIENTED_EDGE ( 'NONE', *, *, #3056, .F. ) ;
#600 = EDGE_CURVE ( 'NONE', #2982, #2391, #1478, .T. ) ;
#601 = CARTESIAN_POINT ( 'NONE',  ( -1.066421356237309936, 0.2550000000000004485, 0.7371320343559644162 ) ) ;
#602 = AXIS2_PLACEMENT_3D ( 'NONE', #2690, #5091, #1549 ) ;
#603 = ORIENTED_EDGE ( 'NONE', *, *, #74, .T. ) ;
#604 = EDGE_CURVE ( 'NONE', #1427, #1253, #492, .T. ) ;
#605 = VECTOR ( 'NONE', #1162, 1000.000000000000000 ) ;
#606 = ORIENTED_EDGE ( 'NONE', *, *, #4455, .F. ) ;
#607 = PLANE ( 'NONE',  #4654 ) ;
#608 = DIRECTION ( 'NONE',  ( 1.000000000000000000, 0.000000000000000000, 0.000000000000000000 ) ) ;
#609 = DIRECTION ( 'NONE',  ( 0.000000000000000000, 1.000000000000000000, 0.000000000000000000 ) ) ;
#610 = EDGE_CURVE ( 'NONE', #4530, #4614, #396, .T. ) ;
#611 = AXIS2_PLACEMENT_3D ( 'NONE', #2909, #2467, #4873 ) ;
#612 = VECTOR ( 'NONE', #3384, 1000.000000000000000 ) ;
#613 =( BOUNDED_SURFACE ( )  B_SPLINE_SURFACE ( 3, 2, ( 
 ( #3884, #1373, #4671 ),
 ( #1107, #189, #2931 ),
 ( #4106, #4525, #3047 ),
 ( #2536, #4550, #1739 ),
 ( #1860, #3712, #2238 ),
 ( #549, #1082, #989 ),
 ( #2651, #1517, #3344 ),
 ( #2268, #4496, #167 ) ),
 .UNSPECIFIED., .F., .F., .T. ) 
 B_SPLINE_SURFACE_WITH_KNOTS ( ( 4, 2, 2, 4 ),
 ( 3, 3 ),
 ( 6.283185307179586232, 6.675884388878310816, 7.068583470577034511, 7.853981633974482790 ),
 ( 0.000000000000000000, 1.000000000000000000 ),
 .UNSPECIFIED. ) 
 GEOMETRIC_REPRESENTATION_ITEM ( )  RATIONAL_B_SPLINE_SURFACE ( (
 ( 1.000000000000000000, 0.7071067811865475727, 1.000000000000000000),
 ( 1.000000000000000000, 0.7066683472211360284, 1.000000000000000000),
 ( 1.000000000000000000, 0.7265616048778430480, 1.000000000000000000),
 ( 1.000000000000000000, 0.7876686348193600029, 1.000000000000000000),
 ( 1.000000000000000000, 0.8282440749015855808, 1.000000000000000000),
 ( 1.000000000000000000, 0.9415880615501440731, 1.000000000000000000),
 ( 1.000000000000000000, 1.002684731167226229, 1.000000000000000000),
 ( 1.000000000000000000, 1.000000000000000000, 1.000000000000000000) ) ) 
 REPRESENTATION_ITEM ( '' )  SURFACE ( )  );
#614 = ORIENTED_EDGE ( 'NONE', *, *, #2061, .F. ) ;
#615 = FACE_OUTER_BOUND ( 'NONE', #1994, .T. ) ;
#616 = AXIS2_PLACEMENT_3D ( 'NONE', #3582, #1252, #811 ) ;
#617 = LINE ( 'NONE', #4543, #2213 ) ;
#618 = AXIS2_PLACEMENT_3D ( 'NONE', #2512, #1491, #723 ) ;
#619 = CARTESIAN_POINT ( 'NONE',  ( 0.4999999999999997780, 0.1000000000000000056, 0.5500000000000000444 ) ) ;
#620 = FACE_OUTER_BOUND ( 'NONE', #4924, .T. ) ;
#621 = CARTESIAN_POINT ( 'NONE',  ( 0.9749999999999998668, 4.570019455179279433, 0.6250000000000001110 ) ) ;
#622 = VECTOR ( 'NONE', #4884, 1000.000000000000000 ) ;
#623 = ORIENTED_EDGE ( 'NONE', *, *, #4743, .T. ) ;
#624 = DIRECTION ( 'NONE',  ( 0.000000000000000000, 0.000000000000000000, 1.000000000000000000 ) ) ;
#625 = FACE_OUTER_BOUND ( 'NONE', #635, .T. ) ;
#626 = CARTESIAN_POINT ( 'NONE',  ( 0.7999999999999999334, 0.000000000000000000, 0.000000000000000000 ) ) ;
#627 = VECTOR ( 'NONE', #5052, 1000.000000000000000 ) ;
#628 = VERTEX_POINT ( 'NONE', #2787 ) ;
#629 = ORIENTED_EDGE ( 'NONE', *, *, #2117, .T. ) ;
#630 = CARTESIAN_POINT ( 'NONE',  ( -0.1500000000000002165, 0.000000000000000000, 0.000000000000000000 ) ) ;
#631 = VERTEX_POINT ( 'NONE', #858 ) ;
#632 = SURFACE_STYLE_FILL_AREA ( #3872 ) ;
#633 = ORIENTED_EDGE ( 'NONE', *, *, #4678, .T. ) ;
#634 = AXIS2_PLACEMENT_3D ( 'NONE', #3000, #1813, #4107 ) ;
#635 = EDGE_LOOP ( 'NONE', ( #1287, #3555, #1901, #1810 ) ) ;
#636 = CARTESIAN_POINT ( 'NONE',  ( -0.8000000000000001554, 0.1000000000000000056, 0.5500000000000000444 ) ) ;
#637 = CARTESIAN_POINT ( 'NONE',  ( -0.8250000000000002887, 0.9499999999999999556, 0.5749999999999998446 ) ) ;
#638 = CARTESIAN_POINT ( 'NONE',  ( -0.8250000000000002887, 0.9500000000000001776, -0.5749999999999999556 ) ) ;
#639 = EDGE_CURVE ( 'NONE', #4972, #5116, #4025, .T. ) ;
#640 = ORIENTED_EDGE ( 'NONE', *, *, #541, .T. ) ;
#641 = PLANE ( 'NONE',  #1696 ) ;
#642 = CARTESIAN_POINT ( 'NONE',  ( 1.125000000000000000, 0.2550000000000002820, 0.7714466094067260471 ) ) ;
#643 = FACE_OUTER_BOUND ( 'NONE', #4061, .T. ) ;
#644 = CARTESIAN_POINT ( 'NONE',  ( -1.075000000000000178, 0.2135786437626908674, 0.7421572875253812374 ) ) ;
#645 = DIRECTION ( 'NONE',  ( 0.000000000000000000, 1.000000000000000000, 0.000000000000000000 ) ) ;
#646 = EDGE_LOOP ( 'NONE', ( #1747, #2820, #2257, #1770 ) ) ;
#647 = DIRECTION ( 'NONE',  ( -6.195440985631456303E-16, 0.000000000000000000, 1.000000000000000000 ) ) ;
#648 = LINE ( 'NONE', #4963, #1179 ) ;
#649 = VECTOR ( 'NONE', #3102, 1000.000000000000000 ) ;
#650 = DIRECTION ( 'NONE',  ( -0.000000000000000000, -1.000000000000000000, -0.000000000000000000 ) ) ;
#651 = FACE_OUTER_BOUND ( 'NONE', #463, .T. ) ;
#652 = VERTEX_POINT ( 'NONE', #3211 ) ;
#653 = DIRECTION ( 'NONE',  ( 6.195440985631456303E-16, 0.000000000000000000, -1.000000000000000000 ) ) ;
#654 = EDGE_LOOP ( 'NONE', ( #2957, #3221, #1310, #4731 ) ) ;
#655 = EDGE_CURVE ( 'NONE', #712, #1431, #1191, .T. ) ;
#656 = CARTESIAN_POINT ( 'NONE',  ( -0.1500000000000002165, 0.000000000000000000, -0.9000000000000000222 ) ) ;
#657 = VERTEX_POINT ( 'NONE', #4803 ) ;
#658 = VERTEX_POINT ( 'NONE', #1576 ) ;
#659 = CARTESIAN_POINT ( 'NONE',  ( -0.8250000000000005107, 1.000000000000000000, 0.000000000000000000 ) ) ;
#660 = CARTESIAN_POINT ( 'NONE',  ( 0.9921572875253812374, 0.2135786437626907008, 0.8249999999999999556 ) ) ;
#661 = CARTESIAN_POINT ( 'NONE',  ( 0.8750000000000001110, 0.7999999999999999334, -0.7750000000000002442 ) ) ;
#662 = AXIS2_PLACEMENT_3D ( 'NONE', #3284, #609, #4094 ) ;
#663 = VECTOR ( 'NONE', #853, 1000.000000000000000 ) ;
#664 = ORIENTED_EDGE ( 'NONE', *, *, #1746, .T. ) ;
#665 = UNCERTAINTY_MEASURE_WITH_UNIT (LENGTH_MEASURE( 1.000000000000000082E-05 ), #3674, 'distance_accuracy_value', 'NONE');
#666 = CARTESIAN_POINT ( 'NONE',  ( 0.7999999999999997113, 0.1000000000000000056, -0.9000000000000000222 ) ) ;
#667 = EDGE_CURVE ( 'NONE', #3760, #2593, #2764, .T. ) ;
#668 = CARTESIAN_POINT ( 'NONE',  ( -0.8000000000000001554, 0.1000000000000000056, 0.5499999999999999334 ) ) ;
#669 = FACE_OUTER_BOUND ( 'NONE', #1554, .T. ) ;
#670 = ADVANCED_FACE ( 'NONE', ( #85 ), #3237, .F. ) ;
#671 = LINE ( 'NONE', #3834, #2479 ) ;
#672 = CARTESIAN_POINT ( 'NONE',  ( -0.8750000000000004441, 0.8494958547818296513, 0.7750000000000003553 ) ) ;
#673 = DIRECTION ( 'NONE',  ( 0.000000000000000000, 1.000000000000000000, 0.000000000000000000 ) ) ;
#674 = VERTEX_POINT ( 'NONE', #4099 ) ;
#675 = EDGE_CURVE ( 'NONE', #712, #1506, #1317, .T. ) ;
#676 = CARTESIAN_POINT ( 'NONE',  ( 0.8750000000000000000, 0.3550000000000002598, -0.7749999999999998002 ) ) ;
#677 = CYLINDRICAL_SURFACE ( 'NONE', #938, 0.1499999999999999667 ) ;
#678 = DIRECTION ( 'NONE',  ( -1.000000000000000000, -1.084202172485502659E-15, -1.084202172485502659E-15 ) ) ;
#679 = EDGE_CURVE ( 'NONE', #4548, #480, #1760, .T. ) ;
#680 = CARTESIAN_POINT ( 'NONE',  ( 0.8750000000000000000, 0.8000000000000000444, -0.7750000000000002442 ) ) ;
#681 = ORIENTED_EDGE ( 'NONE', *, *, #4529, .T. ) ;
#682 = LINE ( 'NONE', #4292, #3324 ) ;
#683 = VERTEX_POINT ( 'NONE', #4958 ) ;
#684 = PRESENTATION_STYLE_ASSIGNMENT (( #1019 ) ) ;
#685 = VECTOR ( 'NONE', #2350, 1000.000000000000000 ) ;
#686 = ORIENTED_EDGE ( 'NONE', *, *, #2601, .T. ) ;
#687 = ORIENTED_EDGE ( 'NONE', *, *, #4814, .T. ) ;
#688 = DIRECTION ( 'NONE',  ( -1.000000000000000000, 0.000000000000000000, 0.000000000000000000 ) ) ;
#689 = VECTOR ( 'NONE', #349, 1000.000000000000000 ) ;
#690 = DIRECTION ( 'NONE',  ( 1.000000000000000000, 0.000000000000000000, -3.097720492815726673E-16 ) ) ;
#691 = DIRECTION ( 'NONE',  ( 0.000000000000000000, -0.000000000000000000, 1.000000000000000000 ) ) ;
#692 = DIRECTION ( 'NONE',  ( 1.000000000000000000, -0.000000000000000000, -0.000000000000000000 ) ) ;
#693 = VECTOR ( 'NONE', #2680, 1000.000000000000000 ) ;
#694 = DIRECTION ( 'NONE',  ( -1.000000000000000000, 0.000000000000000000, 0.000000000000000000 ) ) ;
#695 = CARTESIAN_POINT ( 'NONE',  ( 0.9871320343559645272, 0.2550000000000004485, 0.8164213562373092703 ) ) ;
#696 = CARTESIAN_POINT ( 'NONE',  ( 0.4999999999999997780, 0.000000000000000000, 0.000000000000000000 ) ) ;
#697 = DIRECTION ( 'NONE',  ( 0.000000000000000000, -0.000000000000000000, -1.000000000000000000 ) ) ;
#698 = CARTESIAN_POINT ( 'NONE',  ( -0.8000000000000001554, 0.000000000000000000, 0.000000000000000000 ) ) ;
#699 =( GEOMETRIC_REPRESENTATION_CONTEXT ( 3 ) GLOBAL_UNCERTAINTY_ASSIGNED_CONTEXT ( ( #665 ) ) GLOBAL_UNIT_ASSIGNED_CONTEXT ( ( #3674, #4503, #3249 ) ) REPRESENTATION_CONTEXT ( 'NONE', 'WORKASPACE' ) );
#700 = CARTESIAN_POINT ( 'NONE',  ( -0.1500000000000002165, 0.1000000000000000056, 0.9000000000000001332 ) ) ;
#701 = AXIS2_PLACEMENT_3D ( 'NONE', #726, #868, #3667 ) ;
#702 = AXIS2_PLACEMENT_3D ( 'NONE', #2223, #3420, #3920 ) ;
#703 = EDGE_CURVE ( 'NONE', #3954, #658, #185, .T. ) ;
#704 = EDGE_LOOP ( 'NONE', ( #3147, #3916, #3503, #1793 ) ) ;
#705 = AXIS2_PLACEMENT_3D ( 'NONE', #1934, #3521, #4748 ) ;
#706 = DIRECTION ( 'NONE',  ( 0.000000000000000000, 0.000000000000000000, -1.000000000000000000 ) ) ;
#707 = FACE_OUTER_BOUND ( 'NONE', #227, .T. ) ;
#708 = DIRECTION ( 'NONE',  ( -0.000000000000000000, -1.000000000000000000, -0.000000000000000000 ) ) ;
#709 = VECTOR ( 'NONE', #4058, 1000.000000000000000 ) ;
#710 = EDGE_CURVE ( 'NONE', #2391, #5116, #162, .T. ) ;
#711 = CARTESIAN_POINT ( 'NONE',  ( 0.8595360797344727688, 1.000000000000000000, 0.5836340199336184087 ) ) ;
#712 = VERTEX_POINT ( 'NONE', #517 ) ;
#713 = DIRECTION ( 'NONE',  ( -0.000000000000000000, -1.000000000000000000, -0.000000000000000000 ) ) ;
#714 = VERTEX_POINT ( 'NONE', #544 ) ;
#715 = ORIENTED_EDGE ( 'NONE', *, *, #2152, .F. ) ;
#716 = ORIENTED_EDGE ( 'NONE', *, *, #4513, .F. ) ;
#717 = CARTESIAN_POINT ( 'NONE',  ( 1.149999999999999689, 0.1000000000000000056, 0.5500000000000000444 ) ) ;
#718 = DIRECTION ( 'NONE',  ( -0.000000000000000000, -0.000000000000000000, 1.000000000000000000 ) ) ;
#719 = DIRECTION ( 'NONE',  ( -0.000000000000000000, -1.000000000000000000, 0.000000000000000000 ) ) ;
#720 = SURFACE_STYLE_USAGE ( .BOTH. , #5109 ) ;
#721 = DIRECTION ( 'NONE',  ( 3.097720492815728645E-16, 0.000000000000000000, -1.000000000000000000 ) ) ;
#722 = CARTESIAN_POINT ( 'NONE',  ( 0.8750000000000001110, 0.2550000000000002820, 0.8749999999999996669 ) ) ;
#723 = DIRECTION ( 'NONE',  ( 0.000000000000000000, 0.000000000000000000, 1.000000000000000000 ) ) ;
#724 = FACE_OUTER_BOUND ( 'NONE', #4573, .T. ) ;
#725 = CARTESIAN_POINT ( 'NONE',  ( 1.124999999999999778, 0.1549999999999999989, -0.6250000000000001110 ) ) ;
#726 = CARTESIAN_POINT ( 'NONE',  ( 0.000000000000000000, 0.1000000000000000056, 0.000000000000000000 ) ) ;
#727 = ORIENTED_EDGE ( 'NONE', *, *, #3620, .T. ) ;
#728 = DIRECTION ( 'NONE',  ( 1.000000000000000000, -0.000000000000000000, 3.097720492815726673E-16 ) ) ;
#729 = DIRECTION ( 'NONE',  ( 0.000000000000000000, -1.000000000000000000, 0.000000000000000000 ) ) ;
#730 = CARTESIAN_POINT ( 'NONE',  ( 0.000000000000000000, 0.000000000000000000, 0.9000000000000001332 ) ) ;
#731 = CARTESIAN_POINT ( 'NONE',  ( 0.8941767467785883827, 0.9966473666430547551, -0.6441767467785873835 ) ) ;
#732 = ORIENTED_EDGE ( 'NONE', *, *, #639, .T. ) ;
#733 = CARTESIAN_POINT ( 'NONE',  ( -0.9884957127792731724, 0.9153879178400973204, 0.6158470869120795665 ) ) ;
#734 = EDGE_CURVE ( 'NONE', #2631, #872, #2191, .T. ) ;
#735 = LINE ( 'NONE', #2640, #4770 ) ;
#736 = ORIENTED_EDGE ( 'NONE', *, *, #329, .T. ) ;
#737 = VECTOR ( 'NONE', #830, 1000.000000000000000 ) ;
#738 = EDGE_LOOP ( 'NONE', ( #578, #3347, #4189, #1776 ) ) ;
#739 = EDGE_CURVE ( 'NONE', #1797, #1503, #3576, .T. ) ;
#740 = CARTESIAN_POINT ( 'NONE',  ( 1.249999999999999778, 0.1549999999999999989, 0.9999999999999995559 ) ) ;
#741 = CARTESIAN_POINT ( 'NONE',  ( 0.9824969653137592962, 0.9235969528729764955, -0.6143597385352927986 ) ) ;
#742 = DIRECTION ( 'NONE',  ( 0.000000000000000000, 1.000000000000000000, 0.000000000000000000 ) ) ;
#743 = EDGE_CURVE ( 'NONE', #882, #3649, #3336, .T. ) ;
#744 = CARTESIAN_POINT ( 'NONE',  ( 0.000000000000000000, 0.1449999999999999900, 1.000000000000000000 ) ) ;
#745 = VECTOR ( 'NONE', #2844, 1000.000000000000000 ) ;
#746 = ORIENTED_EDGE ( 'NONE', *, *, #1299, .T. ) ;
#747 = DIRECTION ( 'NONE',  ( -0.000000000000000000, -1.000000000000000000, -0.000000000000000000 ) ) ;
#748 = DIRECTION ( 'NONE',  ( 0.000000000000000000, 0.000000000000000000, -1.000000000000000000 ) ) ;
#749 = CARTESIAN_POINT ( 'NONE',  ( -0.9750000000000001998, 0.2892174209693614273, -0.6250000000000001110 ) ) ;
#750 = CARTESIAN_POINT ( 'NONE',  ( 0.1499999999999999667, 0.000000000000000000, 0.000000000000000000 ) ) ;
#751 = CARTESIAN_POINT ( 'NONE',  ( 1.149999999999999689, 0.000000000000000000, -0.5500000000000000444 ) ) ;
#752 = AXIS2_PLACEMENT_3D ( 'NONE', #1787, #2137, #1807 ) ;
#753 = CIRCLE ( 'NONE', #3809, 0.1499999999999999667 ) ;
#754 = EDGE_CURVE ( 'NONE', #652, #1826, #2922, .T. ) ;
#755 = VECTOR ( 'NONE', #1231, 1000.000000000000000 ) ;
#756 = ORIENTED_EDGE ( 'NONE', *, *, #2446, .F. ) ;
#757 = CARTESIAN_POINT ( 'NONE',  ( -0.1500000000000002165, 0.1000000000000000056, 0.5500000000000000444 ) ) ;
#758 = FACE_OUTER_BOUND ( 'NONE', #1622, .T. ) ;
#759 = DIRECTION ( 'NONE',  ( 1.000000000000000000, -0.000000000000000000, 3.097720492815726673E-16 ) ) ;
#760 = ORIENTED_EDGE ( 'NONE', *, *, #4195, .T. ) ;
#761 = CARTESIAN_POINT ( 'NONE',  ( 0.000000000000000000, 0.1000000000000000056, 0.000000000000000000 ) ) ;
#762 =( LENGTH_UNIT ( ) NAMED_UNIT ( * ) SI_UNIT ( .MILLI., .METRE. ) );
#763 = VERTEX_POINT ( 'NONE', #4571 ) ;
#764 = EDGE_CURVE ( 'NONE', #1458, #1751, #1734, .T. ) ;
#765 = ORIENTED_EDGE ( 'NONE', *, *, #1236, .F. ) ;
#766 = ADVANCED_FACE ( 'NONE', ( #620 ), #2162, .T. ) ;
#767 = ORIENTED_EDGE ( 'NONE', *, *, #2508, .T. ) ;
#768 = CARTESIAN_POINT ( 'NONE',  ( -0.9032992329321871683, 0.9338328014237777808, -0.6010997443107292115 ) ) ;
#769 = CARTESIAN_POINT ( 'NONE',  ( 0.9884957127788570608, 0.9153879178406798545, -0.6158470869120797886 ) ) ;
#770 = CARTESIAN_POINT ( 'NONE',  ( 1.149999999999999689, 0.1000000000000000056, 0.9000000000000001332 ) ) ;
#771 = ADVANCED_FACE ( 'NONE', ( #2531 ), #563, .T. ) ;
#772 = ORIENTED_EDGE ( 'NONE', *, *, #4338, .T. ) ;
#773 = CARTESIAN_POINT ( 'NONE',  ( 0.4249999999999998224, 0.9499999999999999556, 0.1750000000000000167 ) ) ;
#774 = LINE ( 'NONE', #3205, #663 ) ;
#775 = DIRECTION ( 'NONE',  ( -0.000000000000000000, -1.000000000000000000, -0.000000000000000000 ) ) ;
#776 = CARTESIAN_POINT ( 'NONE',  ( 0.1499999999999999667, 0.000000000000000000, -0.5499999999999999334 ) ) ;
#777 = CARTESIAN_POINT ( 'NONE',  ( 0.1499999999999997446, 0.1000000000000000056, -0.9000000000000000222 ) ) ;
#778 = DIRECTION ( 'NONE',  ( -0.000000000000000000, 0.000000000000000000, -1.000000000000000000 ) ) ;
#779 = CARTESIAN_POINT ( 'NONE',  ( -0.5000000000000000000, 0.1000000000000000056, 0.5499999999999999334 ) ) ;
#780 = LINE ( 'NONE', #2740, #4356 ) ;
#781 = VECTOR ( 'NONE', #144, 1000.000000000000000 ) ;
#782 = ORIENTED_EDGE ( 'NONE', *, *, #375, .T. ) ;
#783 = CARTESIAN_POINT ( 'NONE',  ( 0.7999999999999997113, 0.000000000000000000, 0.000000000000000000 ) ) ;
#784 = VECTOR ( 'NONE', #4774, 1000.000000000000000 ) ;
#785 = AXIS2_PLACEMENT_3D ( 'NONE', #1741, #1303, #3694 ) ;
#786 = LINE ( 'NONE', #376, #296 ) ;
#787 = VERTEX_POINT ( 'NONE', #3362 ) ;
#788 = AXIS2_PLACEMENT_3D ( 'NONE', #890, #2096, #2532 ) ;
#789 = VERTEX_POINT ( 'NONE', #3733 ) ;
#790 = EDGE_LOOP ( 'NONE', ( #2523, #3846, #2026 ) ) ;
#791 = CARTESIAN_POINT ( 'NONE',  ( -0.8510997443107296556, 0.9784437352317030268, 0.6793989772429163132 ) ) ;
#792 = CARTESIAN_POINT ( 'NONE',  ( -0.8000000000000001554, 0.000000000000000000, -0.5500000000000000444 ) ) ;
#793 = CARTESIAN_POINT ( 'NONE',  ( -0.8000000000000001554, 0.1000000000000000056, 0.9000000000000001332 ) ) ;
#794 = FILL_AREA_STYLE ('',( #2647 ) ) ;
#795 = STYLED_ITEM ( 'NONE', ( #2487 ), #206 ) ;
#796 = ORIENTED_EDGE ( 'NONE', *, *, #3911, .F. ) ;
#797 = DIRECTION ( 'NONE',  ( 1.000000000000000000, 0.000000000000000000, 3.097720492815728645E-16 ) ) ;
#798 = FACE_OUTER_BOUND ( 'NONE', #1865, .T. ) ;
#799 = CARTESIAN_POINT ( 'NONE',  ( -1.012979589711327177, 0.2355061701062369506, -0.7058265723222203469 ) ) ;
#800 = DIRECTION ( 'NONE',  ( -6.195440985631456303E-16, 0.000000000000000000, 1.000000000000000000 ) ) ;
#801 = EDGE_CURVE ( 'NONE', #987, #4344, #1009, .T. ) ;
#802 = LINE ( 'NONE', #4750, #2310 ) ;
#803 = CARTESIAN_POINT ( 'NONE',  ( 0.9558265723222202359, 0.2355061701062366453, -0.7629795897113271774 ) ) ;
#804 = EDGE_CURVE ( 'NONE', #103, #1228, #137, .T. ) ;
#805 = CYLINDRICAL_SURFACE ( 'NONE', #3054, 0.1000000000000000472 ) ;
#806 = PLANE ( 'NONE',  #4439 ) ;
#807 = VERTEX_POINT ( 'NONE', #4982 ) ;
#808 = CARTESIAN_POINT ( 'NONE',  ( -0.9482296464373058953, 0.9576220459738754576, -0.6057311068450716984 ) ) ;
#809 = DIRECTION ( 'NONE',  ( -1.000000000000000000, 0.000000000000000000, 6.195440985631456303E-16 ) ) ;
#810 = SURFACE_STYLE_USAGE ( .BOTH. , #423 ) ;
#811 = DIRECTION ( 'NONE',  ( 0.000000000000000000, 0.000000000000000000, -1.000000000000000000 ) ) ;
#812 = EDGE_LOOP ( 'NONE', ( #1248, #1952, #4567, #3921 ) ) ;
#813 = ORIENTED_EDGE ( 'NONE', *, *, #2401, .T. ) ;
#814 = EDGE_CURVE ( 'NONE', #2358, #4393, #1572, .T. ) ;
#815 = ORIENTED_EDGE ( 'NONE', *, *, #764, .T. ) ;
#816 = CARTESIAN_POINT ( 'NONE',  ( -0.8941767467785887158, 0.9966473666430546441, 0.6441767467785878276 ) ) ;
#817 = CARTESIAN_POINT ( 'NONE',  ( 1.025000000000000355, 0.8247433521144663660, -0.6250000000000001110 ) ) ;
#818 = CARTESIAN_POINT ( 'NONE',  ( -0.8750000000000003331, 0.3550000000000002598, -0.7750000000000001332 ) ) ;
#819 = VECTOR ( 'NONE', #1366, 1000.000000000000000 ) ;
#820 = VERTEX_POINT ( 'NONE', #2996 ) ;
#821 = VERTEX_POINT ( 'NONE', #4594 ) ;
#822 = LINE ( 'NONE', #3987, #3429 ) ;
#823 = DIRECTION ( 'NONE',  ( 0.000000000000000000, -7.228014483236692611E-16, 1.000000000000000000 ) ) ;
#824 = CARTESIAN_POINT ( 'NONE',  ( -0.9921572875253813484, 0.2135786437626906731, -0.8250000000000000666 ) ) ;
#825 = DIRECTION ( 'NONE',  ( 1.000000000000000000, 0.000000000000000000, -0.000000000000000000 ) ) ;
#826 = LINE ( 'NONE', #3549, #4926 ) ;
#827 = VECTOR ( 'NONE', #4781, 1000.000000000000000 ) ;
#828 = EDGE_CURVE ( 'NONE', #1955, #552, #392, .T. ) ;
#829 = ADVANCED_FACE ( 'NONE', ( #3806 ), #3106, .F. ) ;
#830 = DIRECTION ( 'NONE',  ( -1.000000000000000000, 0.000000000000000000, 1.734723475976807341E-16 ) ) ;
#831 = VECTOR ( 'NONE', #3207, 1000.000000000000000 ) ;
#832 = CARTESIAN_POINT ( 'NONE',  ( 0.000000000000000000, 0.8000000000000000444, 0.5750000000000000666 ) ) ;
#833 = PLANE ( 'NONE',  #5015 ) ;
#834 =( GEOMETRIC_REPRESENTATION_CONTEXT ( 3 ) GLOBAL_UNCERTAINTY_ASSIGNED_CONTEXT ( ( #3042 ) ) GLOBAL_UNIT_ASSIGNED_CONTEXT ( ( #2204, #1923, #1071 ) ) REPRESENTATION_CONTEXT ( 'NONE', 'WORKASPACE' ) );
#835 = ADVANCED_FACE ( 'NONE', ( #4251 ), #363, .T. ) ;
#836 = ORIENTED_EDGE ( 'NONE', *, *, #1784, .F. ) ;
#837 = AXIS2_PLACEMENT_3D ( 'NONE', #3014, #1508, #3460 ) ;
#838 = DIRECTION ( 'NONE',  ( -1.000000000000000000, 0.000000000000000000, 1.858632295689436595E-16 ) ) ;
#839 = CARTESIAN_POINT ( 'NONE',  ( -0.8750000000000001110, 0.3550000000000002598, 0.7250000000000001998 ) ) ;
#840 = SURFACE_SIDE_STYLE ('',( #4475 ) ) ;
#841 = EDGE_CURVE ( 'NONE', #508, #4209, #3647, .T. ) ;
#842 = FILL_AREA_STYLE_COLOUR ( '', #2434 ) ;
#843 = ORIENTED_EDGE ( 'NONE', *, *, #1457, .T. ) ;
#844 = ORIENTED_EDGE ( 'NONE', *, *, #4157, .F. ) ;
#845 = VERTEX_POINT ( 'NONE', #751 ) ;
#846 = DIRECTION ( 'NONE',  ( 0.000000000000000000, 1.000000000000000000, -0.000000000000000000 ) ) ;
#847 = DIRECTION ( 'NONE',  ( 0.000000000000000000, 1.000000000000000000, 0.000000000000000000 ) ) ;
#848 = PLANE ( 'NONE',  #4319 ) ;
#849 = ORIENTED_EDGE ( 'NONE', *, *, #2882, .T. ) ;
#850 = ORIENTED_EDGE ( 'NONE', *, *, #3071, .F. ) ;
#851 = CARTESIAN_POINT ( 'NONE',  ( 0.000000000000000000, 0.000000000000000000, -0.9000000000000000222 ) ) ;
#852 = AXIS2_PLACEMENT_3D ( 'NONE', #1312, #2225, #534 ) ;
#853 = DIRECTION ( 'NONE',  ( 0.000000000000000000, 1.000000000000000000, -0.000000000000000000 ) ) ;
#854 = DIRECTION ( 'NONE',  ( 0.000000000000000000, 0.000000000000000000, -1.000000000000000000 ) ) ;
#855 = CARTESIAN_POINT ( 'NONE',  ( 0.9032992329321867242, 0.9338328014237774477, -0.6010997443107293225 ) ) ;
#856 = LINE ( 'NONE', #4466, #864 ) ;
#857 = DIRECTION ( 'NONE',  ( -0.000000000000000000, -1.000000000000000000, -0.000000000000000000 ) ) ;
#858 = CARTESIAN_POINT ( 'NONE',  ( 0.8749999999999996669, 0.1549999999999999989, -0.8750000000000001110 ) ) ;
#859 = VECTOR ( 'NONE', #4940, 1000.000000000000000 ) ;
#860 = CARTESIAN_POINT ( 'NONE',  ( -1.149999999999999911, 0.1000000000000000056, -0.5499999999999999334 ) ) ;
#861 = EDGE_CURVE ( 'NONE', #2029, #5014, #2412, .T. ) ;
#862 = EDGE_CURVE ( 'NONE', #2151, #5035, #2270, .T. ) ;
#863 = B_SPLINE_CURVE_WITH_KNOTS ( 'NONE', 3,
 ( #1911, #4306, #2653, #3860, #1059, #1519, #1108, #1492 ),
 .UNSPECIFIED., .F., .F.,
 ( 4, 2, 2, 4 ),
 ( 0.000000000000000000, 0.2500000000000002776, 0.5000000000000000000, 1.000000000000000000 ),
 .UNSPECIFIED. ) ;
#864 = VECTOR ( 'NONE', #910, 1000.000000000000000 ) ;
#865 = ORIENTED_EDGE ( 'NONE', *, *, #4187, .T. ) ;
#866 = CARTESIAN_POINT ( 'NONE',  ( 0.8749999999999996669, 0.2550000000000000044, 0.8749999999999997780 ) ) ;
#867 = CARTESIAN_POINT ( 'NONE',  ( 0.8749999999999997780, 0.1449999999999999900, 0.8249999999999998446 ) ) ;
#868 = DIRECTION ( 'NONE',  ( 0.000000000000000000, 1.000000000000000000, 0.000000000000000000 ) ) ;
#869 = LINE ( 'NONE', #4320, #4854 ) ;
#870 = EDGE_CURVE ( 'NONE', #4506, #2155, #1520, .T. ) ;
#871 = VECTOR ( 'NONE', #4252, 1000.000000000000000 ) ;
#872 = VERTEX_POINT ( 'NONE', #3861 ) ;
#873 = ORIENTED_EDGE ( 'NONE', *, *, #2919, .F. ) ;
#874 = CIRCLE ( 'NONE', #4775, 0.1000000000000001027 ) ;
#875 = ORIENTED_EDGE ( 'NONE', *, *, #587, .T. ) ;
#876 = AXIS2_PLACEMENT_3D ( 'NONE', #466, #3625, #78 ) ;
#877 = CARTESIAN_POINT ( 'NONE',  ( 0.8607490029422444344, 0.9398465702389193765, 0.7179961422356999634 ) ) ;
#878 = DIRECTION ( 'NONE',  ( -0.000000000000000000, 0.000000000000000000, 1.000000000000000000 ) ) ;
#879 = LINE ( 'NONE', #1672, #755 ) ;
#880 = VECTOR ( 'NONE', #4287, 1000.000000000000000 ) ;
#881 = ORIENTED_EDGE ( 'NONE', *, *, #1423, .F. ) ;
#882 = VERTEX_POINT ( 'NONE', #4722 ) ;
#883 = DIRECTION ( 'NONE',  ( -1.000000000000000000, -7.228014483236692611E-16, 0.000000000000000000 ) ) ;
#884 = LINE ( 'NONE', #487, #3215 ) ;
#885 = PLANE ( 'NONE',  #4181 ) ;
#886 = LINE ( 'NONE', #4406, #1573 ) ;
#887 = CARTESIAN_POINT ( 'NONE',  ( 0.000000000000000000, 0.000000000000000000, 0.5499999999999999334 ) ) ;
#888 = CARTESIAN_POINT ( 'NONE',  ( 1.075000000000000178, 0.2135786437626905898, -0.6250000000000000000 ) ) ;
#889 = CYLINDRICAL_SURFACE ( 'NONE', #3892, 0.1000000000000001027 ) ;
#890 = CARTESIAN_POINT ( 'NONE',  ( 0.8749999999999996669, 0.2550000000000000044, -0.8750000000000001110 ) ) ;
#891 = VERTEX_POINT ( 'NONE', #725 ) ;
#892 = CARTESIAN_POINT ( 'NONE',  ( -0.9349551391262916900, 0.9674242752169869286, -0.6023397382463195893 ) ) ;
#893 = PLANE ( 'NONE',  #207 ) ;
#894 = DIRECTION ( 'NONE',  ( 0.000000000000000000, 0.000000000000000000, 1.000000000000000000 ) ) ;
#895 = CARTESIAN_POINT ( 'NONE',  ( -0.8250000000000005107, 0.9500000000000001776, 0.5749999999999999556 ) ) ;
#896 = CARTESIAN_POINT ( 'NONE',  ( -0.8941767467785887158, 0.9966473666430546441, -0.6441767467785878276 ) ) ;
#897 = EDGE_LOOP ( 'NONE', ( #3641, #251, #119, #3432 ) ) ;
#898 = ORIENTED_EDGE ( 'NONE', *, *, #4383, .T. ) ;
#899 = ADVANCED_FACE ( 'NONE', ( #5004 ), #5060, .F. ) ;
#900 = VERTEX_POINT ( 'NONE', #2606 ) ;
#901 = DIRECTION ( 'NONE',  ( 1.000000000000000000, -0.000000000000000000, 6.195440985631456303E-16 ) ) ;
#902 = EDGE_LOOP ( 'NONE', ( #2326, #3428, #1226, #3796 ) ) ;
#903 = EDGE_CURVE ( 'NONE', #327, #3059, #3886, .T. ) ;
#904 = ORIENTED_EDGE ( 'NONE', *, *, #3295, .F. ) ;
#905 = CARTESIAN_POINT ( 'NONE',  ( -1.149999999999999911, 0.000000000000000000, 0.5499999999999999334 ) ) ;
#906 = DIRECTION ( 'NONE',  ( 1.000000000000000000, 0.000000000000000000, 0.000000000000000000 ) ) ;
#907 = DIRECTION ( 'NONE',  ( -0.000000000000000000, -1.000000000000000000, -0.000000000000000000 ) ) ;
#908 = MECHANICAL_DESIGN_GEOMETRIC_PRESENTATION_REPRESENTATION (  '', ( #4505 ), #3882 ) ;
#909 = CARTESIAN_POINT ( 'NONE',  ( 0.8749999999999998890, 0.2550000000000001155, -0.8750000000000001110 ) ) ;
#910 = DIRECTION ( 'NONE',  ( 1.000000000000000000, 0.000000000000000000, -0.000000000000000000 ) ) ;
#911 = ADVANCED_FACE ( 'NONE', ( #3469 ), #4701, .T. ) ;
#912 = DIRECTION ( 'NONE',  ( 0.000000000000000000, 0.000000000000000000, 1.000000000000000000 ) ) ;
#913 = FACE_OUTER_BOUND ( 'NONE', #591, .T. ) ;
#914 = FACE_OUTER_BOUND ( 'NONE', #2495, .T. ) ;
#915 = ORIENTED_EDGE ( 'NONE', *, *, #4187, .F. ) ;
#916 = CARTESIAN_POINT ( 'NONE',  ( 0.8750000000000003331, 0.8494958547827392570, -0.7750000000000002442 ) ) ;
#917 = CARTESIAN_POINT ( 'NONE',  ( -1.149999999999999911, 0.1000000000000000056, -0.5499999999999999334 ) ) ;
#918 = CARTESIAN_POINT ( 'NONE',  ( 0.8750000000000001110, 4.570019455179279433, -0.7250000000000000888 ) ) ;
#919 = FILL_AREA_STYLE_COLOUR ( '', #4443 ) ;
#920 = CARTESIAN_POINT ( 'NONE',  ( -1.025000000000000577, 0.7999999999999999334, -0.7750000000000003553 ) ) ;
#921 = VECTOR ( 'NONE', #846, 1000.000000000000000 ) ;
#922 = ORIENTED_EDGE ( 'NONE', *, *, #2518, .T. ) ;
#923 = VECTOR ( 'NONE', #2232, 1000.000000000000000 ) ;
#924 = ORIENTED_EDGE ( 'NONE', *, *, #3263, .F. ) ;
#925 = ORIENTED_EDGE ( 'NONE', *, *, #1454, .F. ) ;
#926 = DIRECTION ( 'NONE',  ( 6.195440985631456303E-16, 0.000000000000000000, -1.000000000000000000 ) ) ;
#927 = ADVANCED_FACE ( 'NONE', ( #4227 ), #4191, .T. ) ;
#928 = ORIENTED_EDGE ( 'NONE', *, *, #2561, .T. ) ;
#929 = EDGE_CURVE ( 'NONE', #3143, #1431, #109, .T. ) ;
#930 = ORIENTED_EDGE ( 'NONE', *, *, #2028, .T. ) ;
#931 = DIRECTION ( 'NONE',  ( -6.195440985631456303E-16, -0.000000000000000000, 1.000000000000000000 ) ) ;
#932 = CARTESIAN_POINT ( 'NONE',  ( 0.9499999999999996225, 0.000000000000000000, 0.1500000000000000777 ) ) ;
#933 = DIRECTION ( 'NONE',  ( -3.097720492815726673E-16, 0.000000000000000000, -1.000000000000000000 ) ) ;
#934 = DIRECTION ( 'NONE',  ( 1.000000000000000000, 0.000000000000000000, 0.000000000000000000 ) ) ;
#935 = ADVANCED_FACE ( 'NONE', ( #1650 ), #2840, .F. ) ;
#936 = PLANE ( 'NONE',  #82 ) ;
#937 = CARTESIAN_POINT ( 'NONE',  ( -0.8523397382466335603, 0.9674242752162879322, 0.6849551391273328571 ) ) ;
#938 = AXIS2_PLACEMENT_3D ( 'NONE', #2739, #1889, #3473 ) ;
#939 = CARTESIAN_POINT ( 'NONE',  ( -0.8000000000000001554, 0.000000000000000000, -0.5500000000000000444 ) ) ;
#940 = ORIENTED_EDGE ( 'NONE', *, *, #329, .F. ) ;
#941 = LINE ( 'NONE', #1812, #1020 ) ;
#942 = CIRCLE ( 'NONE', #602, 0.1499999999999999667 ) ;
#943 = CARTESIAN_POINT ( 'NONE',  ( -0.9750000000000006439, 0.3550000000000002598, -0.6250000000000001110 ) ) ;
#944 = DIRECTION ( 'NONE',  ( 0.000000000000000000, -1.000000000000000000, 0.000000000000000000 ) ) ;
#945 = CARTESIAN_POINT ( 'NONE',  ( -0.8510997443107296556, 0.9784437352317030268, -0.6793989772429163132 ) ) ;
#946 = ORIENTED_EDGE ( 'NONE', *, *, #1340, .F. ) ;
#947 = ORIENTED_EDGE ( 'NONE', *, *, #2152, .T. ) ;
#948 = EDGE_LOOP ( 'NONE', ( #155, #1178, #3853, #1204 ) ) ;
#949 = AXIS2_PLACEMENT_3D ( 'NONE', #555, #2415, #506 ) ;
#950 = APPLICATION_PROTOCOL_DEFINITION ( 'draft international standard', 'automotive_design', 1998, #2448 ) ;
#951 = CARTESIAN_POINT ( 'NONE',  ( 0.9657177779204013657, 0.8632245059748495652, 0.7157177779204014767 ) ) ;
#952 = CLOSED_SHELL ( 'NONE', ( #835, #1441, #2984, #1177, #1259, #3722 ) ) ;
#953 = ORIENTED_EDGE ( 'NONE', *, *, #604, .F. ) ;
#954 = VECTOR ( 'NONE', #1275, 1000.000000000000000 ) ;
#955 = ORIENTED_EDGE ( 'NONE', *, *, #1775, .T. ) ;
#956 = DIRECTION ( 'NONE',  ( 1.000000000000000000, -0.000000000000000000, 6.195440985631456303E-16 ) ) ;
#957 = PRODUCT_RELATED_PRODUCT_CATEGORY ( 'part', '', ( #2591 ) ) ;
#958 = FACE_BOUND ( 'NONE', #3092, .T. ) ;
#959 = CARTESIAN_POINT ( 'NONE',  ( 0.9997578602509137324, 0.9007223896014929787, 0.6186894650627287051 ) ) ;
#960 = CARTESIAN_POINT ( 'NONE',  ( -0.8643792802837466649, 0.9500000000000000666, -0.5881264267612487107 ) ) ;
#961 = EDGE_CURVE ( 'NONE', #2077, #1399, #802, .T. ) ;
#962 = LINE ( 'NONE', #4980, #4885 ) ;
#963 = CARTESIAN_POINT ( 'NONE',  ( -1.125000000000000444, 0.2550000000000000044, 0.6250000000000001110 ) ) ;
#964 = CARTESIAN_POINT ( 'NONE',  ( 0.4999999999999997780, 0.1000000000000000056, -0.9000000000000000222 ) ) ;
#965 = VERTEX_POINT ( 'NONE', #1987 ) ;
#966 = EDGE_CURVE ( 'NONE', #1613, #1044, #2396, .T. ) ;
#967 = DIRECTION ( 'NONE',  ( 3.097720492815728645E-16, -0.000000000000000000, 1.000000000000000000 ) ) ;
#968 = DIRECTION ( 'NONE',  ( -6.195440985631456303E-16, -0.000000000000000000, 1.000000000000000000 ) ) ;
#969 = CARTESIAN_POINT ( 'NONE',  ( 1.149999999999999689, 0.000000000000000000, 0.5499999999999999334 ) ) ;
#970 = PLANE ( 'NONE',  #785 ) ;
#971 = ADVANCED_FACE ( 'NONE', ( #2067 ), #4799, .F. ) ;
#972 = VERTEX_POINT ( 'NONE', #413 ) ;
#973 = ORIENTED_EDGE ( 'NONE', *, *, #1680, .F. ) ;
#974 = ORIENTED_EDGE ( 'NONE', *, *, #1804, .T. ) ;
#975 = FILL_AREA_STYLE_COLOUR ( '', #5063 ) ;
#976 = ORIENTED_EDGE ( 'NONE', *, *, #3871, .F. ) ;
#977 = ORIENTED_EDGE ( 'NONE', *, *, #1457, .F. ) ;
#978 = LINE ( 'NONE', #2526, #582 ) ;
#979 = FACE_OUTER_BOUND ( 'NONE', #4501, .T. ) ;
#980 = LINE ( 'NONE', #4193, #3310 ) ;
#981 = CARTESIAN_POINT ( 'NONE',  ( -1.125000000000000888, 0.3550000000000002598, -0.6250000000000001110 ) ) ;
#982 = DIRECTION ( 'NONE',  ( -0.000000000000000000, -1.000000000000000000, -0.000000000000000000 ) ) ;
#983 = DIRECTION ( 'NONE',  ( 0.000000000000000000, 1.000000000000000000, -0.000000000000000000 ) ) ;
#984 = VECTOR ( 'NONE', #3624, 1000.000000000000000 ) ;
#985 = EDGE_CURVE ( 'NONE', #2585, #3398, #2013, .T. ) ;
#986 = EDGE_CURVE ( 'NONE', #2466, #1721, #3183, .T. ) ;
#987 = VERTEX_POINT ( 'NONE', #1189 ) ;
#988 = DIRECTION ( 'NONE',  ( 1.000000000000000000, 0.000000000000000000, -3.097720492815728645E-16 ) ) ;
#989 = CARTESIAN_POINT ( 'NONE',  ( 0.9032992329321867242, 0.9338328014237774477, -0.6010997443107293225 ) ) ;
#990 = DIRECTION ( 'NONE',  ( 0.000000000000000000, -0.000000000000000000, 1.000000000000000000 ) ) ;
#991 = FACE_OUTER_BOUND ( 'NONE', #4005, .T. ) ;
#992 = EDGE_CURVE ( 'NONE', #2201, #472, #3337, .T. ) ;
#993 = ORIENTED_EDGE ( 'NONE', *, *, #1495, .F. ) ;
#994 = VECTOR ( 'NONE', #1683, 1000.000000000000000 ) ;
#995 = EDGE_LOOP ( 'NONE', ( #4968, #4892, #3821 ) ) ;
#996 = EDGE_CURVE ( 'NONE', #1476, #4614, #4283, .T. ) ;
#997 = ORIENTED_EDGE ( 'NONE', *, *, #297, .F. ) ;
#998 = VECTOR ( 'NONE', #1461, 1000.000000000000000 ) ;
#999 = CARTESIAN_POINT ( 'NONE',  ( -0.9871320343559648602, 0.2550000000000004485, 0.8164213562373098254 ) ) ;
#1000 = ORIENTED_EDGE ( 'NONE', *, *, #992, .T. ) ;
#1001 = STYLED_ITEM ( 'NONE', ( #2282 ), #3506 ) ;
#1002 = ORIENTED_EDGE ( 'NONE', *, *, #3136, .F. ) ;
#1003 = CARTESIAN_POINT ( 'NONE',  ( -1.250000000000000222, 0.1549999999999999989, -1.000000000000000000 ) ) ;
#1004 = DIRECTION ( 'NONE',  ( 0.000000000000000000, 1.000000000000000000, 0.000000000000000000 ) ) ;
#1005 = FACE_OUTER_BOUND ( 'NONE', #2524, .T. ) ;
#1006 = EDGE_LOOP ( 'NONE', ( #3170, #1779, #606, #1222 ) ) ;
#1007 = DIRECTION ( 'NONE',  ( 0.000000000000000000, 0.000000000000000000, 1.000000000000000000 ) ) ;
#1008 = LINE ( 'NONE', #4981, #1026 ) ;
#1009 = LINE ( 'NONE', #4076, #4564 ) ;
#1010 = CARTESIAN_POINT ( 'NONE',  ( 0.8750000000000001110, 0.3550000000000002598, 0.7250000000000001998 ) ) ;
#1011 = ORIENTED_EDGE ( 'NONE', *, *, #2069, .T. ) ;
#1012 = DIRECTION ( 'NONE',  ( 0.000000000000000000, 1.000000000000000000, 0.000000000000000000 ) ) ;
#1013 = LINE ( 'NONE', #2904, #3028 ) ;
#1014 = PLANE ( 'NONE',  #4938 ) ;
#1015 = VERTEX_POINT ( 'NONE', #1627 ) ;
#1016 = EDGE_LOOP ( 'NONE', ( #924, #3951, #4871, #1507 ) ) ;
#1017 = EDGE_LOOP ( 'NONE', ( #3012, #4991, #44, #4584 ) ) ;
#1018 = EDGE_CURVE ( 'NONE', #5123, #2328, #4779, .T. ) ;
#1019 = SURFACE_STYLE_USAGE ( .BOTH. , #1477 ) ;
#1020 = VECTOR ( 'NONE', #1012, 1000.000000000000000 ) ;
#1021 = ORIENTED_EDGE ( 'NONE', *, *, #1655, .T. ) ;
#1022 = ORIENTED_EDGE ( 'NONE', *, *, #1370, .T. ) ;
#1023 = CARTESIAN_POINT ( 'NONE',  ( -0.9657177779204024759, 0.8632245059748487881, -0.7157177779204020318 ) ) ;
#1024 = CARTESIAN_POINT ( 'NONE',  ( 0.8750000000000001110, 4.570019455179279433, 0.7250000000000000888 ) ) ;
#1025 = CARTESIAN_POINT ( 'NONE',  ( 0.1499999999999999667, 0.000000000000000000, -0.5499999999999999334 ) ) ;
#1026 = VECTOR ( 'NONE', #1690, 1000.000000000000000 ) ;
#1027 = EDGE_LOOP ( 'NONE', ( #2906, #3246, #1523, #3065 ) ) ;
#1028 = CARTESIAN_POINT ( 'NONE',  ( -0.8750000000000001110, 0.2550000000000001710, 0.8750000000000001110 ) ) ;
#1029 = AXIS2_PLACEMENT_3D ( 'NONE', #1158, #2316, #797 ) ;
#1030 = VECTOR ( 'NONE', #3638, 1000.000000000000000 ) ;
#1031 = CARTESIAN_POINT ( 'NONE',  ( 0.4999999999999997780, 0.000000000000000000, -0.9000000000000000222 ) ) ;
#1032 = LINE ( 'NONE', #4448, #3008 ) ;
#1033 = CARTESIAN_POINT ( 'NONE',  ( 1.125000000000000222, 0.3550000000000002598, 0.6249999999999998890 ) ) ;
#1034 = PLANE ( 'NONE',  #2344 ) ;
#1035 = VECTOR ( 'NONE', #3212, 1000.000000000000000 ) ;
#1036 = EDGE_CURVE ( 'NONE', #2358, #3741, #2170, .T. ) ;
#1037 = VERTEX_POINT ( 'NONE', #4020 ) ;
#1038 = CARTESIAN_POINT ( 'NONE',  ( 0.1499999999999999667, 0.000000000000000000, -0.5499999999999999334 ) ) ;
#1039 = CARTESIAN_POINT ( 'NONE',  ( -0.1500000000000002165, 0.000000000000000000, 0.5500000000000000444 ) ) ;
#1040 = PRESENTATION_LAYER_ASSIGNMENT (  '', '', ( #795 ) ) ;
#1041 = CARTESIAN_POINT ( 'NONE',  ( 0.8736984881884004572, 0.8523509833445427342, -0.7697939527536012960 ) ) ;
#1042 = ORIENTED_EDGE ( 'NONE', *, *, #1048, .T. ) ;
#1043 = LINE ( 'NONE', #2865, #2827 ) ;
#1044 = VERTEX_POINT ( 'NONE', #2042 ) ;
#1045 = FILL_AREA_STYLE ('',( #350 ) ) ;
#1046 = ORIENTED_EDGE ( 'NONE', *, *, #2832, .T. ) ;
#1047 = EDGE_CURVE ( 'NONE', #4506, #1753, #4334, .T. ) ;
#1048 = EDGE_CURVE ( 'NONE', #4182, #5123, #826, .T. ) ;
#1049 = AXIS2_PLACEMENT_3D ( 'NONE', #3713, #4130, #568 ) ;
#1050 = ORIENTED_EDGE ( 'NONE', *, *, #4669, .T. ) ;
#1051 = LINE ( 'NONE', #659, #923 ) ;
#1052 = CARTESIAN_POINT ( 'NONE',  ( 0.8750000000000001110, 0.2355061701062369783, 0.7629795897113270664 ) ) ;
#1053 = LINE ( 'NONE', #4694, #3895 ) ;
#1054 = EDGE_CURVE ( 'NONE', #4321, #4394, #3991, .T. ) ;
#1055 = ORIENTED_EDGE ( 'NONE', *, *, #3660, .T. ) ;
#1056 = DIRECTION ( 'NONE',  ( 1.000000000000000000, 0.000000000000000000, -1.734723475976807341E-16 ) ) ;
#1057 = EDGE_CURVE ( 'NONE', #1638, #1427, #856, .T. ) ;
#1058 = CARTESIAN_POINT ( 'NONE',  ( -1.149999999999999911, 0.000000000000000000, 0.000000000000000000 ) ) ;
#1059 = CARTESIAN_POINT ( 'NONE',  ( -0.8649831364336274531, 0.8921826250550842774, -0.6949494093008803386 ) ) ;
#1060 = CARTESIAN_POINT ( 'NONE',  ( 0.9749999999999998668, 0.8196377019586378321, 0.6249999869108168182 ) ) ;
#1061 = DIRECTION ( 'NONE',  ( -1.000000000000000000, -0.000000000000000000, 0.000000000000000000 ) ) ;
#1062 = EDGE_LOOP ( 'NONE', ( #194, #4204, #5127, #3452 ) ) ;
#1063 = CARTESIAN_POINT ( 'NONE',  ( 1.125000000000000222, 0.2550000000000002820, -0.7714466094067264912 ) ) ;
#1064 = DIRECTION ( 'NONE',  ( 0.000000000000000000, 0.000000000000000000, 1.000000000000000000 ) ) ;
#1065 = VECTOR ( 'NONE', #5057, 1000.000000000000000 ) ;
#1066 = DIRECTION ( 'NONE',  ( -1.000000000000000000, 0.000000000000000000, 6.195440985631456303E-16 ) ) ;
#1067 = CARTESIAN_POINT ( 'NONE',  ( 1.019793952753601296, 0.8523509833445427342, -0.6236984881884006793 ) ) ;
#1068 = ORIENTED_EDGE ( 'NONE', *, *, #3334, .F. ) ;
#1069 = DIRECTION ( 'NONE',  ( 0.000000000000000000, 1.000000000000000000, 0.000000000000000000 ) ) ;
#1070 = VERTEX_POINT ( 'NONE', #2869 ) ;
#1071 =( NAMED_UNIT ( * ) SI_UNIT ( $, .STERADIAN. ) SOLID_ANGLE_UNIT ( ) );
#1072 = VERTEX_POINT ( 'NONE', #2476 ) ;
#1073 = EDGE_LOOP ( 'NONE', ( #5019, #2983, #2516, #581 ) ) ;
#1074 = LINE ( 'NONE', #636, #1249 ) ;
#1075 = CARTESIAN_POINT ( 'NONE',  ( -0.8250000000000001776, 0.9499999999999999556, 0.5749999999999999556 ) ) ;
#1076 = DIRECTION ( 'NONE',  ( 0.000000000000000000, 1.000000000000000000, 0.000000000000000000 ) ) ;
#1077 = ADVANCED_FACE ( 'NONE', ( #4855 ), #1292, .F. ) ;
#1078 = VECTOR ( 'NONE', #1782, 1000.000000000000000 ) ;
#1079 = VECTOR ( 'NONE', #181, 1000.000000000000000 ) ;
#1080 = FACE_OUTER_BOUND ( 'NONE', #1, .T. ) ;
#1081 = CARTESIAN_POINT ( 'NONE',  ( 0.9628679656440359835, 0.2964213562373098632, 0.7749999999999998002 ) ) ;
#1082 = CARTESIAN_POINT ( 'NONE',  ( 0.8800653338226680500, 0.9457209678313113210, -0.6300653338226673839 ) ) ;
#1083 = LINE ( 'NONE', #4620, #5061 ) ;
#1084 = ADVANCED_FACE ( 'NONE', ( #4619 ), #3438, .F. ) ;
#1085 = DIRECTION ( 'NONE',  ( -6.195440985631456303E-16, 0.000000000000000000, -1.000000000000000000 ) ) ;
#1086 = CARTESIAN_POINT ( 'NONE',  ( 1.249999999999999778, 0.1549999999999999989, 0.9999999999999995559 ) ) ;
#1087 = ORIENTED_EDGE ( 'NONE', *, *, #2093, .T. ) ;
#1088 = DIRECTION ( 'NONE',  ( -0.000000000000000000, -1.000000000000000000, -0.000000000000000000 ) ) ;
#1089 = DIRECTION ( 'NONE',  ( -0.000000000000000000, -0.000000000000000000, 1.000000000000000000 ) ) ;
#1090 = LINE ( 'NONE', #730, #3349 ) ;
#1091 = LINE ( 'NONE', #1120, #4264 ) ;
#1092 = ORIENTED_EDGE ( 'NONE', *, *, #4254, .T. ) ;
#1093 = VECTOR ( 'NONE', #3534, 1000.000000000000000 ) ;
#1094 = FACE_OUTER_BOUND ( 'NONE', #3025, .T. ) ;
#1095 = ORIENTED_EDGE ( 'NONE', *, *, #297, .T. ) ;
#1096 =( LENGTH_UNIT ( ) NAMED_UNIT ( * ) SI_UNIT ( .MILLI., .METRE. ) );
#1097 = VECTOR ( 'NONE', #1089, 1000.000000000000000 ) ;
#1098 = ORIENTED_EDGE ( 'NONE', *, *, #814, .F. ) ;
#1099 = VERTEX_POINT ( 'NONE', #2236 ) ;
#1100 = VECTOR ( 'NONE', #4205, 1000.000000000000000 ) ;
#1101 = PLANE ( 'NONE',  #2752 ) ;
#1102 = PLANE ( 'NONE',  #175 ) ;
#1103 = CARTESIAN_POINT ( 'NONE',  ( -0.8750000000000001110, 0.1549999999999999989, 0.8750000000000001110 ) ) ;
#1104 = VECTOR ( 'NONE', #4277, 1000.000000000000000 ) ;
#1105 = CARTESIAN_POINT ( 'NONE',  ( -0.8750000000000002220, 0.1449999999999999900, -0.6249999999999998890 ) ) ;
#1106 = DIRECTION ( 'NONE',  ( -1.000000000000000000, -0.000000000000000000, -0.000000000000000000 ) ) ;
#1107 = CARTESIAN_POINT ( 'NONE',  ( 0.8749999869108165962, 0.8196377019586383872, -0.7250000000000000888 ) ) ;
#1108 = CARTESIAN_POINT ( 'NONE',  ( -0.8381264267612491548, 0.9500000000000000666, -0.6143792802837462208 ) ) ;
#1109 = DIRECTION ( 'NONE',  ( 0.000000000000000000, 0.000000000000000000, -1.000000000000000000 ) ) ;
#1110 = AXIS2_PLACEMENT_3D ( 'NONE', #3644, #1749, #153 ) ;
#1111 = LINE ( 'NONE', #3887, #2843 ) ;
#1112 = CIRCLE ( 'NONE', #291, 0.09999999999999982514 ) ;
#1113 = EDGE_CURVE ( 'NONE', #4834, #4555, #3100, .T. ) ;
#1114 = ORIENTED_EDGE ( 'NONE', *, *, #5087, .F. ) ;
#1115 = VECTOR ( 'NONE', #567, 1000.000000000000000 ) ;
#1116 = CARTESIAN_POINT ( 'NONE',  ( 0.9628679656440356505, 0.2964213562373096411, -0.7749999999999998002 ) ) ;
#1117 = DIRECTION ( 'NONE',  ( -1.000000000000000000, 0.000000000000000000, 0.000000000000000000 ) ) ;
#1118 = DIRECTION ( 'NONE',  ( 0.000000000000000000, 0.000000000000000000, -1.000000000000000000 ) ) ;
#1119 = AXIS2_PLACEMENT_3D ( 'NONE', #4988, #650, #4656 ) ;
#1120 = CARTESIAN_POINT ( 'NONE',  ( -1.150000000000000133, 0.1000000000000000056, 0.9000000000000000222 ) ) ;
#1121 = EDGE_CURVE ( 'NONE', #2048, #4321, #2603, .T. ) ;
#1122 = EDGE_LOOP ( 'NONE', ( #4429, #4354 ) ) ;
#1123 = DIRECTION ( 'NONE',  ( 0.000000000000000000, 0.000000000000000000, -1.000000000000000000 ) ) ;
#1124 = EDGE_CURVE ( 'NONE', #2743, #2130, #443, .T. ) ;
#1125 = CARTESIAN_POINT ( 'NONE',  ( 0.8749999999999996669, 0.1549999999999999989, 0.8749999999999997780 ) ) ;
#1126 = ORIENTED_EDGE ( 'NONE', *, *, #3175, .T. ) ;
#1127 = ORIENTED_EDGE ( 'NONE', *, *, #457, .T. ) ;
#1128 = CARTESIAN_POINT ( 'NONE',  ( 0.000000000000000000, 0.9500000000000000666, 0.5750000000000000666 ) ) ;
#1129 = LINE ( 'NONE', #4299, #3090 ) ;
#1130 = CARTESIAN_POINT ( 'NONE',  ( -1.125000000000000666, 0.2550000000000002820, -0.6249999999999995559 ) ) ;
#1131 = DIRECTION ( 'NONE',  ( 1.000000000000000000, -1.084202172485506406E-15, 0.000000000000000000 ) ) ;
#1132 = VERTEX_POINT ( 'NONE', #3464 ) ;
#1133 = PLANE ( 'NONE',  #4257 ) ;
#1134 = DIRECTION ( 'NONE',  ( 1.000000000000000000, 0.000000000000000000, -1.734723475976807341E-16 ) ) ;
#1135 = CARTESIAN_POINT ( 'NONE',  ( -1.012979589711327177, 0.2355061701062369783, -0.6250000000000001110 ) ) ;
#1136 = PLANE ( 'NONE',  #4483 ) ;
#1137 = CARTESIAN_POINT ( 'NONE',  ( -0.8586727041010762118, 0.9478108630367400034, 0.7097498106736352952 ) ) ;
#1138 = ORIENTED_EDGE ( 'NONE', *, *, #1752, .F. ) ;
#1139 = DIRECTION ( 'NONE',  ( 0.000000000000000000, 0.000000000000000000, -1.000000000000000000 ) ) ;
#1140 = DIRECTION ( 'NONE',  ( 0.000000000000000000, 0.000000000000000000, 1.000000000000000000 ) ) ;
#1141 = CARTESIAN_POINT ( 'NONE',  ( 0.8249999999999997335, 0.9500000000000001776, 0.5749999999999999556 ) ) ;
#1142 = EDGE_CURVE ( 'NONE', #4477, #1977, #1831, .T. ) ;
#1143 = EDGE_CURVE ( 'NONE', #3560, #3033, #4171, .T. ) ;
#1144 = FACE_OUTER_BOUND ( 'NONE', #258, .T. ) ;
#1145 = ORIENTED_EDGE ( 'NONE', *, *, #2185, .F. ) ;
#1146 = CARTESIAN_POINT ( 'NONE',  ( -1.024999999999967271, 0.8000000000000000444, 0.6249999552455506313 ) ) ;
#1147 = SURFACE_STYLE_USAGE ( .BOTH. , #4391 ) ;
#1148 = EDGE_CURVE ( 'NONE', #3051, #712, #1350, .T. ) ;
#1149 = ORIENTED_EDGE ( 'NONE', *, *, #1148, .T. ) ;
#1150 = ADVANCED_FACE ( 'NONE', ( #3881 ), #1907, .F. ) ;
#1151 = VERTEX_POINT ( 'NONE', #4642 ) ;
#1152 = ORIENTED_EDGE ( 'NONE', *, *, #3169, .F. ) ;
#1153 = DIRECTION ( 'NONE',  ( -1.000000000000000000, 0.000000000000000000, 6.195440985631456303E-16 ) ) ;
#1154 = CARTESIAN_POINT ( 'NONE',  ( -0.8750000000000001110, 0.2550000000000001710, -0.8750000000000001110 ) ) ;
#1155 = FACE_OUTER_BOUND ( 'NONE', #1006, .T. ) ;
#1156 = DIRECTION ( 'NONE',  ( 0.000000000000000000, 0.000000000000000000, 1.000000000000000000 ) ) ;
#1157 = ORIENTED_EDGE ( 'NONE', *, *, #5056, .T. ) ;
#1158 = CARTESIAN_POINT ( 'NONE',  ( 0.1499999999999999667, 0.000000000000000000, 0.5499999999999999334 ) ) ;
#1159 = CARTESIAN_POINT ( 'NONE',  ( 0.8749999999999996669, 0.2550000000000000044, 0.6249999999999998890 ) ) ;
#1160 = CARTESIAN_POINT ( 'NONE',  ( -0.8750000000000003331, 0.2892174209693614273, -0.7250000000000001998 ) ) ;
#1161 = DIRECTION ( 'NONE',  ( 1.000000000000000000, 0.000000000000000000, -0.000000000000000000 ) ) ;
#1162 = DIRECTION ( 'NONE',  ( 0.000000000000000000, -0.000000000000000000, 1.000000000000000000 ) ) ;
#1163 = AXIS2_PLACEMENT_3D ( 'NONE', #1033, #238, #1416 ) ;
#1164 = VECTOR ( 'NONE', #3600, 1000.000000000000000 ) ;
#1165 = CIRCLE ( 'NONE', #4486, 0.1999999999999998723 ) ;
#1166 = VECTOR ( 'NONE', #4819, 1000.000000000000000 ) ;
#1167 = ORIENTED_EDGE ( 'NONE', *, *, #3201, .F. ) ;
#1168 = SURFACE_SIDE_STYLE ('',( #4231 ) ) ;
#1169 = CARTESIAN_POINT ( 'NONE',  ( 1.024999999999999911, 4.570019455179279433, -0.6250000000000001110 ) ) ;
#1170 = DIRECTION ( 'NONE',  ( -1.000000000000000000, 0.000000000000000000, -3.097720492815728645E-16 ) ) ;
#1171 = PLANE ( 'NONE',  #3422 ) ;
#1172 = EDGE_LOOP ( 'NONE', ( #4133, #2457, #1896, #1982 ) ) ;
#1173 = CARTESIAN_POINT ( 'NONE',  ( 1.124999999999999778, 0.1549999999999999989, 0.000000000000000000 ) ) ;
#1174 = FILL_AREA_STYLE ('',( #842 ) ) ;
#1175 = ORIENTED_EDGE ( 'NONE', *, *, #2652, .T. ) ;
#1176 = EDGE_LOOP ( 'NONE', ( #4789, #760, #1046, #2054 ) ) ;
#1177 = ADVANCED_FACE ( 'NONE', ( #1080 ), #1133, .F. ) ;
#1178 = ORIENTED_EDGE ( 'NONE', *, *, #4040, .T. ) ;
#1179 = VECTOR ( 'NONE', #3345, 1000.000000000000000 ) ;
#1180 = CARTESIAN_POINT ( 'NONE',  ( -0.8250000000000003997, 0.9499999999999999556, -0.5749999999999997335 ) ) ;
#1181 = FACE_OUTER_BOUND ( 'NONE', #1616, .T. ) ;
#1182 = CARTESIAN_POINT ( 'NONE',  ( -1.066421356237310158, 0.2550000000000001710, -0.6249999999999996669 ) ) ;
#1183 = EDGE_CURVE ( 'NONE', #2077, #820, #4668, .T. ) ;
#1184 = ORIENTED_EDGE ( 'NONE', *, *, #4096, .F. ) ;
#1185 = CARTESIAN_POINT ( 'NONE',  ( -0.8250000000000002887, 0.9500000000000001776, -0.5749999999999999556 ) ) ;
#1186 = CARTESIAN_POINT ( 'NONE',  ( 0.8750000000000001110, 0.8000000000000001554, -0.6250000000000002220 ) ) ;
#1187 = CARTESIAN_POINT ( 'NONE',  ( 1.124999999999999778, 0.2550000000000000044, 0.6249999999999998890 ) ) ;
#1188 = FACE_OUTER_BOUND ( 'NONE', #2636, .T. ) ;
#1189 = CARTESIAN_POINT ( 'NONE',  ( 0.4999999999999997780, 0.1000000000000000056, -0.5500000000000000444 ) ) ;
#1190 = CARTESIAN_POINT ( 'NONE',  ( 1.075000000000000178, 0.2135786437626905898, -0.7421572875253812374 ) ) ;
#1191 = LINE ( 'NONE', #8, #5054 ) ;
#1192 = LINE ( 'NONE', #2765, #3436 ) ;
#1193 = AXIS2_PLACEMENT_3D ( 'NONE', #3072, #2336, #1931 ) ;
#1194 = ADVANCED_FACE ( 'NONE', ( #1857 ), #2265, .F. ) ;
#1195 = VECTOR ( 'NONE', #1369, 1000.000000000000000 ) ;
#1196 = ORIENTED_EDGE ( 'NONE', *, *, #1047, .F. ) ;
#1197 = CARTESIAN_POINT ( 'NONE',  ( 0.8749999999999996669, 0.1549999999999999989, 0.6249999999999998890 ) ) ;
#1198 = VECTOR ( 'NONE', #385, 1000.000000000000000 ) ;
#1199 = CIRCLE ( 'NONE', #374, 0.1000000000000000472 ) ;
#1200 = CARTESIAN_POINT ( 'NONE',  ( -0.8250000000000005107, 0.8000000000000000444, 0.000000000000000000 ) ) ;
#1201 = ORIENTED_EDGE ( 'NONE', *, *, #3203, .T. ) ;
#1202 = VECTOR ( 'NONE', #4259, 1000.000000000000000 ) ;
#1203 = ORIENTED_EDGE ( 'NONE', *, *, #754, .F. ) ;
#1204 = ORIENTED_EDGE ( 'NONE', *, *, #3683, .T. ) ;
#1205 = DIRECTION ( 'NONE',  ( 0.000000000000000000, 1.000000000000000000, 0.000000000000000000 ) ) ;
#1206 = CARTESIAN_POINT ( 'NONE',  ( 0.8750000000000001110, 0.3550000000000002598, 0.7249999999999999778 ) ) ;
#1207 = CARTESIAN_POINT ( 'NONE',  ( 0.8750000000000001110, 4.570019455179279433, 0.7750000000000002442 ) ) ;
#1208 = ADVANCED_FACE ( 'NONE', ( #615 ), #641, .T. ) ;
#1209 = ORIENTED_EDGE ( 'NONE', *, *, #3822, .T. ) ;
#1210 = EDGE_CURVE ( 'NONE', #3839, #763, #1803, .T. ) ;
#1211 = ORIENTED_EDGE ( 'NONE', *, *, #3326, .T. ) ;
#1212 = LINE ( 'NONE', #1543, #3186 ) ;
#1213 = CARTESIAN_POINT ( 'NONE',  ( -1.125000000000000888, 0.3550000000000002598, 0.6250000000000001110 ) ) ;
#1214 = CARTESIAN_POINT ( 'NONE',  ( -0.9335786437626908407, 0.3550000000000002598, -0.7250000000000001998 ) ) ;
#1215 = CARTESIAN_POINT ( 'NONE',  ( 1.149999999999999689, 0.000000000000000000, -0.5500000000000000444 ) ) ;
#1216 = CARTESIAN_POINT ( 'NONE',  ( 1.149999999999999689, 0.000000000000000000, 0.000000000000000000 ) ) ;
#1217 = EDGE_CURVE ( 'NONE', #845, #3839, #234, .T. ) ;
#1218 = EDGE_CURVE ( 'NONE', #1281, #1703, #1881, .T. ) ;
#1219 = CARTESIAN_POINT ( 'NONE',  ( 0.8750000000000001110, 0.2892174209693612608, -0.7249999999999997558 ) ) ;
#1220 = CARTESIAN_POINT ( 'NONE',  ( -0.8750000000000003331, 4.570019455179279433, 0.7250000000000000888 ) ) ;
#1221 = CARTESIAN_POINT ( 'NONE',  ( -0.5000000000000000000, 0.1000000000000000056, -0.5499999999999999334 ) ) ;
#1222 = ORIENTED_EDGE ( 'NONE', *, *, #1280, .F. ) ;
#1223 = PLANE ( 'NONE',  #2835 ) ;
#1224 = CYLINDRICAL_SURFACE ( 'NONE', #4685, 0.1000000000000000472 ) ;
#1225 = DIRECTION ( 'NONE',  ( 0.000000000000000000, 0.000000000000000000, -1.000000000000000000 ) ) ;
#1226 = ORIENTED_EDGE ( 'NONE', *, *, #579, .T. ) ;
#1227 = VERTEX_POINT ( 'NONE', #5001 ) ;
#1228 = VERTEX_POINT ( 'NONE', #1028 ) ;
#1229 = CARTESIAN_POINT ( 'NONE',  ( -0.8250000000000001776, 1.000000000000000000, 0.5749999999999997335 ) ) ;
#1230 = LINE ( 'NONE', #47, #1601 ) ;
#1231 = DIRECTION ( 'NONE',  ( -6.195440985631456303E-16, -0.000000000000000000, -1.000000000000000000 ) ) ;
#1232 = VECTOR ( 'NONE', #2682, 1000.000000000000000 ) ;
#1233 = EDGE_LOOP ( 'NONE', ( #250, #4007, #3819, #3314 ) ) ;
#1234 = ORIENTED_EDGE ( 'NONE', *, *, #3975, .F. ) ;
#1235 = CYLINDRICAL_SURFACE ( 'NONE', #4832, 0.2500000000000000000 ) ;
#1236 = EDGE_CURVE ( 'NONE', #1695, #1072, #4222, .T. ) ;
#1237 = PLANE ( 'NONE',  #4232 ) ;
#1238 = DIRECTION ( 'NONE',  ( 0.000000000000000000, -0.000000000000000000, 1.000000000000000000 ) ) ;
#1239 = EDGE_CURVE ( 'NONE', #1227, #1353, #2702, .T. ) ;
#1240 = PLANE ( 'NONE',  #4811 ) ;
#1241 = CARTESIAN_POINT ( 'NONE',  ( -0.8381264267612491548, 0.9500000000000000666, 0.6143792802837462208 ) ) ;
#1242 = VECTOR ( 'NONE', #2948, 1000.000000000000000 ) ;
#1243 = EDGE_CURVE ( 'NONE', #4993, #2753, #1961, .T. ) ;
#1244 = CIRCLE ( 'NONE', #4146, 0.1499999999999999667 ) ;
#1245 = CARTESIAN_POINT ( 'NONE',  ( 0.4999999999999997780, 0.1000000000000000056, -0.5500000000000000444 ) ) ;
#1246 = CARTESIAN_POINT ( 'NONE',  ( -1.250000000000000222, 0.1549999999999999989, -1.000000000000000000 ) ) ;
#1247 = AXIS2_PLACEMENT_3D ( 'NONE', #1564, #1284, #71 ) ;
#1248 = ORIENTED_EDGE ( 'NONE', *, *, #4513, .T. ) ;
#1249 = VECTOR ( 'NONE', #1827, 1000.000000000000000 ) ;
#1250 = DIRECTION ( 'NONE',  ( -1.858632295689436595E-16, 0.000000000000000000, -1.000000000000000000 ) ) ;
#1251 = FACE_OUTER_BOUND ( 'NONE', #2128, .T. ) ;
#1252 = DIRECTION ( 'NONE',  ( -0.000000000000000000, -1.000000000000000000, -0.000000000000000000 ) ) ;
#1253 = VERTEX_POINT ( 'NONE', #4794 ) ;
#1254 = ORIENTED_EDGE ( 'NONE', *, *, #2178, .T. ) ;
#1255 = VERTEX_POINT ( 'NONE', #3937 ) ;
#1256 = CARTESIAN_POINT ( 'NONE',  ( -0.8381264267612491548, 1.000000000000000222, 0.6275057070449947538 ) ) ;
#1257 = FACE_OUTER_BOUND ( 'NONE', #2359, .T. ) ;
#1258 = EDGE_LOOP ( 'NONE', ( #2858, #114, #1279, #875 ) ) ;
#1259 = ADVANCED_FACE ( 'NONE', ( #1932 ), #3545, .F. ) ;
#1260 = ORIENTED_EDGE ( 'NONE', *, *, #734, .F. ) ;
#1261 = PLANE ( 'NONE',  #3080 ) ;
#1262 = VECTOR ( 'NONE', #325, 1000.000000000000000 ) ;
#1263 = CYLINDRICAL_SURFACE ( 'NONE', #3564, 0.1000000000000000472 ) ;
#1264 = CARTESIAN_POINT ( 'NONE',  ( 0.8381264267612483776, 1.000000000000000222, 0.6275057070449943097 ) ) ;
#1265 = CARTESIAN_POINT ( 'NONE',  ( 0.4999999999999997780, 0.000000000000000000, 0.9000000000000001332 ) ) ;
#1266 = DIRECTION ( 'NONE',  ( 3.097720492815726673E-16, -0.000000000000000000, 1.000000000000000000 ) ) ;
#1267 =( NAMED_UNIT ( * ) PLANE_ANGLE_UNIT ( ) SI_UNIT ( $, .RADIAN. ) );
#1268 = LINE ( 'NONE', #2073, #745 ) ;
#1269 = AXIS2_PLACEMENT_3D ( 'NONE', #3366, #1419, #1395 ) ;
#1270 = LINE ( 'NONE', #2138, #1195 ) ;
#1271 = EDGE_CURVE ( 'NONE', #2328, #1497, #3910, .T. ) ;
#1272 = ORIENTED_EDGE ( 'NONE', *, *, #461, .T. ) ;
#1273 = CARTESIAN_POINT ( 'NONE',  ( 0.1499999999999999112, 0.000000000000000000, 0.5499999999999999334 ) ) ;
#1274 = CARTESIAN_POINT ( 'NONE',  ( -0.5000000000000002220, 0.1000000000000000056, -0.9000000000000000222 ) ) ;
#1275 = DIRECTION ( 'NONE',  ( 1.000000000000000000, -0.000000000000000000, -3.097720492815728645E-16 ) ) ;
#1276 = CIRCLE ( 'NONE', #1435, 0.1499999999999999667 ) ;
#1277 = EDGE_CURVE ( 'NONE', #628, #2638, #5111, .T. ) ;
#1278 = ORIENTED_EDGE ( 'NONE', *, *, #386, .T. ) ;
#1279 = ORIENTED_EDGE ( 'NONE', *, *, #2254, .T. ) ;
#1280 = EDGE_CURVE ( 'NONE', #5099, #3108, #1595, .T. ) ;
#1281 = VERTEX_POINT ( 'NONE', #2731 ) ;
#1282 = AXIS2_PLACEMENT_3D ( 'NONE', #4435, #3283, #4852 ) ;
#1283 = CARTESIAN_POINT ( 'NONE',  ( 0.8658470869120795665, 0.9153879178407247075, 0.7384957127788254194 ) ) ;
#1284 = DIRECTION ( 'NONE',  ( 3.097720492815728645E-16, 0.000000000000000000, -1.000000000000000000 ) ) ;
#1285 = VECTOR ( 'NONE', #2351, 1000.000000000000000 ) ;
#1286 = ORIENTED_EDGE ( 'NONE', *, *, #4052, .F. ) ;
#1287 = ORIENTED_EDGE ( 'NONE', *, *, #1121, .T. ) ;
#1288 = CARTESIAN_POINT ( 'NONE',  ( 0.7999999999999997113, 0.000000000000000000, 0.9000000000000000222 ) ) ;
#1289 = FACE_OUTER_BOUND ( 'NONE', #195, .T. ) ;
#1290 = CARTESIAN_POINT ( 'NONE',  ( -0.8750000000000004441, 0.8000000000000000444, 0.7250000000000000888 ) ) ;
#1291 = FACE_OUTER_BOUND ( 'NONE', #3586, .T. ) ;
#1292 = PLANE ( 'NONE',  #3088 ) ;
#1293 = ADVANCED_FACE ( 'NONE', ( #2 ), #359, .F. ) ;
#1294 = CIRCLE ( 'NONE', #3706, 0.1000000000000000472 ) ;
#1295 = DIRECTION ( 'NONE',  ( 0.000000000000000000, 1.000000000000000000, 0.000000000000000000 ) ) ;
#1296 = CARTESIAN_POINT ( 'NONE',  ( 0.8750000000000001110, 4.570019455179279433, 0.7250000000000000888 ) ) ;
#1297 = EDGE_LOOP ( 'NONE', ( #1358, #4432, #3245, #520 ) ) ;
#1298 = CARTESIAN_POINT ( 'NONE',  ( -0.8000000000000001554, 0.000000000000000000, 0.000000000000000000 ) ) ;
#1299 = EDGE_CURVE ( 'NONE', #223, #1037, #5011, .T. ) ;
#1300 = FACE_OUTER_BOUND ( 'NONE', #1027, .T. ) ;
#1301 = DIRECTION ( 'NONE',  ( 0.000000000000000000, 1.000000000000000000, 0.000000000000000000 ) ) ;
#1302 = DIRECTION ( 'NONE',  ( -1.000000000000000000, -0.000000000000000000, -0.000000000000000000 ) ) ;
#1303 = DIRECTION ( 'NONE',  ( -3.097720492815726673E-16, 0.000000000000000000, -1.000000000000000000 ) ) ;
#1304 = EDGE_CURVE ( 'NONE', #4555, #2432, #3126, .T. ) ;
#1305 = EDGE_LOOP ( 'NONE', ( #4085, #4939, #1887, #4919 ) ) ;
#1306 = VERTEX_POINT ( 'NONE', #1185 ) ;
#1307 = ORIENTED_EDGE ( 'NONE', *, *, #3953, .F. ) ;
#1308 = EDGE_CURVE ( 'NONE', #480, #4271, #433, .T. ) ;
#1309 = CARTESIAN_POINT ( 'NONE',  ( 0.8736984881884004572, 0.8392632375084070340, 0.7210954645652010164 ) ) ;
#1310 = ORIENTED_EDGE ( 'NONE', *, *, #1815, .F. ) ;
#1311 = ORIENTED_EDGE ( 'NONE', *, *, #639, .F. ) ;
#1312 = CARTESIAN_POINT ( 'NONE',  ( -0.5000000000000000000, 0.1000000000000000056, -0.5499999999999999334 ) ) ;
#1313 = PLANE ( 'NONE',  #5066 ) ;
#1314 = FACE_OUTER_BOUND ( 'NONE', #2642, .T. ) ;
#1315 = DIRECTION ( 'NONE',  ( 0.000000000000000000, 1.000000000000000000, 0.000000000000000000 ) ) ;
#1316 = CARTESIAN_POINT ( 'NONE',  ( 1.249999999999999778, 0.1549999999999999989, 0.000000000000000000 ) ) ;
#1317 = LINE ( 'NONE', #963, #2552 ) ;
#1318 = DIRECTION ( 'NONE',  ( -0.000000000000000000, -0.000000000000000000, -1.000000000000000000 ) ) ;
#1319 = ORIENTED_EDGE ( 'NONE', *, *, #1600, .F. ) ;
#1320 = CARTESIAN_POINT ( 'NONE',  ( -0.8000000000000001554, 0.000000000000000000, -0.9000000000000000222 ) ) ;
#1321 = CARTESIAN_POINT ( 'NONE',  ( -1.075000000000000178, 0.1449999999999999900, 0.6250000000000001110 ) ) ;
#1322 = CARTESIAN_POINT ( 'NONE',  ( -0.8750000000000001110, 0.3550000000000002598, 0.8750000000000001110 ) ) ;
#1323 = CARTESIAN_POINT ( 'NONE',  ( -1.011674762674021677, 0.8884200188017131739, -0.7616747626740210109 ) ) ;
#1324 = AXIS2_PLACEMENT_3D ( 'NONE', #160, #2113, #537 ) ;
#1325 = EDGE_LOOP ( 'NONE', ( #3325, #1727, #1559, #4086 ) ) ;
#1326 = AXIS2_PLACEMENT_3D ( 'NONE', #3569, #4795, #2340 ) ;
#1327 = ORIENTED_EDGE ( 'NONE', *, *, #828, .F. ) ;
#1328 = ORIENTED_EDGE ( 'NONE', *, *, #2587, .F. ) ;
#1329 = LINE ( 'NONE', #1723, #3419 ) ;
#1330 = CARTESIAN_POINT ( 'NONE',  ( -0.8750000000000004441, 0.2550000000000003930, 0.8164213562373096034 ) ) ;
#1331 = ORIENTED_EDGE ( 'NONE', *, *, #4610, .T. ) ;
#1332 = ADVANCED_FACE ( 'NONE', ( #1623 ), #2754, .F. ) ;
#1333 = ORIENTED_EDGE ( 'NONE', *, *, #2663, .T. ) ;
#1334 = FACE_OUTER_BOUND ( 'NONE', #3539, .T. ) ;
#1335 = CARTESIAN_POINT ( 'NONE',  ( 0.8749999999999996669, 0.2550000000000000044, 0.8249999999999997335 ) ) ;
#1336 = DIRECTION ( 'NONE',  ( 1.000000000000000000, -0.000000000000000000, 0.000000000000000000 ) ) ;
#1337 = PLANE ( 'NONE',  #662 ) ;
#1338 = ADVANCED_FACE ( 'NONE', ( #3960 ), #3568, .F. ) ;
#1339 =( BOUNDED_SURFACE ( )  B_SPLINE_SURFACE ( 3, 2, ( 
 ( #1290, #3330, #4464 ),
 ( #2112, #1730, #4905 ),
 ( #4539, #488, #2964 ),
 ( #3461, #4974, #5050 ),
 ( #3776, #3825, #3015 ),
 ( #253, #2572, #1483 ),
 ( #4562, #4616, #2645 ),
 ( #279, #637, #1075 ) ),
 .UNSPECIFIED., .F., .F., .F. ) 
 B_SPLINE_SURFACE_WITH_KNOTS ( ( 4, 2, 2, 4 ),
 ( 3, 3 ),
 ( 6.283185307179586232, 6.675884388878310816, 7.068583470577034511, 7.853981633974482790 ),
 ( 0.000000000000000000, 1.000000000000000000 ),
 .UNSPECIFIED. ) 
 GEOMETRIC_REPRESENTATION_ITEM ( )  RATIONAL_B_SPLINE_SURFACE ( (
 ( 1.000000000000000000, 0.7071067811865475727, 1.000000000000000000),
 ( 1.000000000000000000, 0.7066683472211358064, 1.000000000000000000),
 ( 1.000000000000000000, 0.7265616048778429370, 1.000000000000000000),
 ( 1.000000000000000000, 0.7876686348193606690, 1.000000000000000000),
 ( 1.000000000000000000, 0.8282440749015845816, 1.000000000000000000),
 ( 1.000000000000000000, 0.9415880615501444062, 1.000000000000000000),
 ( 1.000000000000000000, 1.002684731167226229, 1.000000000000000000),
 ( 1.000000000000000000, 1.000000000000000000, 1.000000000000000000) ) ) 
 REPRESENTATION_ITEM ( '' )  SURFACE ( )  );
#1340 = EDGE_CURVE ( 'NONE', #1458, #4371, #1438, .T. ) ;
#1341 = DIRECTION ( 'NONE',  ( -0.000000000000000000, 0.000000000000000000, -1.000000000000000000 ) ) ;
#1342 = DIRECTION ( 'NONE',  ( -0.000000000000000000, -1.000000000000000000, -0.000000000000000000 ) ) ;
#1343 = AXIS2_PLACEMENT_3D ( 'NONE', #3500, #4704, #1140 ) ;
#1344 = CARTESIAN_POINT ( 'NONE',  ( 0.4249999999999998224, 1.000000000000000000, 0.02500000000000006384 ) ) ;
#1345 = EDGE_LOOP ( 'NONE', ( #4402, #4966, #2226, #1211 ) ) ;
#1346 = AXIS2_PLACEMENT_3D ( 'NONE', #757, #4256, #706 ) ;
#1347 = DIRECTION ( 'NONE',  ( 1.084202172485502659E-15, -1.084202172485502659E-15, 1.000000000000000000 ) ) ;
#1348 = FACE_OUTER_BOUND ( 'NONE', #4502, .T. ) ;
#1349 = CARTESIAN_POINT ( 'NONE',  ( -1.025000000000000577, 0.8000000000000000444, -0.6250000000000000000 ) ) ;
#1350 = CIRCLE ( 'NONE', #1769, 0.1000000000000000472 ) ;
#1351 = ORIENTED_EDGE ( 'NONE', *, *, #1796, .F. ) ;
#1352 = ORIENTED_EDGE ( 'NONE', *, *, #43, .F. ) ;
#1353 = VERTEX_POINT ( 'NONE', #4377 ) ;
#1354 = VECTOR ( 'NONE', #1004, 1000.000000000000000 ) ;
#1355 = CARTESIAN_POINT ( 'NONE',  ( -0.8750000000000004441, 0.3550000000000002598, 0.7750000000000003553 ) ) ;
#1356 = VECTOR ( 'NONE', #3608, 1000.000000000000000 ) ;
#1357 = VECTOR ( 'NONE', #1473, 1000.000000000000000 ) ;
#1358 = ORIENTED_EDGE ( 'NONE', *, *, #58, .F. ) ;
#1359 = VECTOR ( 'NONE', #55, 1000.000000000000000 ) ;
#1360 = EDGE_LOOP ( 'NONE', ( #1583, #573, #233, #3086 ) ) ;
#1361 = DIRECTION ( 'NONE',  ( 0.000000000000000000, -0.000000000000000000, -1.000000000000000000 ) ) ;
#1362 = DIRECTION ( 'NONE',  ( 0.000000000000000000, -1.000000000000000000, 0.000000000000000000 ) ) ;
#1363 = VECTOR ( 'NONE', #2855, 1000.000000000000000 ) ;
#1364 = EDGE_CURVE ( 'NONE', #1253, #2440, #1212, .T. ) ;
#1365 = EDGE_CURVE ( 'NONE', #4629, #674, #822, .T. ) ;
#1366 = DIRECTION ( 'NONE',  ( 1.000000000000000000, -0.000000000000000000, -3.097720492815728645E-16 ) ) ;
#1367 = ADVANCED_FACE ( 'NONE', ( #3623 ), #1235, .T. ) ;
#1368 = DIRECTION ( 'NONE',  ( -1.000000000000000000, 0.000000000000000000, 0.000000000000000000 ) ) ;
#1369 = DIRECTION ( 'NONE',  ( -0.000000000000000000, -1.000000000000000000, -0.000000000000000000 ) ) ;
#1370 = EDGE_CURVE ( 'NONE', #2638, #1227, #1043, .T. ) ;
#1371 = ORIENTED_EDGE ( 'NONE', *, *, #147, .T. ) ;
#1372 = CARTESIAN_POINT ( 'NONE',  ( 0.8749999999999996669, 0.1449999999999999900, -0.8250000000000000666 ) ) ;
#1373 = CARTESIAN_POINT ( 'NONE',  ( 0.9749999999999998668, 0.7999999999999999334, -0.7250000000000001998 ) ) ;
#1374 = PLANE ( 'NONE',  #1713 ) ;
#1375 = PLANE ( 'NONE',  #4270 ) ;
#1376 = ORIENTED_EDGE ( 'NONE', *, *, #2178, .F. ) ;
#1377 = ORIENTED_EDGE ( 'NONE', *, *, #389, .F. ) ;
#1378 = ORIENTED_EDGE ( 'NONE', *, *, #3385, .T. ) ;
#1379 = DIRECTION ( 'NONE',  ( 0.000000000000000000, 0.000000000000000000, 1.000000000000000000 ) ) ;
#1380 = SURFACE_SIDE_STYLE ('',( #2542 ) ) ;
#1381 = ORIENTED_EDGE ( 'NONE', *, *, #110, .T. ) ;
#1382 = EDGE_LOOP ( 'NONE', ( #1660, #4158, #1915, #3870 ) ) ;
#1383 = DIRECTION ( 'NONE',  ( -1.000000000000000000, -0.000000000000000000, 3.097720492815726673E-16 ) ) ;
#1384 = CARTESIAN_POINT ( 'NONE',  ( 0.9749999999999999778, 0.2892174209693614273, 0.6835786437626905077 ) ) ;
#1385 = DIRECTION ( 'NONE',  ( 6.195440985631456303E-16, -0.000000000000000000, 1.000000000000000000 ) ) ;
#1386 = VERTEX_POINT ( 'NONE', #3004 ) ;
#1387 = EDGE_CURVE ( 'NONE', #4972, #4471, #191, .T. ) ;
#1388 = DIRECTION ( 'NONE',  ( -1.000000000000000000, 0.000000000000000000, 0.000000000000000000 ) ) ;
#1389 = PLANE ( 'NONE',  #4431 ) ;
#1390 = DIRECTION ( 'NONE',  ( 0.000000000000000000, 1.000000000000000000, 0.000000000000000000 ) ) ;
#1391 = CARTESIAN_POINT ( 'NONE',  ( 0.000000000000000000, 1.000000000000000000, 0.000000000000000000 ) ) ;
#1392 = CIRCLE ( 'NONE', #3550, 0.1499999999999999667 ) ;
#1393 = EDGE_CURVE ( 'NONE', #2483, #2585, #4485, .T. ) ;
#1394 = VERTEX_POINT ( 'NONE', #4992 ) ;
#1395 = DIRECTION ( 'NONE',  ( 0.000000000000000000, 0.000000000000000000, 1.000000000000000000 ) ) ;
#1396 = PLANE ( 'NONE',  #4622 ) ;
#1397 = LINE ( 'NONE', #2584, #880 ) ;
#1398 = ORIENTED_EDGE ( 'NONE', *, *, #2789, .F. ) ;
#1399 = VERTEX_POINT ( 'NONE', #2202 ) ;
#1400 = ORIENTED_EDGE ( 'NONE', *, *, #3908, .F. ) ;
#1401 = VECTOR ( 'NONE', #5114, 1000.000000000000000 ) ;
#1402 = AXIS2_PLACEMENT_3D ( 'NONE', #4563, #1315, #3705 ) ;
#1403 = CARTESIAN_POINT ( 'NONE',  ( 0.9749999999999998668, 0.7999999999999999334, 0.7250000000000001998 ) ) ;
#1404 = AXIS2_PLACEMENT_3D ( 'NONE', #2368, #4043, #2756 ) ;
#1405 = ORIENTED_EDGE ( 'NONE', *, *, #3291, .T. ) ;
#1406 = VECTOR ( 'NONE', #2862, 1000.000000000000000 ) ;
#1407 = ORIENTED_EDGE ( 'NONE', *, *, #2198, .F. ) ;
#1408 = LINE ( 'NONE', #1128, #503 ) ;
#1409 = CARTESIAN_POINT ( 'NONE',  ( -0.8000000000000001554, 0.1000000000000000056, 0.9000000000000001332 ) ) ;
#1410 = FACE_OUTER_BOUND ( 'NONE', #149, .T. ) ;
#1411 = ADVANCED_FACE ( 'NONE', ( #2915 ), #2063, .F. ) ;
#1412 = ORIENTED_EDGE ( 'NONE', *, *, #1217, .F. ) ;
#1413 = CARTESIAN_POINT ( 'NONE',  ( 1.249999999999999778, 0.000000000000000000, -1.000000000000000444 ) ) ;
#1414 = LINE ( 'NONE', #2994, #3718 ) ;
#1415 = DIRECTION ( 'NONE',  ( 1.000000000000000000, 0.000000000000000000, -3.097720492815726673E-16 ) ) ;
#1416 = DIRECTION ( 'NONE',  ( -1.000000000000000000, 0.000000000000000000, 0.000000000000000000 ) ) ;
#1417 = DIRECTION ( 'NONE',  ( -0.000000000000000000, -0.000000000000000000, 1.000000000000000000 ) ) ;
#1418 = ORIENTED_EDGE ( 'NONE', *, *, #1649, .F. ) ;
#1419 = DIRECTION ( 'NONE',  ( 0.000000000000000000, 1.000000000000000000, 0.000000000000000000 ) ) ;
#1420 = DIRECTION ( 'NONE',  ( 1.000000000000000000, 0.000000000000000000, 0.000000000000000000 ) ) ;
#1421 = CLOSED_SHELL ( 'NONE', ( #1208, #4925, #2345, #346, #2059, #3006 ) ) ;
#1422 = CARTESIAN_POINT ( 'NONE',  ( -0.8750000000000005551, 0.8000000000000001554, -0.6249999999999998890 ) ) ;
#1423 = EDGE_CURVE ( 'NONE', #226, #352, #4877, .T. ) ;
#1424 = CARTESIAN_POINT ( 'NONE',  ( -1.250000000000000222, 0.1449999999999999900, -1.000000000000000000 ) ) ;
#1425 = ORIENTED_EDGE ( 'NONE', *, *, #2786, .T. ) ;
#1426 = CARTESIAN_POINT ( 'NONE',  ( -0.8250000000000005107, 0.9500000000000001776, 0.5749999999999999556 ) ) ;
#1427 = VERTEX_POINT ( 'NONE', #2110 ) ;
#1428 = ADVANCED_FACE ( 'NONE', ( #3650 ), #2496, .F. ) ;
#1429 = VERTEX_POINT ( 'NONE', #247 ) ;
#1430 = ADVANCED_FACE ( 'NONE', ( #3423 ), #1261, .F. ) ;
#1431 = VERTEX_POINT ( 'NONE', #1818 ) ;
#1432 = DIRECTION ( 'NONE',  ( -0.000000000000000000, -0.000000000000000000, -1.000000000000000000 ) ) ;
#1433 = CARTESIAN_POINT ( 'NONE',  ( 0.8750000000000001110, 0.2135786437626907286, 0.8249999999999999556 ) ) ;
#1434 = LINE ( 'NONE', #2726, #3476 ) ;
#1435 = AXIS2_PLACEMENT_3D ( 'NONE', #3411, #2579, #4959 ) ;
#1436 = VERTEX_POINT ( 'NONE', #4091 ) ;
#1437 = DIRECTION ( 'NONE',  ( 0.000000000000000000, 0.000000000000000000, 1.000000000000000000 ) ) ;
#1438 = CIRCLE ( 'NONE', #538, 0.1499999999999999667 ) ;
#1439 = CIRCLE ( 'NONE', #4350, 0.1499999999999999667 ) ;
#1440 = LINE ( 'NONE', #1516, #1471 ) ;
#1441 = ADVANCED_FACE ( 'NONE', ( #1334 ), #105, .F. ) ;
#1442 = DIRECTION ( 'NONE',  ( 0.000000000000000000, 0.000000000000000000, -1.000000000000000000 ) ) ;
#1443 = DIRECTION ( 'NONE',  ( -0.000000000000000000, -1.000000000000000000, -0.000000000000000000 ) ) ;
#1444 = VECTOR ( 'NONE', #2456, 1000.000000000000000 ) ;
#1445 = VERTEX_POINT ( 'NONE', #2089 ) ;
#1446 = CARTESIAN_POINT ( 'NONE',  ( 1.066421356237309492, 0.2550000000000000044, -0.6250000000000000000 ) ) ;
#1447 = PLANE ( 'NONE',  #4499 ) ;
#1448 = DIRECTION ( 'NONE',  ( -0.000000000000000000, -1.000000000000000000, -0.000000000000000000 ) ) ;
#1449 = CARTESIAN_POINT ( 'NONE',  ( 0.1499999999999999667, 0.1000000000000000056, 0.5499999999999999334 ) ) ;
#1450 = EDGE_LOOP ( 'NONE', ( #3611, #1698, #2833, #3978 ) ) ;
#1451 = EDGE_CURVE ( 'NONE', #2391, #3700, #4902, .T. ) ;
#1452 = DIRECTION ( 'NONE',  ( 0.000000000000000000, -0.000000000000000000, -1.000000000000000000 ) ) ;
#1453 = ORIENTED_EDGE ( 'NONE', *, *, #801, .F. ) ;
#1454 = EDGE_CURVE ( 'NONE', #3649, #3794, #129, .T. ) ;
#1455 = DIRECTION ( 'NONE',  ( -0.000000000000000000, -1.000000000000000000, -0.000000000000000000 ) ) ;
#1456 = ORIENTED_EDGE ( 'NONE', *, *, #1124, .T. ) ;
#1457 = EDGE_CURVE ( 'NONE', #2982, #5042, #157, .T. ) ;
#1458 = VERTEX_POINT ( 'NONE', #2836 ) ;
#1459 = CARTESIAN_POINT ( 'NONE',  ( -0.8000000000000001554, 0.1000000000000000056, -0.9000000000000001332 ) ) ;
#1460 = PLANE ( 'NONE',  #2672 ) ;
#1461 = DIRECTION ( 'NONE',  ( 0.000000000000000000, 0.000000000000000000, 1.000000000000000000 ) ) ;
#1462 = ORIENTED_EDGE ( 'NONE', *, *, #2035, .T. ) ;
#1463 = DIRECTION ( 'NONE',  ( -0.000000000000000000, -1.000000000000000000, -0.000000000000000000 ) ) ;
#1464 = CARTESIAN_POINT ( 'NONE',  ( 0.7999999999999999334, 0.1000000000000000056, -0.5499999999999999334 ) ) ;
#1465 = CARTESIAN_POINT ( 'NONE',  ( 1.125000000000000222, 0.3550000000000002598, 0.6250000000000000000 ) ) ;
#1466 = CARTESIAN_POINT ( 'NONE',  ( -0.9750000000000007550, 0.2892174209693617049, 0.6250000000000000000 ) ) ;
#1467 = DIRECTION ( 'NONE',  ( 0.000000000000000000, -0.000000000000000000, 1.000000000000000000 ) ) ;
#1468 = ORIENTED_EDGE ( 'NONE', *, *, #996, .F. ) ;
#1469 = DIRECTION ( 'NONE',  ( 0.000000000000000000, 0.000000000000000000, -1.000000000000000000 ) ) ;
#1470 = CARTESIAN_POINT ( 'NONE',  ( 0.4999999999999997780, 0.000000000000000000, 0.9000000000000001332 ) ) ;
#1471 = VECTOR ( 'NONE', #5084, 1000.000000000000000 ) ;
#1472 = LINE ( 'NONE', #3055, #1202 ) ;
#1473 = DIRECTION ( 'NONE',  ( -0.000000000000000000, 0.000000000000000000, -1.000000000000000000 ) ) ;
#1474 = EDGE_LOOP ( 'NONE', ( #3696, #3723, #2767, #50 ) ) ;
#1475 = CARTESIAN_POINT ( 'NONE',  ( 0.7999999999999999334, 0.000000000000000000, 0.5499999999999999334 ) ) ;
#1476 = VERTEX_POINT ( 'NONE', #1426 ) ;
#1477 = SURFACE_SIDE_STYLE ('',( #2228 ) ) ;
#1478 = CIRCLE ( 'NONE', #2307, 0.1000000000000000472 ) ;
#1479 = ORIENTED_EDGE ( 'NONE', *, *, #4124, .F. ) ;
#1480 = VECTOR ( 'NONE', #310, 1000.000000000000000 ) ;
#1481 = ORIENTED_EDGE ( 'NONE', *, *, #1304, .T. ) ;
#1482 = DIRECTION ( 'NONE',  ( -0.000000000000000000, -1.000000000000000000, -0.000000000000000000 ) ) ;
#1483 = CARTESIAN_POINT ( 'NONE',  ( -0.9032992329321871683, 0.9338328014237777808, 0.6010997443107292115 ) ) ;
#1484 = FACE_OUTER_BOUND ( 'NONE', #4717, .T. ) ;
#1485 = ADVANCED_FACE ( 'NONE', ( #272 ), #2472, .F. ) ;
#1486 = AXIS2_PLACEMENT_3D ( 'NONE', #1590, #2334, #4400 ) ;
#1487 = SURFACE_SIDE_STYLE ('',( #1512 ) ) ;
#1488 = CIRCLE ( 'NONE', #1989, 0.1500000000000000777 ) ;
#1489 = DIRECTION ( 'NONE',  ( -1.000000000000000000, 0.000000000000000000, -3.097720492815728645E-16 ) ) ;
#1490 = CARTESIAN_POINT ( 'NONE',  ( 0.8749999999999996669, 0.1549999999999999989, -0.6250000000000001110 ) ) ;
#1491 = DIRECTION ( 'NONE',  ( 0.000000000000000000, 1.000000000000000000, 0.000000000000000000 ) ) ;
#1492 = CARTESIAN_POINT ( 'NONE',  ( -0.8250000000000002887, 0.9500000000000001776, -0.5749999999999999556 ) ) ;
#1493 = DIRECTION ( 'NONE',  ( 1.000000000000000000, 0.000000000000000000, -0.000000000000000000 ) ) ;
#1494 = DIRECTION ( 'NONE',  ( 1.000000000000000000, -0.000000000000000000, 0.000000000000000000 ) ) ;
#1495 = EDGE_CURVE ( 'NONE', #148, #4530, #434, .T. ) ;
#1496 = EDGE_CURVE ( 'NONE', #2772, #1394, #3254, .T. ) ;
#1497 = VERTEX_POINT ( 'NONE', #1288 ) ;
#1498 = CYLINDRICAL_SURFACE ( 'NONE', #2419, 0.09999999999999982514 ) ;
#1499 = CARTESIAN_POINT ( 'NONE',  ( 0.9499999999999996225, 0.1000000000000000056, 0.1500000000000000777 ) ) ;
#1500 = DIRECTION ( 'NONE',  ( 1.000000000000000000, -0.000000000000000000, 0.000000000000000000 ) ) ;
#1501 = CARTESIAN_POINT ( 'NONE',  ( 0.9849325457345063928, 0.9229101667401123921, -0.6149831364336268980 ) ) ;
#1502 =( BOUNDED_SURFACE ( )  B_SPLINE_SURFACE ( 3, 2, ( 
 ( #4346, #1538, #3198 ),
 ( #4790, #4009, #458 ),
 ( #2774, #3148, #4325 ),
 ( #21, #3929, #2723 ),
 ( #4372, #4740, #1588 ),
 ( #791, #816, #2360 ),
 ( #1256, #2385, #3981 ),
 ( #381, #1229, #2830 ) ),
 .UNSPECIFIED., .F., .F., .T. ) 
 B_SPLINE_SURFACE_WITH_KNOTS ( ( 4, 2, 2, 4 ),
 ( 3, 3 ),
 ( 6.283185307179586232, 6.675884388878310816, 7.068583470577034511, 7.853981633974482790 ),
 ( 0.000000000000000000, 1.000000000000000000 ),
 .UNSPECIFIED. ) 
 GEOMETRIC_REPRESENTATION_ITEM ( )  RATIONAL_B_SPLINE_SURFACE ( (
 ( 1.000000000000000000, 0.7071067811865475727, 1.000000000000000000),
 ( 1.000000000000000000, 0.7066683472211354733, 1.000000000000000000),
 ( 1.000000000000000000, 0.7265616048778432701, 1.000000000000000000),
 ( 1.000000000000000000, 0.7876686348193602250, 1.000000000000000000),
 ( 1.000000000000000000, 0.8282440749015854697, 1.000000000000000000),
 ( 1.000000000000000000, 0.9415880615501426298, 1.000000000000000000),
 ( 1.000000000000000000, 1.002684731167227339, 1.000000000000000000),
 ( 1.000000000000000000, 1.000000000000000000, 1.000000000000000000) ) ) 
 REPRESENTATION_ITEM ( '' )  SURFACE ( )  );
#1503 = VERTEX_POINT ( 'NONE', #5072 ) ;
#1504 = CARTESIAN_POINT ( 'NONE',  ( -0.9758256899734896184, 0.9313901576625992496, 0.6127007730381069939 ) ) ;
#1505 = FILL_AREA_STYLE_COLOUR ( '', #4603 ) ;
#1506 = VERTEX_POINT ( 'NONE', #399 ) ;
#1507 = ORIENTED_EDGE ( 'NONE', *, *, #4900, .T. ) ;
#1508 = DIRECTION ( 'NONE',  ( 0.000000000000000000, -1.000000000000000000, 0.000000000000000000 ) ) ;
#1509 = VECTOR ( 'NONE', #2581, 1000.000000000000000 ) ;
#1510 = CARTESIAN_POINT ( 'NONE',  ( 0.9995676954356172983, 0.8985241007723172579, -0.6185929608384557188 ) ) ;
#1511 = PLANE ( 'NONE',  #3226 ) ;
#1512 = SURFACE_STYLE_FILL_AREA ( #794 ) ;
#1513 = VECTOR ( 'NONE', #2424, 1000.000000000000000 ) ;
#1514 = CARTESIAN_POINT ( 'NONE',  ( 0.000000000000000000, 0.000000000000000000, 0.5499999999999999334 ) ) ;
#1515 = ADVANCED_FACE ( 'NONE', ( #1094 ), #3923, .F. ) ;
#1516 = CARTESIAN_POINT ( 'NONE',  ( 0.4999999999999997780, 0.000000000000000000, 0.000000000000000000 ) ) ;
#1517 = CARTESIAN_POINT ( 'NONE',  ( 0.8509160936253671315, 0.9500000458340787102, -0.6009160936253670204 ) ) ;
#1518 = EDGE_CURVE ( 'NONE', #965, #3794, #682, .T. ) ;
#1519 = CARTESIAN_POINT ( 'NONE',  ( -0.8510997443107296556, 0.9338328014237775587, -0.6532992329321867242 ) ) ;
#1520 = LINE ( 'NONE', #1547, #4066 ) ;
#1521 = VECTOR ( 'NONE', #2903, 1000.000000000000000 ) ;
#1522 = CIRCLE ( 'NONE', #616, 0.1000000000000001027 ) ;
#1523 = ORIENTED_EDGE ( 'NONE', *, *, #1552, .T. ) ;
#1524 = VECTOR ( 'NONE', #2558, 1000.000000000000000 ) ;
#1525 = EDGE_CURVE ( 'NONE', #1429, #1578, #5124, .T. ) ;
#1526 = LINE ( 'NONE', #5118, #3837 ) ;
#1527 = PLANE ( 'NONE',  #4917 ) ;
#1528 = DIRECTION ( 'NONE',  ( -0.000000000000000000, -1.000000000000000000, -0.000000000000000000 ) ) ;
#1529 = AXIS2_PLACEMENT_3D ( 'NONE', #1685, #4442, #2046 ) ;
#1530 = EDGE_CURVE ( 'NONE', #4271, #807, #1533, .T. ) ;
#1531 = CARTESIAN_POINT ( 'NONE',  ( 0.7999999999999999334, 0.1000000000000000056, 0.5499999999999999334 ) ) ;
#1532 = ORIENTED_EDGE ( 'NONE', *, *, #1591, .T. ) ;
#1533 = LINE ( 'NONE', #1871, #1262 ) ;
#1534 = CYLINDRICAL_SURFACE ( 'NONE', #1783, 0.1500000000000000777 ) ;
#1535 = AXIS2_PLACEMENT_3D ( 'NONE', #4328, #5082, #1156 ) ;
#1536 = EDGE_LOOP ( 'NONE', ( #2154, #3697, #557, #2958 ) ) ;
#1537 = ORIENTED_EDGE ( 'NONE', *, *, #3295, .T. ) ;
#1538 = CARTESIAN_POINT ( 'NONE',  ( -1.025000000000000577, 0.7999999999999999334, 0.7750000000000003553 ) ) ;
#1539 = CARTESIAN_POINT ( 'NONE',  ( 1.249999999999999778, 0.000000000000000000, 0.9999999999999997780 ) ) ;
#1540 = CARTESIAN_POINT ( 'NONE',  ( 0.000000000000000000, 0.1449999999999999900, 0.000000000000000000 ) ) ;
#1541 = CARTESIAN_POINT ( 'NONE',  ( 0.1499999999999999667, 0.1000000000000000056, -0.5499999999999999334 ) ) ;
#1542 = ORIENTED_EDGE ( 'NONE', *, *, #3201, .T. ) ;
#1543 = CARTESIAN_POINT ( 'NONE',  ( 0.000000000000000000, 0.000000000000000000, 0.9000000000000001332 ) ) ;
#1544 = CARTESIAN_POINT ( 'NONE',  ( 0.000000000000000000, 0.000000000000000000, 0.9000000000000001332 ) ) ;
#1545 = FACE_OUTER_BOUND ( 'NONE', #2543, .T. ) ;
#1546 = DIRECTION ( 'NONE',  ( -1.000000000000000000, 0.000000000000000000, 0.000000000000000000 ) ) ;
#1547 = CARTESIAN_POINT ( 'NONE',  ( 0.000000000000000000, 0.000000000000000000, -0.9000000000000000222 ) ) ;
#1548 = ORIENTED_EDGE ( 'NONE', *, *, #2277, .F. ) ;
#1549 = DIRECTION ( 'NONE',  ( 0.000000000000000000, 0.000000000000000000, 1.000000000000000000 ) ) ;
#1550 = CARTESIAN_POINT ( 'NONE',  ( 1.125000000000000222, 0.3550000000000002598, -0.6250000000000001110 ) ) ;
#1551 = DIRECTION ( 'NONE',  ( 3.097720492815728645E-16, 0.000000000000000000, -1.000000000000000000 ) ) ;
#1552 = EDGE_CURVE ( 'NONE', #674, #3676, #3087, .T. ) ;
#1553 = FACE_OUTER_BOUND ( 'NONE', #3089, .T. ) ;
#1554 = EDGE_LOOP ( 'NONE', ( #955, #1694, #2491, #4376 ) ) ;
#1555 = PLANE ( 'NONE',  #365 ) ;
#1556 = CIRCLE ( 'NONE', #164, 0.1499999999999999667 ) ;
#1557 = B_SPLINE_CURVE_WITH_KNOTS ( 'NONE', 3,
 ( #3135, #1630, #3575, #3530, #4337, #33, #4804, #1141 ),
 .UNSPECIFIED., .F., .F.,
 ( 4, 2, 2, 4 ),
 ( 0.000000000000000000, 0.2500000000000002776, 0.5000000000000000000, 1.000000000000000000 ),
 .UNSPECIFIED. ) ;
#1558 = FACE_OUTER_BOUND ( 'NONE', #300, .T. ) ;
#1559 = ORIENTED_EDGE ( 'NONE', *, *, #1454, .T. ) ;
#1560 = ORIENTED_EDGE ( 'NONE', *, *, #4482, .T. ) ;
#1561 = ORIENTED_EDGE ( 'NONE', *, *, #3124, .F. ) ;
#1562 = CARTESIAN_POINT ( 'NONE',  ( 1.149999999999999689, 0.000000000000000000, 0.5500000000000000444 ) ) ;
#1563 = DIRECTION ( 'NONE',  ( 0.000000000000000000, -0.000000000000000000, -1.000000000000000000 ) ) ;
#1564 = CARTESIAN_POINT ( 'NONE',  ( 0.4999999999999997780, 0.1000000000000000056, 0.5500000000000000444 ) ) ;
#1565 =( NAMED_UNIT ( * ) SI_UNIT ( $, .STERADIAN. ) SOLID_ANGLE_UNIT ( ) );
#1566 = ORIENTED_EDGE ( 'NONE', *, *, #2093, .F. ) ;
#1567 = DIRECTION ( 'NONE',  ( 1.000000000000000000, 0.000000000000000000, 0.000000000000000000 ) ) ;
#1568 = FACE_OUTER_BOUND ( 'NONE', #1704, .T. ) ;
#1569 = DIRECTION ( 'NONE',  ( -1.000000000000000000, 0.000000000000000000, 3.097720492815728645E-16 ) ) ;
#1570 = CARTESIAN_POINT ( 'NONE',  ( -1.149999999999999911, 0.1000000000000000056, 0.5499999999999999334 ) ) ;
#1571 = DIRECTION ( 'NONE',  ( 0.000000000000000000, 0.000000000000000000, 1.000000000000000000 ) ) ;
#1572 = CIRCLE ( 'NONE', #1163, 0.1000000000000000472 ) ;
#1573 = VECTOR ( 'NONE', #825, 1000.000000000000000 ) ;
#1574 = VECTOR ( 'NONE', #4664, 1000.000000000000000 ) ;
#1575 = PLANE ( 'NONE',  #3965 ) ;
#1576 = CARTESIAN_POINT ( 'NONE',  ( 1.024999999999999911, 0.8000000000000000444, -0.6250000000000001110 ) ) ;
#1577 = CARTESIAN_POINT ( 'NONE',  ( -0.8000000000000001554, 0.1000000000000000056, 0.9000000000000001332 ) ) ;
#1578 = VERTEX_POINT ( 'NONE', #1475 ) ;
#1579 = CYLINDRICAL_SURFACE ( 'NONE', #2503, 0.1499999999999999667 ) ;
#1580 = ADVANCED_FACE ( 'NONE', ( #2714 ), #5016, .T. ) ;
#1581 = FILL_AREA_STYLE ('',( #3194 ) ) ;
#1582 = EDGE_CURVE ( 'NONE', #3810, #2483, #4630, .T. ) ;
#1583 = ORIENTED_EDGE ( 'NONE', *, *, #675, .F. ) ;
#1584 = VERTEX_POINT ( 'NONE', #3031 ) ;
#1585 = VERTEX_POINT ( 'NONE', #4709 ) ;
#1586 = EDGE_CURVE ( 'NONE', #4089, #1955, #214, .T. ) ;
#1587 = AXIS2_PLACEMENT_3D ( 'NONE', #1550, #5093, #2661 ) ;
#1588 = CARTESIAN_POINT ( 'NONE',  ( -0.9849325457345072810, 0.9229101667401120590, 0.6149831364336267869 ) ) ;
#1589 = PLANE ( 'NONE',  #2509 ) ;
#1590 = CARTESIAN_POINT ( 'NONE',  ( 0.9499999999999996225, 0.1000000000000000056, 0.2500000000000001665 ) ) ;
#1591 = EDGE_CURVE ( 'NONE', #891, #318, #3847, .T. ) ;
#1592 = ORIENTED_EDGE ( 'NONE', *, *, #1681, .F. ) ;
#1593 = ORIENTED_EDGE ( 'NONE', *, *, #1271, .F. ) ;
#1594 = COLOUR_RGB ( '',0.8627450980392157298, 0.5882352941176470784, 0.06274509803921568540 ) ;
#1595 = LINE ( 'NONE', #2366, #1198 ) ;
#1596 = DIRECTION ( 'NONE',  ( 0.000000000000000000, -1.000000000000000000, 0.000000000000000000 ) ) ;
#1597 = DIRECTION ( 'NONE',  ( 1.000000000000000000, 0.000000000000000000, 3.097720492815726673E-16 ) ) ;
#1598 = LINE ( 'NONE', #3654, #3730 ) ;
#1599 = DIRECTION ( 'NONE',  ( 0.000000000000000000, 1.000000000000000000, 0.000000000000000000 ) ) ;
#1600 = EDGE_CURVE ( 'NONE', #4116, #789, #302, .T. ) ;
#1601 = VECTOR ( 'NONE', #847, 1000.000000000000000 ) ;
#1602 = CARTESIAN_POINT ( 'NONE',  ( 0.8749999999999998890, 0.2135786437626905898, -0.8250000000000001776 ) ) ;
#1603 = DIRECTION ( 'NONE',  ( 0.000000000000000000, 0.000000000000000000, 1.000000000000000000 ) ) ;
#1604 = LINE ( 'NONE', #397, #135 ) ;
#1605 = CIRCLE ( 'NONE', #4515, 0.2499999999999999445 ) ;
#1606 = CIRCLE ( 'NONE', #4517, 0.1499999999999999667 ) ;
#1607 = ORIENTED_EDGE ( 'NONE', *, *, #304, .F. ) ;
#1608 = DIRECTION ( 'NONE',  ( -0.000000000000000000, 0.000000000000000000, 1.000000000000000000 ) ) ;
#1609 = MECHANICAL_DESIGN_GEOMETRIC_PRESENTATION_REPRESENTATION (  '', ( #134 ), #3852 ) ;
#1610 = DIRECTION ( 'NONE',  ( 0.000000000000000000, 0.000000000000000000, 1.000000000000000000 ) ) ;
#1611 = CARTESIAN_POINT ( 'NONE',  ( -0.9560683951881857601, 0.8755417922011201615, 0.6186894650627287051 ) ) ;
#1612 = CARTESIAN_POINT ( 'NONE',  ( -0.8750000000000002220, 0.1449999999999999900, 0.6250000000000001110 ) ) ;
#1613 = VERTEX_POINT ( 'NONE', #4659 ) ;
#1614 = VERTEX_POINT ( 'NONE', #3505 ) ;
#1615 = ADVANCED_FACE ( 'NONE', ( #2667 ), #1894, .F. ) ;
#1616 = EDGE_LOOP ( 'NONE', ( #5128, #1405, #531, #224 ) ) ;
#1617 = CARTESIAN_POINT ( 'NONE',  ( -0.8750000000000002220, 0.1549999999999999989, -0.8750000000000000000 ) ) ;
#1618 = CARTESIAN_POINT ( 'NONE',  ( 0.000000000000000000, 0.000000000000000000, 0.000000000000000000 ) ) ;
#1619 = CARTESIAN_POINT ( 'NONE',  ( -1.025000000000000355, 0.3550000000000002598, -0.6249999999999997780 ) ) ;
#1620 = ORIENTED_EDGE ( 'NONE', *, *, #3579, .F. ) ;
#1621 = ADVANCED_FACE ( 'NONE', ( #3479 ), #2280, .F. ) ;
#1622 = EDGE_LOOP ( 'NONE', ( #813, #4269, #4309, #3421 ) ) ;
#1623 = FACE_OUTER_BOUND ( 'NONE', #738, .T. ) ;
#1624 = CARTESIAN_POINT ( 'NONE',  ( 0.8749999999999998890, 0.3550000000000002598, -0.7750000000000001332 ) ) ;
#1625 = FACE_OUTER_BOUND ( 'NONE', #3587, .T. ) ;
#1626 = DIRECTION ( 'NONE',  ( -0.000000000000000000, -1.000000000000000000, 0.000000000000000000 ) ) ;
#1627 = CARTESIAN_POINT ( 'NONE',  ( -0.1500000000000001887, 0.1000000000000000056, 0.5499999999999999334 ) ) ;
#1628 = CARTESIAN_POINT ( 'NONE',  ( 0.9921572875253812374, 0.2135786437626905898, -0.8250000000000003997 ) ) ;
#1629 = CYLINDRICAL_SURFACE ( 'NONE', #3224, 0.1999999999999999833 ) ;
#1630 = CARTESIAN_POINT ( 'NONE',  ( 0.8749999869108165962, 0.8196377019586383872, 0.7250000000000000888 ) ) ;
#1631 = ORIENTED_EDGE ( 'NONE', *, *, #2951, .T. ) ;
#1632 = DIRECTION ( 'NONE',  ( 3.097720492815728645E-16, -0.000000000000000000, 1.000000000000000000 ) ) ;
#1633 = DIRECTION ( 'NONE',  ( 0.000000000000000000, -1.000000000000000000, 0.000000000000000000 ) ) ;
#1634 = LINE ( 'NONE', #1717, #141 ) ;
#1635 = DIRECTION ( 'NONE',  ( -0.000000000000000000, -1.000000000000000000, -0.000000000000000000 ) ) ;
#1636 = ADVANCED_FACE ( 'NONE', ( #2696 ), #1555, .F. ) ;
#1637 = ORIENTED_EDGE ( 'NONE', *, *, #2589, .F. ) ;
#1638 = VERTEX_POINT ( 'NONE', #1273 ) ;
#1639 = ORIENTED_EDGE ( 'NONE', *, *, #2292, .T. ) ;
#1640 = DIRECTION ( 'NONE',  ( -0.000000000000000000, -1.000000000000000000, -0.000000000000000000 ) ) ;
#1641 = DIRECTION ( 'NONE',  ( 1.000000000000000000, 0.000000000000000000, -1.734723475976807094E-16 ) ) ;
#1642 = VECTOR ( 'NONE', #3236, 1000.000000000000000 ) ;
#1643 = ORIENTED_EDGE ( 'NONE', *, *, #1210, .F. ) ;
#1644 = VERTEX_POINT ( 'NONE', #2433 ) ;
#1645 = DIRECTION ( 'NONE',  ( -1.084202172485505223E-15, 0.000000000000000000, 1.000000000000000000 ) ) ;
#1646 = DIRECTION ( 'NONE',  ( 0.000000000000000000, 0.000000000000000000, 1.000000000000000000 ) ) ;
#1647 = CARTESIAN_POINT ( 'NONE',  ( 0.8736984881884004572, 0.8523509833445427342, 0.7697939527536012960 ) ) ;
#1648 = FACE_OUTER_BOUND ( 'NONE', #2617, .T. ) ;
#1649 = EDGE_CURVE ( 'NONE', #3642, #3700, #3177, .T. ) ;
#1650 = FACE_OUTER_BOUND ( 'NONE', #483, .T. ) ;
#1651 = AXIS2_PLACEMENT_3D ( 'NONE', #3160, #1656, #4859 ) ;
#1652 = CARTESIAN_POINT ( 'NONE',  ( 0.8381264267612483776, 0.9500000000000000666, -0.6143792802837457767 ) ) ;
#1653 = VECTOR ( 'NONE', #1390, 1000.000000000000000 ) ;
#1654 = VECTOR ( 'NONE', #3021, 1000.000000000000000 ) ;
#1655 = EDGE_CURVE ( 'NONE', #2230, #494, #3253, .T. ) ;
#1656 = DIRECTION ( 'NONE',  ( 1.000000000000000000, -0.000000000000000000, 6.195440985631456303E-16 ) ) ;
#1657 = PLANE ( 'NONE',  #1864 ) ;
#1658 = ADVANCED_FACE ( 'NONE', ( #2458 ), #1223, .F. ) ;
#1659 = AXIS2_PLACEMENT_3D ( 'NONE', #1207, #4768, #2776 ) ;
#1660 = ORIENTED_EDGE ( 'NONE', *, *, #828, .T. ) ;
#1661 = CARTESIAN_POINT ( 'NONE',  ( -0.8250000000000002887, 1.000000000000000000, -0.5749999999999998446 ) ) ;
#1662 = DIRECTION ( 'NONE',  ( -0.000000000000000000, -1.000000000000000000, -0.000000000000000000 ) ) ;
#1663 = CYLINDRICAL_SURFACE ( 'NONE', #3185, 0.1999999999999999833 ) ;
#1664 = CARTESIAN_POINT ( 'NONE',  ( -0.9750000000000007550, 0.8000000000000000444, 0.6250000000000001110 ) ) ;
#1665 = CARTESIAN_POINT ( 'NONE',  ( 0.8749999999999998890, 0.2550000000000001710, 0.8749999999999997780 ) ) ;
#1666 = ORIENTED_EDGE ( 'NONE', *, *, #3967, .F. ) ;
#1667 = ORIENTED_EDGE ( 'NONE', *, *, #3203, .F. ) ;
#1668 = EDGE_CURVE ( 'NONE', #2440, #1638, #4808, .T. ) ;
#1669 = ORIENTED_EDGE ( 'NONE', *, *, #870, .F. ) ;
#1670 = CARTESIAN_POINT ( 'NONE',  ( 0.8685929608384557188, 0.8985241007723832052, 0.7495676954355799948 ) ) ;
#1671 = CARTESIAN_POINT ( 'NONE',  ( -0.8750000000000003331, 0.3550000000000002598, -0.7750000000000001332 ) ) ;
#1672 = CARTESIAN_POINT ( 'NONE',  ( 0.7999999999999999334, 0.1000000000000000056, -0.5499999999999999334 ) ) ;
#1673 = ORIENTED_EDGE ( 'NONE', *, *, #675, .T. ) ;
#1674 = ORIENTED_EDGE ( 'NONE', *, *, #903, .T. ) ;
#1675 = DIRECTION ( 'NONE',  ( 0.000000000000000000, 0.000000000000000000, -1.000000000000000000 ) ) ;
#1676 = DIRECTION ( 'NONE',  ( 3.097720492815728645E-16, 0.000000000000000000, -1.000000000000000000 ) ) ;
#1677 = CARTESIAN_POINT ( 'NONE',  ( 0.8573284999287822394, 1.000000073181745108, 0.6073284999287825725 ) ) ;
#1678 = LINE ( 'NONE', #489, #2975 ) ;
#1679 = CARTESIAN_POINT ( 'NONE',  ( -0.8750000000000003331, 0.2135786437626907841, -0.6250000000000001110 ) ) ;
#1680 = EDGE_CURVE ( 'NONE', #1255, #128, #2484, .T. ) ;
#1681 = EDGE_CURVE ( 'NONE', #1794, #4060, #4445, .T. ) ;
#1682 = DIRECTION ( 'NONE',  ( 1.000000000000000000, 0.000000000000000000, -3.097720492815726673E-16 ) ) ;
#1683 = DIRECTION ( 'NONE',  ( 0.000000000000000000, 1.000000000000000000, -0.000000000000000000 ) ) ;
#1684 = VECTOR ( 'NONE', #4318, 1000.000000000000000 ) ;
#1685 = CARTESIAN_POINT ( 'NONE',  ( 0.8750000000000001110, 0.3550000000000002598, -0.6250000000000001110 ) ) ;
#1686 = ADVANCED_FACE ( 'NONE', ( #4054 ), #63, .F. ) ;
#1687 = ORIENTED_EDGE ( 'NONE', *, *, #3210, .F. ) ;
#1688 = CARTESIAN_POINT ( 'NONE',  ( 0.8557311068451219915, 0.9576220459737514457, -0.6982296464374636580 ) ) ;
#1689 = CARTESIAN_POINT ( 'NONE',  ( 0.9499999999999996225, 0.1000000000000000056, 0.3500000000000002554 ) ) ;
#1690 = DIRECTION ( 'NONE',  ( -0.000000000000000000, -1.000000000000000000, 0.000000000000000000 ) ) ;
#1691 = DIRECTION ( 'NONE',  ( 1.000000000000000000, -0.000000000000000000, -3.097720492815726673E-16 ) ) ;
#1692 = ADVANCED_FACE ( 'NONE', ( #2078 ), #1579, .F. ) ;
#1693 = VECTOR ( 'NONE', #2577, 1000.000000000000000 ) ;
#1694 = ORIENTED_EDGE ( 'NONE', *, *, #2884, .T. ) ;
#1695 = VERTEX_POINT ( 'NONE', #2875 ) ;
#1696 = AXIS2_PLACEMENT_3D ( 'NONE', #2187, #2624, #2212 ) ;
#1697 = PRESENTATION_LAYER_ASSIGNMENT (  '', '', ( #2104 ) ) ;
#1698 = ORIENTED_EDGE ( 'NONE', *, *, #3346, .F. ) ;
#1699 = VECTOR ( 'NONE', #4699, 1000.000000000000000 ) ;
#1700 = FILL_AREA_STYLE_COLOUR ( '', #3340 ) ;
#1701 = CARTESIAN_POINT ( 'NONE',  ( 0.9449494093008797835, 0.8921826250550843884, 0.6149831364336268980 ) ) ;
#1702 = VECTOR ( 'NONE', #4601, 1000.000000000000000 ) ;
#1703 = VERTEX_POINT ( 'NONE', #521 ) ;
#1704 = EDGE_LOOP ( 'NONE', ( #3774, #3789, #526, #2231 ) ) ;
#1705 = DIRECTION ( 'NONE',  ( 6.195440985631456303E-16, -0.000000000000000000, -1.000000000000000000 ) ) ;
#1706 = DIRECTION ( 'NONE',  ( 0.000000000000000000, 0.000000000000000000, -1.000000000000000000 ) ) ;
#1707 = DIRECTION ( 'NONE',  ( 0.000000000000000000, 0.000000000000000000, 1.000000000000000000 ) ) ;
#1708 = CARTESIAN_POINT ( 'NONE',  ( 0.1499999999999999667, 0.1000000000000000056, 0.5499999999999999334 ) ) ;
#1709 = VECTOR ( 'NONE', #145, 1000.000000000000000 ) ;
#1710 = CARTESIAN_POINT ( 'NONE',  ( -0.8250000000000002887, 1.000000000000000000, -0.5749999999999998446 ) ) ;
#1711 = DIRECTION ( 'NONE',  ( -1.000000000000000000, 0.000000000000000000, 1.734723475976807341E-16 ) ) ;
#1712 = DIRECTION ( 'NONE',  ( 1.000000000000000000, 0.000000000000000000, 0.000000000000000000 ) ) ;
#1713 = AXIS2_PLACEMENT_3D ( 'NONE', #4179, #4497, #990 ) ;
#1714 = ORIENTED_EDGE ( 'NONE', *, *, #985, .F. ) ;
#1715 = CARTESIAN_POINT ( 'NONE',  ( -0.9639807815865834018, 0.9438619308880358272, -0.6097451448534659812 ) ) ;
#1716 = DIRECTION ( 'NONE',  ( -1.000000000000000000, 0.000000000000000000, 0.000000000000000000 ) ) ;
#1717 = CARTESIAN_POINT ( 'NONE',  ( 0.1499999999999999667, 0.1000000000000000056, -0.5499999999999999334 ) ) ;
#1718 = CARTESIAN_POINT ( 'NONE',  ( -0.8749999869108170403, 0.8261836026139262046, -0.7750000000000002442 ) ) ;
#1719 = EDGE_CURVE ( 'NONE', #5123, #1353, #15, .T. ) ;
#1720 = ORIENTED_EDGE ( 'NONE', *, *, #4195, .F. ) ;
#1721 = VERTEX_POINT ( 'NONE', #4757 ) ;
#1722 = ORIENTED_EDGE ( 'NONE', *, *, #4317, .F. ) ;
#1723 = CARTESIAN_POINT ( 'NONE',  ( 0.000000000000000000, 0.000000000000000000, -0.5500000000000000444 ) ) ;
#1724 = CARTESIAN_POINT ( 'NONE',  ( 0.9749987918764225769, 0.8333006713329796922, 0.7249987918764227990 ) ) ;
#1725 = EDGE_CURVE ( 'NONE', #4495, #4295, #2403, .T. ) ;
#1726 = ORIENTED_EDGE ( 'NONE', *, *, #3431, .F. ) ;
#1727 = ORIENTED_EDGE ( 'NONE', *, *, #3888, .T. ) ;
#1728 = CARTESIAN_POINT ( 'NONE',  ( 0.8749999999999996669, 0.2550000000000000044, -0.8750000000000001110 ) ) ;
#1729 = FACE_OUTER_BOUND ( 'NONE', #4008, .T. ) ;
#1730 = CARTESIAN_POINT ( 'NONE',  ( -0.9749987918764234651, 0.8333006713329798032, 0.7249987918764231321 ) ) ;
#1731 = VECTOR ( 'NONE', #2895, 1000.000000000000000 ) ;
#1732 = CARTESIAN_POINT ( 'NONE',  ( -0.9032992329321871683, 0.9338328014237777808, -0.6010997443107292115 ) ) ;
#1733 = LINE ( 'NONE', #4591, #649 ) ;
#1734 = LINE ( 'NONE', #588, #2478 ) ;
#1735 = LINE ( 'NONE', #3735, #1444 ) ;
#1736 = ADVANCED_BREP_SHAPE_REPRESENTATION ( 'BMP280', ( #142, #3659, #3506, #100, #3516, #206, #3551, #217, #1808, #1913, #3621, #2590 ), #699 ) ;
#1737 = CIRCLE ( 'NONE', #4647, 0.2500000000000000000 ) ;
#1738 = ORIENTED_EDGE ( 'NONE', *, *, #4074, .F. ) ;
#1739 = CARTESIAN_POINT ( 'NONE',  ( 0.9560683951881852050, 0.8755417922011198284, -0.6186894650627287051 ) ) ;
#1740 = CARTESIAN_POINT ( 'NONE',  ( 0.9499999999999996225, 0.1000000000000000056, 0.2500000000000001665 ) ) ;
#1741 = CARTESIAN_POINT ( 'NONE',  ( 0.4999999999999997780, 0.1000000000000000056, -0.9000000000000001332 ) ) ;
#1742 = VECTOR ( 'NONE', #742, 1000.000000000000000 ) ;
#1743 = EDGE_LOOP ( 'NONE', ( #2925, #1620, #3369, #836 ) ) ;
#1744 = VECTOR ( 'NONE', #3598, 1000.000000000000000 ) ;
#1745 = ORIENTED_EDGE ( 'NONE', *, *, #3998, .F. ) ;
#1746 = EDGE_CURVE ( 'NONE', #2798, #318, #2920, .T. ) ;
#1747 = ORIENTED_EDGE ( 'NONE', *, *, #4739, .T. ) ;
#1748 = EDGE_CURVE ( 'NONE', #527, #4471, #2791, .T. ) ;
#1749 = DIRECTION ( 'NONE',  ( 6.195440985631455317E-17, -0.000000000000000000, 1.000000000000000000 ) ) ;
#1750 = CARTESIAN_POINT ( 'NONE',  ( 0.8510997443107289895, 0.9338328014237774477, 0.6532992329321869462 ) ) ;
#1751 = VERTEX_POINT ( 'NONE', #2166 ) ;
#1752 = EDGE_CURVE ( 'NONE', #1436, #323, #3762, .T. ) ;
#1753 = VERTEX_POINT ( 'NONE', #1764 ) ;
#1754 = LINE ( 'NONE', #583, #1079 ) ;
#1755 = CARTESIAN_POINT ( 'NONE',  ( -1.025000000000000577, 4.570019455179279433, 0.6250000000000001110 ) ) ;
#1756 = PLANE ( 'NONE',  #2639 ) ;
#1757 = ADVANCED_FACE ( 'NONE', ( #2142 ), #4887, .T. ) ;
#1758 = VECTOR ( 'NONE', #713, 1000.000000000000000 ) ;
#1759 = DIRECTION ( 'NONE',  ( -0.000000000000000000, -1.000000000000000000, -0.000000000000000000 ) ) ;
#1760 = LINE ( 'NONE', #4122, #2803 ) ;
#1761 = FACE_OUTER_BOUND ( 'NONE', #3353, .T. ) ;
#1762 = EDGE_CURVE ( 'NONE', #2155, #3760, #941, .T. ) ;
#1763 = ORIENTED_EDGE ( 'NONE', *, *, #1586, .F. ) ;
#1764 = CARTESIAN_POINT ( 'NONE',  ( 0.1499999999999997446, 0.1000000000000000056, -0.9000000000000000222 ) ) ;
#1765 = VECTOR ( 'NONE', #188, 1000.000000000000000 ) ;
#1766 = PLANE ( 'NONE',  #3264 ) ;
#1767 = DIRECTION ( 'NONE',  ( 1.000000000000000000, 0.000000000000000000, -3.097720492815728645E-16 ) ) ;
#1768 = CARTESIAN_POINT ( 'NONE',  ( -0.9293989772429166463, 0.9784437352317030268, -0.6010997443107292115 ) ) ;
#1769 = AXIS2_PLACEMENT_3D ( 'NONE', #4247, #4197, #5083 ) ;
#1770 = ORIENTED_EDGE ( 'NONE', *, *, #199, .F. ) ;
#1771 = ORIENTED_EDGE ( 'NONE', *, *, #2856, .F. ) ;
#1772 = ORIENTED_EDGE ( 'NONE', *, *, #2443, .T. ) ;
#1773 = CARTESIAN_POINT ( 'NONE',  ( 0.9389241467167789290, 0.9068049837878832120, 0.6889241467167791511 ) ) ;
#1774 = CIRCLE ( 'NONE', #3928, 0.1500000000000000777 ) ;
#1775 = EDGE_CURVE ( 'NONE', #352, #3785, #592, .T. ) ;
#1776 = ORIENTED_EDGE ( 'NONE', *, *, #1582, .F. ) ;
#1777 = EDGE_CURVE ( 'NONE', #3153, #4393, #2195, .T. ) ;
#1778 = VECTOR ( 'NONE', #968, 1000.000000000000000 ) ;
#1779 = ORIENTED_EDGE ( 'NONE', *, *, #3291, .F. ) ;
#1780 = CARTESIAN_POINT ( 'NONE',  ( 0.7999999999999999334, 0.000000000000000000, 0.5499999999999999334 ) ) ;
#1781 = CARTESIAN_POINT ( 'NONE',  ( 0.8750000000000001110, 0.2892174209693614273, 0.7249999999999998668 ) ) ;
#1782 = DIRECTION ( 'NONE',  ( -1.000000000000000000, -0.000000000000000000, -3.097720492815728645E-16 ) ) ;
#1783 = AXIS2_PLACEMENT_3D ( 'NONE', #1200, #16, #2438 ) ;
#1784 = EDGE_CURVE ( 'NONE', #1015, #4460, #219, .T. ) ;
#1785 = CARTESIAN_POINT ( 'NONE',  ( -0.8615566589021176336, 0.9364841338494980238, -0.7212321561556623850 ) ) ;
#1786 = CARTESIAN_POINT ( 'NONE',  ( -1.250000000000000222, 0.1549999999999999989, 1.000000000000000000 ) ) ;
#1787 = CARTESIAN_POINT ( 'NONE',  ( -0.8250000000000005107, 0.8000000000000000444, 0.000000000000000000 ) ) ;
#1788 = LINE ( 'NONE', #5062, #612 ) ;
#1789 = ORIENTED_EDGE ( 'NONE', *, *, #2856, .T. ) ;
#1790 = FILL_AREA_STYLE_COLOUR ( '', #4006 ) ;
#1791 = CARTESIAN_POINT ( 'NONE',  ( -0.1500000000000002165, 0.000000000000000000, 0.9000000000000001332 ) ) ;
#1792 = LINE ( 'NONE', #2197, #5101 ) ;
#1793 = ORIENTED_EDGE ( 'NONE', *, *, #17, .F. ) ;
#1794 = VERTEX_POINT ( 'NONE', #1320 ) ;
#1795 = ORIENTED_EDGE ( 'NONE', *, *, #3744, .F. ) ;
#1796 = EDGE_CURVE ( 'NONE', #2130, #3370, #2952, .T. ) ;
#1797 = VERTEX_POINT ( 'NONE', #3786 ) ;
#1798 = ORIENTED_EDGE ( 'NONE', *, *, #1018, .T. ) ;
#1799 = CARTESIAN_POINT ( 'NONE',  ( -0.9750000000000006439, 0.8196377019586393864, -0.6249999869108165962 ) ) ;
#1800 = DIRECTION ( 'NONE',  ( 3.097720492815726673E-16, -0.000000000000000000, 1.000000000000000000 ) ) ;
#1801 = CARTESIAN_POINT ( 'NONE',  ( 0.7999999999999999334, 0.1000000000000000056, -0.5499999999999999334 ) ) ;
#1802 = ORIENTED_EDGE ( 'NONE', *, *, #1591, .F. ) ;
#1803 = LINE ( 'NONE', #3407, #4602 ) ;
#1804 = EDGE_CURVE ( 'NONE', #3118, #1613, #2902, .T. ) ;
#1805 = CARTESIAN_POINT ( 'NONE',  ( 0.8750000000000001110, 0.7999999999999999334, 0.7250000000000000888 ) ) ;
#1806 = LINE ( 'NONE', #4173, #127 ) ;
#1807 = DIRECTION ( 'NONE',  ( -1.000000000000000000, 0.000000000000000000, 0.000000000000000000 ) ) ;
#1808 = MANIFOLD_SOLID_BREP ( 'Boss-Extrude4[3]', #3164 ) ;
#1809 = CARTESIAN_POINT ( 'NONE',  ( 0.000000000000000000, 0.9499999999999999556, -0.5750000000000000666 ) ) ;
#1810 = ORIENTED_EDGE ( 'NONE', *, *, #2242, .T. ) ;
#1811 = ADVANCED_FACE ( 'NONE', ( #3290 ), #2928, .F. ) ;
#1812 = CARTESIAN_POINT ( 'NONE',  ( 0.4999999999999997780, 0.1000000000000000056, -0.9000000000000001332 ) ) ;
#1813 = DIRECTION ( 'NONE',  ( 0.000000000000000000, 1.000000000000000000, 0.000000000000000000 ) ) ;
#1814 = CARTESIAN_POINT ( 'NONE',  ( 0.9499999999999996225, 0.000000000000000000, 0.2500000000000001665 ) ) ;
#1815 = EDGE_CURVE ( 'NONE', #1497, #2638, #2535, .T. ) ;
#1816 = ORIENTED_EDGE ( 'NONE', *, *, #3458, .T. ) ;
#1817 = ORIENTED_EDGE ( 'NONE', *, *, #2687, .T. ) ;
#1818 = CARTESIAN_POINT ( 'NONE',  ( -1.125000000000000666, 0.2550000000000001710, -0.6249999999999998890 ) ) ;
#1819 = ORIENTED_EDGE ( 'NONE', *, *, #484, .T. ) ;
#1820 = APPLICATION_CONTEXT ( 'automotive_design' ) ;
#1821 = VECTOR ( 'NONE', #1599, 1000.000000000000000 ) ;
#1822 = CIRCLE ( 'NONE', #2554, 0.1999999999999999833 ) ;
#1823 = PRODUCT_CONTEXT ( 'NONE', #2448, 'mechanical' ) ;
#1824 = LINE ( 'NONE', #4810, #3262 ) ;
#1825 = ORIENTED_EDGE ( 'NONE', *, *, #2846, .T. ) ;
#1826 = VERTEX_POINT ( 'NONE', #3343 ) ;
#1827 = DIRECTION ( 'NONE',  ( -0.000000000000000000, -0.000000000000000000, 1.000000000000000000 ) ) ;
#1828 = FACE_OUTER_BOUND ( 'NONE', #1073, .T. ) ;
#1829 = LINE ( 'NONE', #3462, #1905 ) ;
#1830 = VERTEX_POINT ( 'NONE', #4549 ) ;
#1831 = LINE ( 'NONE', #3801, #693 ) ;
#1832 = DIRECTION ( 'NONE',  ( 0.000000000000000000, -0.000000000000000000, -1.000000000000000000 ) ) ;
#1833 = CARTESIAN_POINT ( 'NONE',  ( -0.1500000000000002165, 0.1000000000000000056, -0.9000000000000001332 ) ) ;
#1834 = CARTESIAN_POINT ( 'NONE',  ( -0.9921572875253812374, 0.2135786437626908674, 0.8250000000000000666 ) ) ;
#1835 = CARTESIAN_POINT ( 'NONE',  ( 0.8749999999999998890, 0.2550000000000000044, 0.8249999999999998446 ) ) ;
#1836 = ADVANCED_FACE ( 'NONE', ( #2556 ), #2929, .F. ) ;
#1837 = ADVANCED_FACE ( 'NONE', ( #1866 ), #5036, .F. ) ;
#1838 = EDGE_LOOP ( 'NONE', ( #1371, #915, #844, #1847 ) ) ;
#1839 = AXIS2_PLACEMENT_3D ( 'NONE', #3865, #3415, #1064 ) ;
#1840 = FACE_OUTER_BOUND ( 'NONE', #3299, .T. ) ;
#1841 = CARTESIAN_POINT ( 'NONE',  ( -0.5000000000000002220, 0.000000000000000000, -0.9000000000000000222 ) ) ;
#1842 = CYLINDRICAL_SURFACE ( 'NONE', #3769, 0.1000000000000000472 ) ;
#1843 = EDGE_CURVE ( 'NONE', #900, #3350, #266, .T. ) ;
#1844 = LINE ( 'NONE', #1531, #41 ) ;
#1845 = ORIENTED_EDGE ( 'NONE', *, *, #3488, .F. ) ;
#1846 = DIRECTION ( 'NONE',  ( 1.000000000000000000, 0.000000000000000000, -0.000000000000000000 ) ) ;
#1847 = ORIENTED_EDGE ( 'NONE', *, *, #4126, .F. ) ;
#1848 = EDGE_LOOP ( 'NONE', ( #4624, #2418, #3743, #1425 ) ) ;
#1849 = ORIENTED_EDGE ( 'NONE', *, *, #2722, .F. ) ;
#1850 = PLANE ( 'NONE',  #837 ) ;
#1851 = CARTESIAN_POINT ( 'NONE',  ( 1.074999999999999956, 0.2135786437626907008, 0.7421572875253811263 ) ) ;
#1852 = CARTESIAN_POINT ( 'NONE',  ( 1.249999999999999778, 0.1549999999999999989, 0.9999999999999995559 ) ) ;
#1853 = PRESENTATION_LAYER_ASSIGNMENT (  '', '', ( #289 ) ) ;
#1854 = VECTOR ( 'NONE', #1318, 1000.000000000000000 ) ;
#1855 = ORIENTED_EDGE ( 'NONE', *, *, #5069, .T. ) ;
#1856 = UNCERTAINTY_MEASURE_WITH_UNIT (LENGTH_MEASURE( 1.000000000000000082E-05 ), #249, 'distance_accuracy_value', 'NONE');
#1857 = FACE_OUTER_BOUND ( 'NONE', #2804, .T. ) ;
#1858 = VECTOR ( 'NONE', #1567, 1000.000000000000000 ) ;
#1859 = DIRECTION ( 'NONE',  ( -1.000000000000000000, -0.000000000000000000, 3.097720492815728645E-16 ) ) ;
#1860 = CARTESIAN_POINT ( 'NONE',  ( 0.8649831364336266759, 0.8921826250550843884, -0.6949494093008800055 ) ) ;
#1861 = DIRECTION ( 'NONE',  ( -0.000000000000000000, -1.000000000000000000, -0.000000000000000000 ) ) ;
#1862 = CARTESIAN_POINT ( 'NONE',  ( -0.9558265723222205690, 0.2355061701062373114, 0.7629795897113273995 ) ) ;
#1863 = DIRECTION ( 'NONE',  ( 0.000000000000000000, 0.000000000000000000, -1.000000000000000000 ) ) ;
#1864 = AXIS2_PLACEMENT_3D ( 'NONE', #4910, #2949, #4123 ) ;
#1865 = EDGE_LOOP ( 'NONE', ( #2771, #2180, #432, #4413 ) ) ;
#1866 = FACE_OUTER_BOUND ( 'NONE', #1474, .T. ) ;
#1867 = DIRECTION ( 'NONE',  ( -0.000000000000000000, -1.000000000000000000, 0.000000000000000000 ) ) ;
#1868 = CARTESIAN_POINT ( 'NONE',  ( -0.1500000000000002165, 0.1000000000000000056, 0.5500000000000000444 ) ) ;
#1869 = DIRECTION ( 'NONE',  ( 0.000000000000000000, 0.000000000000000000, -1.000000000000000000 ) ) ;
#1870 = ORIENTED_EDGE ( 'NONE', *, *, #579, .F. ) ;
#1871 = CARTESIAN_POINT ( 'NONE',  ( -0.1500000000000002165, 0.000000000000000000, 0.000000000000000000 ) ) ;
#1872 = ORIENTED_EDGE ( 'NONE', *, *, #1365, .F. ) ;
#1873 = ADVANCED_FACE ( 'NONE', ( #292 ), #3109, .F. ) ;
#1874 =( NAMED_UNIT ( * ) PLANE_ANGLE_UNIT ( ) SI_UNIT ( $, .RADIAN. ) );
#1875 = EDGE_LOOP ( 'NONE', ( #3289, #1819, #4478, #401 ) ) ;
#1876 = EDGE_LOOP ( 'NONE', ( #2568, #5071, #4012, #3792 ) ) ;
#1877 = ADVANCED_FACE ( 'NONE', ( #1943 ), #1498, .F. ) ;
#1878 = DIRECTION ( 'NONE',  ( 0.000000000000000000, 0.000000000000000000, 1.000000000000000000 ) ) ;
#1879 = LINE ( 'NONE', #5078, #3979 ) ;
#1880 = ADVANCED_FACE ( 'NONE', ( #1840 ), #3528, .F. ) ;
#1881 = LINE ( 'NONE', #1413, #2346 ) ;
#1882 = DIRECTION ( 'NONE',  ( 1.000000000000000000, 0.000000000000000000, 0.000000000000000000 ) ) ;
#1883 = CARTESIAN_POINT ( 'NONE',  ( -0.8750000000000003331, 4.570019455179279433, -0.7250000000000000888 ) ) ;
#1884 = CARTESIAN_POINT ( 'NONE',  ( 0.000000000000000000, 0.1449999999999999900, 0.8249999999999998446 ) ) ;
#1885 = CARTESIAN_POINT ( 'NONE',  ( 0.000000000000000000, 0.000000000000000000, 0.000000000000000000 ) ) ;
#1886 = CARTESIAN_POINT ( 'NONE',  ( 1.149999999999999689, 0.1000000000000000056, 0.5500000000000000444 ) ) ;
#1887 = ORIENTED_EDGE ( 'NONE', *, *, #364, .F. ) ;
#1888 = CARTESIAN_POINT ( 'NONE',  ( 1.021446609406726269, 0.2550000000000002820, -0.8750000000000004441 ) ) ;
#1889 = DIRECTION ( 'NONE',  ( 1.000000000000000000, 0.000000000000000000, 0.000000000000000000 ) ) ;
#1890 = CIRCLE ( 'NONE', #4800, 0.09999999999999982514 ) ;
#1891 = DIRECTION ( 'NONE',  ( -1.000000000000000000, -0.000000000000000000, -0.000000000000000000 ) ) ;
#1892 = CARTESIAN_POINT ( 'NONE',  ( 1.024999999999966382, 0.8000000000000000444, 0.6249999552455507423 ) ) ;
#1893 = VERTEX_POINT ( 'NONE', #343 ) ;
#1894 = PLANE ( 'NONE',  #4588 ) ;
#1895 = VECTOR ( 'NONE', #4754, 1000.000000000000000 ) ;
#1896 = ORIENTED_EDGE ( 'NONE', *, *, #4052, .T. ) ;
#1897 = EDGE_CURVE ( 'NONE', #1751, #4114, #942, .T. ) ;
#1898 =( BOUNDED_SURFACE ( )  B_SPLINE_SURFACE ( 3, 3, ( 
 ( #411, #824, #4332, #388 ),
 ( #3181, #4358, #799, #1135 ),
 ( #1160, #2394, #3206, #749 ),
 ( #2809, #1214, #2781, #4405 ) ),
 .UNSPECIFIED., .F., .F., .F. ) 
 B_SPLINE_SURFACE_WITH_KNOTS ( ( 4, 4 ),
 ( 4, 4 ),
 ( 0.000000000000000000, 1.000000000000000000 ),
 ( 0.000000000000000000, 1.000000000000000000 ),
 .UNSPECIFIED. ) 
 GEOMETRIC_REPRESENTATION_ITEM ( )  RATIONAL_B_SPLINE_SURFACE ( (
 ( 1.000000000000000000, 0.8047378541243649375, 0.8047378541243649375, 1.000000000000000000),
 ( 0.8776643872851505046, 0.7062897556652275588, 0.7062897556652275588, 0.8776643872851505046),
 ( 0.8776643872851505046, 0.7062897556652275588, 0.7062897556652275588, 0.8776643872851505046),
 ( 1.000000000000000000, 0.8047378541243649375, 0.8047378541243649375, 1.000000000000000000) ) ) 
 REPRESENTATION_ITEM ( '' )  SURFACE ( )  );
#1899 = ADVANCED_FACE ( 'NONE', ( #2273 ), #3864, .F. ) ;
#1900 = VECTOR ( 'NONE', #2269, 1000.000000000000000 ) ;
#1901 = ORIENTED_EDGE ( 'NONE', *, *, #5056, .F. ) ;
#1902 = CARTESIAN_POINT ( 'NONE',  ( -0.5000000000000000000, 0.000000000000000000, -0.5499999999999999334 ) ) ;
#1903 = CARTESIAN_POINT ( 'NONE',  ( 0.8940864156516975525, 1.000000000000000444, -0.5922716039129247712 ) ) ;
#1904 = LINE ( 'NONE', #661, #1480 ) ;
#1905 = VECTOR ( 'NONE', #3856, 1000.000000000000000 ) ;
#1906 = EDGE_CURVE ( 'NONE', #4996, #1255, #4653, .T. ) ;
#1907 = PLANE ( 'NONE',  #2014 ) ;
#1908 = EDGE_CURVE ( 'NONE', #3874, #148, #1526, .T. ) ;
#1909 = PLANE ( 'NONE',  #4135 ) ;
#1910 = LINE ( 'NONE', #4129, #1524 ) ;
#1911 = CARTESIAN_POINT ( 'NONE',  ( -0.8749999552455428597, 0.8000000000000000444, -0.7249999999999501288 ) ) ;
#1912 = CARTESIAN_POINT ( 'NONE',  ( 0.9499999999999996225, 0.1000000000000000056, 0.2500000000000001665 ) ) ;
#1913 = MANIFOLD_SOLID_BREP ( 'Boss-Extrude4[6]', #952 ) ;
#1914 = DIRECTION ( 'NONE',  ( -0.000000000000000000, -1.000000000000000000, -0.000000000000000000 ) ) ;
#1915 = ORIENTED_EDGE ( 'NONE', *, *, #2751, .T. ) ;
#1916 = CARTESIAN_POINT ( 'NONE',  ( 1.149999999999999689, 0.1000000000000000056, -0.5500000000000000444 ) ) ;
#1917 = PLANE ( 'NONE',  #1343 ) ;
#1918 = CARTESIAN_POINT ( 'NONE',  ( -0.9750000000000006439, 4.570019455179279433, 0.6250000000000001110 ) ) ;
#1919 = LINE ( 'NONE', #3449, #5006 ) ;
#1920 = ORIENTED_EDGE ( 'NONE', *, *, #3045, .F. ) ;
#1921 = VECTOR ( 'NONE', #4042, 1000.000000000000000 ) ;
#1922 = CARTESIAN_POINT ( 'NONE',  ( -1.005711077038079937, 0.8866882571884294739, 0.6201184463531090874 ) ) ;
#1923 =( NAMED_UNIT ( * ) PLANE_ANGLE_UNIT ( ) SI_UNIT ( $, .RADIAN. ) );
#1924 = ORIENTED_EDGE ( 'NONE', *, *, #3888, .F. ) ;
#1925 = ORIENTED_EDGE ( 'NONE', *, *, #1243, .F. ) ;
#1926 = CARTESIAN_POINT ( 'NONE',  ( -0.8250000000000002887, 0.9499999999999999556, -0.5749999999999998446 ) ) ;
#1927 = AXIS2_PLACEMENT_3D ( 'NONE', #1197, #89, #2768 ) ;
#1928 = CARTESIAN_POINT ( 'NONE',  ( 1.125000000000000222, 0.3550000000000002598, 0.6250000000000001110 ) ) ;
#1929 = CARTESIAN_POINT ( 'NONE',  ( -0.8000000000000001554, 0.1000000000000000056, 0.5500000000000000444 ) ) ;
#1930 = ADVANCED_FACE ( 'NONE', ( #2322 ), #1575, .F. ) ;
#1931 = DIRECTION ( 'NONE',  ( 0.000000000000000000, -0.000000000000000000, 1.000000000000000000 ) ) ;
#1932 = FACE_OUTER_BOUND ( 'NONE', #4597, .T. ) ;
#1933 = CARTESIAN_POINT ( 'NONE',  ( 1.024999999999999911, 0.3550000000000002598, 0.6250000000000000000 ) ) ;
#1934 = CARTESIAN_POINT ( 'NONE',  ( -0.8000000000000001554, 0.000000000000000000, 0.9000000000000001332 ) ) ;
#1935 = LINE ( 'NONE', #1884, #1900 ) ;
#1936 = EDGE_CURVE ( 'NONE', #787, #2570, #469, .T. ) ;
#1937 = DIRECTION ( 'NONE',  ( 0.000000000000000000, -0.000000000000000000, -1.000000000000000000 ) ) ;
#1938 = AXIS2_PLACEMENT_3D ( 'NONE', #4791, #4398, #1563 ) ;
#1939 = AXIS2_PLACEMENT_3D ( 'NONE', #4675, #1914, #2686 ) ;
#1940 = AXIS2_PLACEMENT_3D ( 'NONE', #5043, #1455, #3481 ) ;
#1941 = ORIENTED_EDGE ( 'NONE', *, *, #2146, .F. ) ;
#1942 = VECTOR ( 'NONE', #314, 1000.000000000000000 ) ;
#1943 = FACE_OUTER_BOUND ( 'NONE', #1978, .T. ) ;
#1944 = DIRECTION ( 'NONE',  ( 0.000000000000000000, -0.000000000000000000, -1.000000000000000000 ) ) ;
#1945 = CARTESIAN_POINT ( 'NONE',  ( 1.024999999999966382, 0.8000000000000000444, 0.6249999552455507423 ) ) ;
#1946 = VECTOR ( 'NONE', #1991, 1000.000000000000000 ) ;
#1947 = CARTESIAN_POINT ( 'NONE',  ( 1.249999999999999778, 0.1549999999999999989, -1.000000000000000444 ) ) ;
#1948 = ORIENTED_EDGE ( 'NONE', *, *, #2529, .T. ) ;
#1949 = DIRECTION ( 'NONE',  ( -3.097720492815728645E-16, 0.000000000000000000, -1.000000000000000000 ) ) ;
#1950 = DIRECTION ( 'NONE',  ( 0.000000000000000000, 1.000000000000000000, 0.000000000000000000 ) ) ;
#1951 = PRESENTATION_LAYER_ASSIGNMENT (  '', '', ( #4613 ) ) ;
#1952 = ORIENTED_EDGE ( 'NONE', *, *, #1966, .T. ) ;
#1953 = ORIENTED_EDGE ( 'NONE', *, *, #929, .T. ) ;
#1954 = EDGE_CURVE ( 'NONE', #4255, #1015, #3159, .T. ) ;
#1955 = VERTEX_POINT ( 'NONE', #2349 ) ;
#1956 = FACE_OUTER_BOUND ( 'NONE', #2707, .T. ) ;
#1957 = FACE_BOUND ( 'NONE', #509, .T. ) ;
#1958 = CYLINDRICAL_SURFACE ( 'NONE', #1486, 0.1000000000000001027 ) ;
#1959 = CIRCLE ( 'NONE', #152, 0.1500000000000000777 ) ;
#1960 = ORIENTED_EDGE ( 'NONE', *, *, #4323, .T. ) ;
#1961 = LINE ( 'NONE', #4016, #4769 ) ;
#1962 = CARTESIAN_POINT ( 'NONE',  ( -1.125000000000000444, 0.2550000000000000044, 0.6250000000000001110 ) ) ;
#1963 = CYLINDRICAL_SURFACE ( 'NONE', #211, 0.2000000000000000944 ) ;
#1964 = LINE ( 'NONE', #3548, #2140 ) ;
#1965 = CARTESIAN_POINT ( 'NONE',  ( -0.8750000000000004441, 0.8000000000000000444, 0.7250000000000000888 ) ) ;
#1966 = EDGE_CURVE ( 'NONE', #4164, #1070, #4023, .T. ) ;
#1967 = EDGE_CURVE ( 'NONE', #2857, #327, #2930, .T. ) ;
#1968 = DIRECTION ( 'NONE',  ( -1.000000000000000000, -0.000000000000000000, 0.000000000000000000 ) ) ;
#1969 = DIRECTION ( 'NONE',  ( 0.000000000000000000, -1.000000000000000000, -0.000000000000000000 ) ) ;
#1970 = CARTESIAN_POINT ( 'NONE',  ( 0.1499999999999999667, 0.1000000000000000056, 0.5499999999999999334 ) ) ;
#1971 = ADVANCED_FACE ( 'NONE', ( #2842 ), #3994, .T. ) ;
#1972 = EDGE_LOOP ( 'NONE', ( #2141, #3304, #2330, #3388 ) ) ;
#1973 = CARTESIAN_POINT ( 'NONE',  ( -0.8750000000000002220, 0.2550000000000000044, 0.6250000000000001110 ) ) ;
#1974 = ADVANCED_FACE ( 'NONE', ( #2016 ), #3603, .T. ) ;
#1975 =( LENGTH_UNIT ( ) NAMED_UNIT ( * ) SI_UNIT ( .MILLI., .METRE. ) );
#1976 = EDGE_LOOP ( 'NONE', ( #3168, #1468, #2097, #796 ) ) ;
#1977 = VERTEX_POINT ( 'NONE', #2044 ) ;
#1978 = EDGE_LOOP ( 'NONE', ( #307, #2907, #1184, #173 ) ) ;
#1979 = CARTESIAN_POINT ( 'NONE',  ( -0.8800653338226683831, 0.9457209678313143186, -0.6300653338226677169 ) ) ;
#1980 = DIRECTION ( 'NONE',  ( -1.000000000000000000, -0.000000000000000000, 3.097720492815728645E-16 ) ) ;
#1981 = FACE_OUTER_BOUND ( 'NONE', #1875, .T. ) ;
#1982 = ORIENTED_EDGE ( 'NONE', *, *, #3583, .T. ) ;
#1983 = DIRECTION ( 'NONE',  ( 0.000000000000000000, 0.000000000000000000, -1.000000000000000000 ) ) ;
#1984 = CARTESIAN_POINT ( 'NONE',  ( 0.8749999999999998890, 0.2135786437626908119, -0.8250000000000001776 ) ) ;
#1985 = DIRECTION ( 'NONE',  ( -0.000000000000000000, -1.000000000000000000, -0.000000000000000000 ) ) ;
#1986 = LINE ( 'NONE', #1215, #1164 ) ;
#1987 = CARTESIAN_POINT ( 'NONE',  ( -1.149999999999999911, 0.000000000000000000, 0.5499999999999999334 ) ) ;
#1988 = VECTOR ( 'NONE', #1385, 1000.000000000000000 ) ;
#1989 = AXIS2_PLACEMENT_3D ( 'NONE', #2732, #4331, #823 ) ;
#1990 = CARTESIAN_POINT ( 'NONE',  ( -0.8750000000000002220, 0.2135786437626908674, 0.8249999999999999556 ) ) ;
#1991 = DIRECTION ( 'NONE',  ( 0.000000000000000000, 1.000000000000000000, 0.000000000000000000 ) ) ;
#1992 = ADVANCED_FACE ( 'NONE', ( #84 ), #4440, .F. ) ;
#1993 = EDGE_CURVE ( 'NONE', #882, #965, #4858, .T. ) ;
#1994 = EDGE_LOOP ( 'NONE', ( #3499, #1948, #4862, #1201 ) ) ;
#1995 = CARTESIAN_POINT ( 'NONE',  ( 0.8597451448534658702, 0.9438619308880473735, -0.7139807815865718554 ) ) ;
#1996 = DIRECTION ( 'NONE',  ( 0.000000000000000000, 0.000000000000000000, 1.000000000000000000 ) ) ;
#1997 = CARTESIAN_POINT ( 'NONE',  ( -1.250000000000000222, 0.1549999999999999989, 0.000000000000000000 ) ) ;
#1998 = EDGE_CURVE ( 'NONE', #4548, #5007, #962, .T. ) ;
#1999 = ORIENTED_EDGE ( 'NONE', *, *, #1967, .F. ) ;
#2000 = ORIENTED_EDGE ( 'NONE', *, *, #5018, .T. ) ;
#2001 = EDGE_LOOP ( 'NONE', ( #4813, #4523, #477, #4127 ) ) ;
#2002 = VECTOR ( 'NONE', #4626, 1000.000000000000000 ) ;
#2003 = DIRECTION ( 'NONE',  ( 0.000000000000000000, 0.000000000000000000, 1.000000000000000000 ) ) ;
#2004 = FACE_BOUND ( 'NONE', #2717, .T. ) ;
#2005 = FACE_OUTER_BOUND ( 'NONE', #4110, .T. ) ;
#2006 = ORIENTED_EDGE ( 'NONE', *, *, #4219, .F. ) ;
#2007 = ORIENTED_EDGE ( 'NONE', *, *, #1966, .F. ) ;
#2008 = AXIS2_PLACEMENT_3D ( 'NONE', #4679, #4285, #3052 ) ;
#2009 = DIRECTION ( 'NONE',  ( -1.000000000000000000, -0.000000000000000000, 3.097720492815728645E-16 ) ) ;
#2010 = CYLINDRICAL_SURFACE ( 'NONE', #3150, 0.1999999999999999833 ) ;
#2011 = CARTESIAN_POINT ( 'NONE',  ( -0.9750000000000006439, 0.8000000000000000444, 0.000000000000000000 ) ) ;
#2012 = CARTESIAN_POINT ( 'NONE',  ( -0.5000000000000002220, 0.1000000000000000056, -0.9000000000000000222 ) ) ;
#2013 = LINE ( 'NONE', #438, #4680 ) ;
#2014 = AXIS2_PLACEMENT_3D ( 'NONE', #3073, #3043, #1437 ) ;
#2015 = STYLED_ITEM ( 'NONE', ( #3720 ), #1736 ) ;
#2016 = FACE_OUTER_BOUND ( 'NONE', #121, .T. ) ;
#2017 = VECTOR ( 'NONE', #239, 1000.000000000000000 ) ;
#2018 = DIRECTION ( 'NONE',  ( 0.000000000000000000, 0.000000000000000000, -1.000000000000000000 ) ) ;
#2019 = LINE ( 'NONE', #1221, #1035 ) ;
#2020 = VECTOR ( 'NONE', #3467, 1000.000000000000000 ) ;
#2021 = ORIENTED_EDGE ( 'NONE', *, *, #4678, .F. ) ;
#2022 = DIRECTION ( 'NONE',  ( -0.000000000000000000, -1.000000000000000000, -0.000000000000000000 ) ) ;
#2023 = VECTOR ( 'NONE', #708, 1000.000000000000000 ) ;
#2024 = DIRECTION ( 'NONE',  ( -0.000000000000000000, -0.000000000000000000, 1.000000000000000000 ) ) ;
#2025 = CARTESIAN_POINT ( 'NONE',  ( 1.074999999999999734, 0.2135786437626908674, 0.6250000000000000000 ) ) ;
#2026 = ORIENTED_EDGE ( 'NONE', *, *, #2118, .F. ) ;
#2027 = ORIENTED_EDGE ( 'NONE', *, *, #2188, .F. ) ;
#2028 = EDGE_CURVE ( 'NONE', #2201, #4724, #1556, .T. ) ;
#2029 = VERTEX_POINT ( 'NONE', #2530 ) ;
#2030 = B_SPLINE_CURVE_WITH_KNOTS ( 'NONE', 3,
 ( #638, #960, #1732, #3777, #2528, #2945, #2966, #204 ),
 .UNSPECIFIED., .F., .F.,
 ( 4, 2, 2, 4 ),
 ( 0.000000000000000000, 0.5000000000000000000, 0.7499999999999996669, 1.000000000000000000 ),
 .UNSPECIFIED. ) ;
#2031 = CARTESIAN_POINT ( 'NONE',  ( -0.8736984881884009013, 0.8392632375084067009, -0.7210954645652012385 ) ) ;
#2032 = CARTESIAN_POINT ( 'NONE',  ( 0.9749999999999999778, 0.3550000000000002598, -0.6250000000000001110 ) ) ;
#2033 = CARTESIAN_POINT ( 'NONE',  ( -1.125000000000000444, 0.1549999999999999989, 0.6250000000000001110 ) ) ;
#2034 = VERTEX_POINT ( 'NONE', #2504 ) ;
#2035 = EDGE_CURVE ( 'NONE', #4089, #3051, #4172, .T. ) ;
#2036 =( BOUNDED_SURFACE ( )  B_SPLINE_SURFACE ( 3, 3, ( 
 ( #4557, #507, #2107, #4162 ),
 ( #3721, #601, #999, #1330 ),
 ( #4113, #154, #2174, #576 ),
 ( #2910, #2153, #4063, #1355 ) ),
 .UNSPECIFIED., .F., .F., .T. ) 
 B_SPLINE_SURFACE_WITH_KNOTS ( ( 4, 4 ),
 ( 4, 4 ),
 ( 0.000000000000000000, 1.000000000000000000 ),
 ( 0.000000000000000000, 1.000000000000000000 ),
 .UNSPECIFIED. ) 
 GEOMETRIC_REPRESENTATION_ITEM ( )  RATIONAL_B_SPLINE_SURFACE ( (
 ( 1.000000000000000000, 0.8047378541243648264, 0.8047378541243648264, 1.000000000000000000),
 ( 0.8047378541243654926, 0.6476030138606879705, 0.6476030138606879705, 0.8047378541243654926),
 ( 0.8047378541243654926, 0.6476030138606879705, 0.6476030138606879705, 0.8047378541243654926),
 ( 1.000000000000000000, 0.8047378541243648264, 0.8047378541243648264, 1.000000000000000000) ) ) 
 REPRESENTATION_ITEM ( '' )  SURFACE ( )  );
#2037 = ORIENTED_EDGE ( 'NONE', *, *, #3453, .T. ) ;
#2038 = CARTESIAN_POINT ( 'NONE',  ( 0.7999999999999999334, 0.000000000000000000, 0.5499999999999999334 ) ) ;
#2039 = FACE_OUTER_BOUND ( 'NONE', #1062, .T. ) ;
#2040 = CARTESIAN_POINT ( 'NONE',  ( -1.250000000000000222, 0.1449999999999999900, 0.000000000000000000 ) ) ;
#2041 = CARTESIAN_POINT ( 'NONE',  ( 0.9499999999999996225, 0.000000000000000000, 0.1500000000000000777 ) ) ;
#2042 = CARTESIAN_POINT ( 'NONE',  ( 0.4999999999999997780, 0.000000000000000000, -0.9000000000000000222 ) ) ;
#2043 = EDGE_CURVE ( 'NONE', #1721, #3560, #3731, .T. ) ;
#2044 = CARTESIAN_POINT ( 'NONE',  ( 1.249999999999999778, 0.1549999999999999989, 0.9999999999999995559 ) ) ;
#2045 = CARTESIAN_POINT ( 'NONE',  ( -0.8750000000000003331, 4.570019455179279433, -0.7750000000000002442 ) ) ;
#2046 = DIRECTION ( 'NONE',  ( 0.000000000000000000, 0.000000000000000000, -1.000000000000000000 ) ) ;
#2047 = EDGE_CURVE ( 'NONE', #527, #3642, #4491, .T. ) ;
#2048 = VERTEX_POINT ( 'NONE', #2189 ) ;
#2049 = CARTESIAN_POINT ( 'NONE',  ( 1.149999999999999689, 0.1000000000000000056, 0.5500000000000000444 ) ) ;
#2050 = CYLINDRICAL_SURFACE ( 'NONE', #2258, 0.1499999999999999667 ) ;
#2051 = CARTESIAN_POINT ( 'NONE',  ( -0.8750000000000003331, 0.3550000000000002598, -0.7250000000000000888 ) ) ;
#2052 = CARTESIAN_POINT ( 'NONE',  ( 0.8249999999999998446, 0.9499999999999999556, 0.000000000000000000 ) ) ;
#2053 = ORIENTED_EDGE ( 'NONE', *, *, #703, .T. ) ;
#2054 = ORIENTED_EDGE ( 'NONE', *, *, #4267, .T. ) ;
#2055 = ORIENTED_EDGE ( 'NONE', *, *, #4124, .T. ) ;
#2056 = CARTESIAN_POINT ( 'NONE',  ( 0.8422716039128809173, 1.000000000000000222, 0.6440864156515228034 ) ) ;
#2057 = SURFACE_SIDE_STYLE ('',( #2885 ) ) ;
#2058 = CARTESIAN_POINT ( 'NONE',  ( -1.025000000000000577, 0.3550000000000002598, -0.7128679656440357615 ) ) ;
#2059 = ADVANCED_FACE ( 'NONE', ( #4121 ), #936, .F. ) ;
#2060 = ORIENTED_EDGE ( 'NONE', *, *, #3811, .T. ) ;
#2061 = EDGE_CURVE ( 'NONE', #1977, #40, #4908, .T. ) ;
#2062 = ORIENTED_EDGE ( 'NONE', *, *, #1183, .T. ) ;
#2063 = PLANE ( 'NONE',  #2656 ) ;
#2064 = DIRECTION ( 'NONE',  ( -1.000000000000000000, 0.000000000000000000, -0.000000000000000000 ) ) ;
#2065 = CARTESIAN_POINT ( 'NONE',  ( 0.9520347736471977962, 0.9654817235112984619, 0.7020347736471983513 ) ) ;
#2066 = CARTESIAN_POINT ( 'NONE',  ( 0.9749999999999998668, 0.8196377019586378321, -0.6249999869108168182 ) ) ;
#2067 = FACE_OUTER_BOUND ( 'NONE', #2616, .T. ) ;
#2068 = EDGE_CURVE ( 'NONE', #3398, #972, #2871, .T. ) ;
#2069 = EDGE_CURVE ( 'NONE', #5007, #4901, #4097, .T. ) ;
#2070 = CARTESIAN_POINT ( 'NONE',  ( 0.8249999999999998446, 0.9500000000000001776, -0.5749999999999999556 ) ) ;
#2071 = AXIS2_PLACEMENT_3D ( 'NONE', #2654, #2295, #5032 ) ;
#2072 = VECTOR ( 'NONE', #2319, 1000.000000000000000 ) ;
#2073 = CARTESIAN_POINT ( 'NONE',  ( 0.1499999999999999667, 0.1000000000000000056, 0.5499999999999999334 ) ) ;
#2074 = VECTOR ( 'NONE', #3797, 1000.000000000000000 ) ;
#2075 = CARTESIAN_POINT ( 'NONE',  ( 1.149999999999999689, 0.1000000000000000056, -0.5500000000000000444 ) ) ;
#2076 = VECTOR ( 'NONE', #2960, 1000.000000000000000 ) ;
#2077 = VERTEX_POINT ( 'NONE', #2947 ) ;
#2078 = FACE_OUTER_BOUND ( 'NONE', #3508, .T. ) ;
#2079 = CARTESIAN_POINT ( 'NONE',  ( 1.249999999999999778, 0.1449999999999999900, 0.9999999999999995559 ) ) ;
#2080 = LINE ( 'NONE', #2215, #4765 ) ;
#2081 =( LENGTH_UNIT ( ) NAMED_UNIT ( * ) SI_UNIT ( .MILLI., .METRE. ) );
#2082 = CARTESIAN_POINT ( 'NONE',  ( -1.024998192418106857, 0.8466760245051153655, -0.7749981924181063020 ) ) ;
#2083 = ORIENTED_EDGE ( 'NONE', *, *, #3105, .F. ) ;
#2084 = ORIENTED_EDGE ( 'NONE', *, *, #3531, .T. ) ;
#2085 = ORIENTED_EDGE ( 'NONE', *, *, #3742, .T. ) ;
#2086 = LINE ( 'NONE', #3278, #4395 ) ;
#2087 = EDGE_LOOP ( 'NONE', ( #4343, #5064, #4420, #3163 ) ) ;
#2088 = EDGE_LOOP ( 'NONE', ( #603, #2053, #2000, #756 ) ) ;
#2089 = CARTESIAN_POINT ( 'NONE',  ( 0.8750000000000001110, 0.3550000000000002598, 0.7750000000000001332 ) ) ;
#2090 = CARTESIAN_POINT ( 'NONE',  ( -0.8750000000000003331, 4.570019455179279433, -0.6250000000000001110 ) ) ;
#2091 = CARTESIAN_POINT ( 'NONE',  ( 0.8775057070449945318, 1.000000000000000222, 0.5881264267612487107 ) ) ;
#2092 = CARTESIAN_POINT ( 'NONE',  ( 0.4999999999999997780, 0.1000000000000000056, -0.5500000000000000444 ) ) ;
#2093 = EDGE_CURVE ( 'NONE', #3350, #2125, #617, .T. ) ;
#2094 = LINE ( 'NONE', #235, #2625 ) ;
#2095 = CARTESIAN_POINT ( 'NONE',  ( -0.8250000000000002887, 1.000000000000000000, 0.5749999999999999556 ) ) ;
#2096 = DIRECTION ( 'NONE',  ( 6.195440985631455317E-17, -0.000000000000000000, 1.000000000000000000 ) ) ;
#2097 = ORIENTED_EDGE ( 'NONE', *, *, #2658, .F. ) ;
#2098 = EDGE_CURVE ( 'NONE', #1427, #4495, #2094, .T. ) ;
#2099 = LINE ( 'NONE', #1321, #1521 ) ;
#2100 = VECTOR ( 'NONE', #4276, 1000.000000000000000 ) ;
#2101 = ORIENTED_EDGE ( 'NONE', *, *, #3838, .F. ) ;
#2102 = ORIENTED_EDGE ( 'NONE', *, *, #3526, .T. ) ;
#2103 = AXIS2_PLACEMENT_3D ( 'NONE', #312, #259, #1056 ) ;
#2104 = STYLED_ITEM ( 'NONE', ( #66 ), #3659 ) ;
#2105 = EDGE_LOOP ( 'NONE', ( #3710, #3061, #1920, #2908 ) ) ;
#2106 = DIRECTION ( 'NONE',  ( -1.000000000000000000, -0.000000000000000000, -0.000000000000000000 ) ) ;
#2107 = CARTESIAN_POINT ( 'NONE',  ( -1.021446609406726713, 0.2550000000000003375, 0.8750000000000002220 ) ) ;
#2108 = ORIENTED_EDGE ( 'NONE', *, *, #3683, .F. ) ;
#2109 = ORIENTED_EDGE ( 'NONE', *, *, #3169, .T. ) ;
#2110 = CARTESIAN_POINT ( 'NONE',  ( 0.4999999999999997780, 0.000000000000000000, 0.5499999999999999334 ) ) ;
#2111 = DIRECTION ( 'NONE',  ( -1.000000000000000000, 0.000000000000000000, -3.097720492815726673E-16 ) ) ;
#2112 = CARTESIAN_POINT ( 'NONE',  ( -0.8749999869108170403, 0.8196377019586388313, 0.7250000000000000888 ) ) ;
#2113 = DIRECTION ( 'NONE',  ( -0.000000000000000000, -1.000000000000000000, -0.000000000000000000 ) ) ;
#2114 = DIRECTION ( 'NONE',  ( -1.000000000000000000, 0.000000000000000000, 0.000000000000000000 ) ) ;
#2115 = CARTESIAN_POINT ( 'NONE',  ( 0.9749999999999998668, 4.570019455179279433, 0.6250000000000001110 ) ) ;
#2116 = FACE_OUTER_BOUND ( 'NONE', #1536, .T. ) ;
#2117 = EDGE_CURVE ( 'NONE', #4614, #1614, #2477, .T. ) ;
#2118 = EDGE_CURVE ( 'NONE', #4972, #527, #4050, .T. ) ;
#2119 = MECHANICAL_DESIGN_GEOMETRIC_PRESENTATION_REPRESENTATION (  '', ( #5117 ), #394 ) ;
#2120 = ORIENTED_EDGE ( 'NONE', *, *, #610, .T. ) ;
#2121 = PRESENTATION_STYLE_ASSIGNMENT (( #4574 ) ) ;
#2122 = LINE ( 'NONE', #4941, #4856 ) ;
#2123 = DIRECTION ( 'NONE',  ( -1.000000000000000000, 0.000000000000000000, 3.097720492815728645E-16 ) ) ;
#2124 = EDGE_CURVE ( 'NONE', #2982, #3484, #2881, .T. ) ;
#2125 = VERTEX_POINT ( 'NONE', #4568 ) ;
#2126 = ORIENTED_EDGE ( 'NONE', *, *, #3879, .T. ) ;
#2127 = EDGE_CURVE ( 'NONE', #2377, #1132, #1392, .T. ) ;
#2128 = EDGE_LOOP ( 'NONE', ( #849, #596, #3445, #2834 ) ) ;
#2129 = FACE_OUTER_BOUND ( 'NONE', #704, .T. ) ;
#2130 = VERTEX_POINT ( 'NONE', #161 ) ;
#2131 = ORIENTED_EDGE ( 'NONE', *, *, #4581, .T. ) ;
#2132 = CARTESIAN_POINT ( 'NONE',  ( 0.7999999999999997113, 0.000000000000000000, -0.9000000000000000222 ) ) ;
#2133 = CARTESIAN_POINT ( 'NONE',  ( 0.8249999999999995115, 1.000000000000000000, 0.5749999999999997335 ) ) ;
#2134 = VECTOR ( 'NONE', #184, 1000.000000000000000 ) ;
#2135 = CYLINDRICAL_SURFACE ( 'NONE', #1324, 0.2499999999999999445 ) ;
#2136 = CARTESIAN_POINT ( 'NONE',  ( -0.1500000000000002165, 0.000000000000000000, 0.000000000000000000 ) ) ;
#2137 = DIRECTION ( 'NONE',  ( 0.000000000000000000, 0.000000000000000000, -1.000000000000000000 ) ) ;
#2138 = CARTESIAN_POINT ( 'NONE',  ( -0.8750000000000003331, 0.2550000000000000044, -0.8249999999999999556 ) ) ;
#2139 = UNCERTAINTY_MEASURE_WITH_UNIT (LENGTH_MEASURE( 1.000000000000000082E-05 ), #311, 'distance_accuracy_value', 'NONE');
#2140 = VECTOR ( 'NONE', #4250, 1000.000000000000000 ) ;
#2141 = ORIENTED_EDGE ( 'NONE', *, *, #366, .T. ) ;
#2142 = FACE_OUTER_BOUND ( 'NONE', #2911, .T. ) ;
#2143 = DIRECTION ( 'NONE',  ( -0.000000000000000000, -1.000000000000000000, -0.000000000000000000 ) ) ;
#2144 = CARTESIAN_POINT ( 'NONE',  ( 0.4999999999999997780, 0.000000000000000000, -0.5500000000000000444 ) ) ;
#2145 = CARTESIAN_POINT ( 'NONE',  ( -0.8686894650627289272, 0.9007223896014928677, -0.7497578602509137324 ) ) ;
#2146 = EDGE_CURVE ( 'NONE', #2695, #631, #1733, .T. ) ;
#2147 = AXIS2_PLACEMENT_3D ( 'NONE', #4638, #1076, #2646 ) ;
#2148 = ORIENTED_EDGE ( 'NONE', *, *, #3070, .F. ) ;
#2149 = AXIS2_PLACEMENT_3D ( 'NONE', #2451, #77, #4823 ) ;
#2150 = EDGE_LOOP ( 'NONE', ( #3691, #4365, #2083, #2007 ) ) ;
#2151 = VERTEX_POINT ( 'NONE', #4698 ) ;
#2152 = EDGE_CURVE ( 'NONE', #4295, #4067, #2267, .T. ) ;
#2153 = CARTESIAN_POINT ( 'NONE',  ( -1.025000000000000577, 0.3550000000000002598, 0.7128679656440357615 ) ) ;
#2154 = ORIENTED_EDGE ( 'NONE', *, *, #4961, .T. ) ;
#2155 = VERTEX_POINT ( 'NONE', #1031 ) ;
#2156 = DIRECTION ( 'NONE',  ( -1.000000000000000000, 0.000000000000000000, -3.097720492815728645E-16 ) ) ;
#2157 = CARTESIAN_POINT ( 'NONE',  ( 0.8249999999999994005, 1.000000000000000000, 0.5749999999999999556 ) ) ;
#2158 = CARTESIAN_POINT ( 'NONE',  ( 1.249999999999999778, 0.1449999999999999900, -1.000000000000000444 ) ) ;
#2159 = AXIS2_PLACEMENT_3D ( 'NONE', #3791, #3395, #1846 ) ;
#2160 = CARTESIAN_POINT ( 'NONE',  ( -0.8750000000000007772, 0.8247433521139553303, -0.7750000000000004663 ) ) ;
#2161 = CARTESIAN_POINT ( 'NONE',  ( 0.4249999999999998224, 0.9499999999999999556, 0.02500000000000006384 ) ) ;
#2162 = PLANE ( 'NONE',  #3145 ) ;
#2163 = DIRECTION ( 'NONE',  ( 1.000000000000000000, 0.000000000000000000, -6.195440985631456303E-16 ) ) ;
#2164 = EDGE_CURVE ( 'NONE', #972, #1429, #2214, .T. ) ;
#2165 = ORIENTED_EDGE ( 'NONE', *, *, #3971, .T. ) ;
#2166 = CARTESIAN_POINT ( 'NONE',  ( 0.4249999999999998224, 1.000000000000000000, 0.3250000000000000111 ) ) ;
#2167 = VECTOR ( 'NONE', #4000, 1000.000000000000000 ) ;
#2168 = CARTESIAN_POINT ( 'NONE',  ( 0.8749999552455423046, 0.8000000000000000444, -0.7249999999999500178 ) ) ;
#2169 = CARTESIAN_POINT ( 'NONE',  ( -1.250000000000000222, 0.1549999999999999989, -1.000000000000000000 ) ) ;
#2170 = CIRCLE ( 'NONE', #2841, 0.2499999999999995837 ) ;
#2171 = ORIENTED_EDGE ( 'NONE', *, *, #1451, .T. ) ;
#2172 = ORIENTED_EDGE ( 'NONE', *, *, #364, .T. ) ;
#2173 = EDGE_LOOP ( 'NONE', ( #922, #248, #3276, #419 ) ) ;
#2174 = CARTESIAN_POINT ( 'NONE',  ( -0.9628679656440363166, 0.2964213562373098632, 0.7750000000000001332 ) ) ;
#2175 = VECTOR ( 'NONE', #2271, 1000.000000000000000 ) ;
#2176 = ORIENTED_EDGE ( 'NONE', *, *, #231, .T. ) ;
#2177 = VECTOR ( 'NONE', #321, 1000.000000000000000 ) ;
#2178 = EDGE_CURVE ( 'NONE', #1044, #4344, #1440, .T. ) ;
#2179 = CIRCLE ( 'NONE', #4935, 0.1499999999999999667 ) ;
#2180 = ORIENTED_EDGE ( 'NONE', *, *, #2249, .F. ) ;
#2181 = CARTESIAN_POINT ( 'NONE',  ( -0.8749999869108170403, 0.8196377019586388313, -0.7250000000000000888 ) ) ;
#2182 = FACE_OUTER_BOUND ( 'NONE', #4978, .T. ) ;
#2183 = CARTESIAN_POINT ( 'NONE',  ( -0.8749999552455428597, 0.8000000000000000444, -0.7249999999999501288 ) ) ;
#2184 = AXIS2_PLACEMENT_3D ( 'NONE', #3631, #4860, #3687 ) ;
#2185 = EDGE_CURVE ( 'NONE', #5014, #42, #5002, .T. ) ;
#2186 = EDGE_LOOP ( 'NONE', ( #2037, #3695, #1278, #3213 ) ) ;
#2187 = CARTESIAN_POINT ( 'NONE',  ( 0.000000000000000000, 0.000000000000000000, 0.000000000000000000 ) ) ;
#2188 = EDGE_CURVE ( 'NONE', #3225, #2829, #2317, .T. ) ;
#2189 = CARTESIAN_POINT ( 'NONE',  ( 1.149999999999999689, 0.000000000000000000, -0.9000000000000000222 ) ) ;
#2190 = DIRECTION ( 'NONE',  ( -0.000000000000000000, 1.000000000000000000, 0.000000000000000000 ) ) ;
#2191 = LINE ( 'NONE', #4936, #1242 ) ;
#2192 = AXIS2_PLACEMENT_3D ( 'NONE', #3152, #4245, #1131 ) ;
#2193 = DIRECTION ( 'NONE',  ( -6.195440985631456303E-16, 0.000000000000000000, -1.000000000000000000 ) ) ;
#2194 = EDGE_LOOP ( 'NONE', ( #1795, #1669, #4689, #5103 ) ) ;
#2195 = LINE ( 'NONE', #2999, #2582 ) ;
#2196 = CARTESIAN_POINT ( 'NONE',  ( 1.149999999999999689, 0.1000000000000000056, -0.9000000000000001332 ) ) ;
#2197 = CARTESIAN_POINT ( 'NONE',  ( -0.5000000000000002220, 0.000000000000000000, 0.9000000000000000222 ) ) ;
#2198 = EDGE_CURVE ( 'NONE', #4394, #821, #3074, .T. ) ;
#2199 = CIRCLE ( 'NONE', #3950, 0.1000000000000001027 ) ;
#2200 = ORIENTED_EDGE ( 'NONE', *, *, #3612, .T. ) ;
#2201 = VERTEX_POINT ( 'NONE', #2650 ) ;
#2202 = CARTESIAN_POINT ( 'NONE',  ( 0.1499999999999999112, 0.1000000000000000056, 0.5499999999999999334 ) ) ;
#2203 = ORIENTED_EDGE ( 'NONE', *, *, #1762, .F. ) ;
#2204 =( LENGTH_UNIT ( ) NAMED_UNIT ( * ) SI_UNIT ( .MILLI., .METRE. ) );
#2205 = ORIENTED_EDGE ( 'NONE', *, *, #861, .F. ) ;
#2206 = EDGE_LOOP ( 'NONE', ( #1593, #3673, #4424, #3297 ) ) ;
#2207 = CARTESIAN_POINT ( 'NONE',  ( 0.8750000000000001110, 0.3550000000000002598, -0.8750000000000001110 ) ) ;
#2208 = DIRECTION ( 'NONE',  ( -3.097720492815726673E-16, 0.000000000000000000, 1.000000000000000000 ) ) ;
#2209 = DIRECTION ( 'NONE',  ( -1.000000000000000000, -0.000000000000000000, -0.000000000000000000 ) ) ;
#2210 = EDGE_CURVE ( 'NONE', #891, #631, #5132, .T. ) ;
#2211 = ORIENTED_EDGE ( 'NONE', *, *, #3815, .F. ) ;
#2212 = DIRECTION ( 'NONE',  ( 0.000000000000000000, -0.000000000000000000, -1.000000000000000000 ) ) ;
#2213 = VECTOR ( 'NONE', #515, 1000.000000000000000 ) ;
#2214 = LINE ( 'NONE', #4199, #3131 ) ;
#2215 = CARTESIAN_POINT ( 'NONE',  ( -0.5000000000000002220, 0.1000000000000000056, 0.9000000000000000222 ) ) ;
#2216 = ADVANCED_FACE ( 'NONE', ( #4643 ), #4535, .F. ) ;
#2217 = DIRECTION ( 'NONE',  ( 0.000000000000000000, 0.000000000000000000, -1.000000000000000000 ) ) ;
#2218 = FACE_OUTER_BOUND ( 'NONE', #3517, .T. ) ;
#2219 = ORIENTED_EDGE ( 'NONE', *, *, #1057, .T. ) ;
#2220 = SURFACE_STYLE_USAGE ( .BOTH. , #1168 ) ;
#2221 = CARTESIAN_POINT ( 'NONE',  ( -0.8000000000000001554, 0.000000000000000000, -0.5500000000000000444 ) ) ;
#2222 = LINE ( 'NONE', #626, #1702 ) ;
#2223 = CARTESIAN_POINT ( 'NONE',  ( 0.000000000000000000, 0.1000000000000000056, 0.000000000000000000 ) ) ;
#2224 = ORIENTED_EDGE ( 'NONE', *, *, #1748, .T. ) ;
#2225 = DIRECTION ( 'NONE',  ( -1.000000000000000000, 0.000000000000000000, 6.195440985631456303E-16 ) ) ;
#2226 = ORIENTED_EDGE ( 'NONE', *, *, #2210, .T. ) ;
#2227 = AXIS2_PLACEMENT_3D ( 'NONE', #1265, #4072, #4436 ) ;
#2228 = SURFACE_STYLE_FILL_AREA ( #1045 ) ;
#2229 = VECTOR ( 'NONE', #906, 1000.000000000000000 ) ;
#2230 = VERTEX_POINT ( 'NONE', #3520 ) ;
#2231 = ORIENTED_EDGE ( 'NONE', *, *, #1148, .F. ) ;
#2232 = DIRECTION ( 'NONE',  ( 0.000000000000000000, -0.000000000000000000, 1.000000000000000000 ) ) ;
#2233 = LINE ( 'NONE', #3855, #205 ) ;
#2234 = LINE ( 'NONE', #2315, #1742 ) ;
#2235 = EDGE_LOOP ( 'NONE', ( #2737, #1607, #1331, #2992 ) ) ;
#2236 = CARTESIAN_POINT ( 'NONE',  ( -1.149999999999999911, 0.000000000000000000, -0.9000000000000000222 ) ) ;
#2237 = CARTESIAN_POINT ( 'NONE',  ( 1.025000000000000355, 0.2964213562373098632, 0.7128679656440357615 ) ) ;
#2238 = CARTESIAN_POINT ( 'NONE',  ( 0.9449494093008797835, 0.8921826250550843884, -0.6149831364336268980 ) ) ;
#2239 = DIRECTION ( 'NONE',  ( 0.000000000000000000, -0.000000000000000000, -1.000000000000000000 ) ) ;
#2240 = CARTESIAN_POINT ( 'NONE',  ( 0.8249999999999997335, 0.9500000000000001776, 0.5749999999999999556 ) ) ;
#2241 = CARTESIAN_POINT ( 'NONE',  ( -1.250000000000000222, 0.1549999999999999989, -1.000000000000000000 ) ) ;
#2242 = EDGE_CURVE ( 'NONE', #763, #2048, #1414, .T. ) ;
#2243 = ORIENTED_EDGE ( 'NONE', *, *, #2819, .F. ) ;
#2244 = VECTOR ( 'NONE', #320, 1000.000000000000000 ) ;
#2245 = CARTESIAN_POINT ( 'NONE',  ( 0.8749999999999997780, 0.2550000000000002820, -0.8750000000000002220 ) ) ;
#2246 = LINE ( 'NONE', #4311, #3827 ) ;
#2247 = CARTESIAN_POINT ( 'NONE',  ( 1.149999999999999689, 0.1000000000000000056, 0.5499999999999999334 ) ) ;
#2248 = CARTESIAN_POINT ( 'NONE',  ( 0.8573284999287822394, 1.000000073181745108, -0.6073284999287825725 ) ) ;
#2249 = EDGE_CURVE ( 'NONE', #271, #1099, #313, .T. ) ;
#2250 = VERTEX_POINT ( 'NONE', #668 ) ;
#2251 = VECTOR ( 'NONE', #3191, 1000.000000000000000 ) ;
#2252 = CARTESIAN_POINT ( 'NONE',  ( -0.8250000000000002887, 1.000000000000000000, 0.5749999999999999556 ) ) ;
#2253 = EDGE_LOOP ( 'NONE', ( #574, #3986 ) ) ;
#2254 = EDGE_CURVE ( 'NONE', #1578, #246, #3832, .T. ) ;
#2255 = ORIENTED_EDGE ( 'NONE', *, *, #3326, .F. ) ;
#2256 = AXIS2_PLACEMENT_3D ( 'NONE', #4243, #1800, #690 ) ;
#2257 = ORIENTED_EDGE ( 'NONE', *, *, #2824, .F. ) ;
#2258 = AXIS2_PLACEMENT_3D ( 'NONE', #2404, #4785, #1610 ) ;
#2259 = CARTESIAN_POINT ( 'NONE',  ( 0.7999999999999997113, 0.000000000000000000, 0.9000000000000000222 ) ) ;
#2260 = CARTESIAN_POINT ( 'NONE',  ( 0.4999999999999997780, 0.1000000000000000056, 0.9000000000000001332 ) ) ;
#2261 = FACE_BOUND ( 'NONE', #453, .T. ) ;
#2262 = AXIS2_PLACEMENT_3D ( 'NONE', #4301, #692, #334 ) ;
#2263 = CARTESIAN_POINT ( 'NONE',  ( 0.4999999999999997780, 0.1000000000000000056, 0.5499999999999999334 ) ) ;
#2264 = AXIS2_PLACEMENT_3D ( 'NONE', #4001, #2436, #3192 ) ;
#2265 = PLANE ( 'NONE',  #2103 ) ;
#2266 = VECTOR ( 'NONE', #4735, 1000.000000000000000 ) ;
#2267 = LINE ( 'NONE', #2604, #3298 ) ;
#2268 = CARTESIAN_POINT ( 'NONE',  ( 0.8249999999999997335, 0.9499999999999999556, -0.5749999999999997335 ) ) ;
#2269 = DIRECTION ( 'NONE',  ( -1.000000000000000000, -0.000000000000000000, 0.000000000000000000 ) ) ;
#2270 = LINE ( 'NONE', #698, #1401 ) ;
#2271 = DIRECTION ( 'NONE',  ( 0.000000000000000000, 1.000000000000000000, -0.000000000000000000 ) ) ;
#2272 = ORIENTED_EDGE ( 'NONE', *, *, #1954, .F. ) ;
#2273 = FACE_OUTER_BOUND ( 'NONE', #3114, .T. ) ;
#2274 = CARTESIAN_POINT ( 'NONE',  ( -0.9750000000000006439, 0.3550000000000002598, 0.6250000000000001110 ) ) ;
#2275 = FACE_OUTER_BOUND ( 'NONE', #1848, .T. ) ;
#2276 = EDGE_CURVE ( 'NONE', #821, #3839, #2291, .T. ) ;
#2277 = EDGE_CURVE ( 'NONE', #652, #4756, #3883, .T. ) ;
#2278 = CARTESIAN_POINT ( 'NONE',  ( 0.9543490182326459514, 0.9526810330595074650, 0.6072982850469692551 ) ) ;
#2279 = ORIENTED_EDGE ( 'NONE', *, *, #4947, .F. ) ;
#2280 = PLANE ( 'NONE',  #4842 ) ;
#2281 = ORIENTED_EDGE ( 'NONE', *, *, #764, .F. ) ;
#2282 = PRESENTATION_STYLE_ASSIGNMENT (( #529 ) ) ;
#2283 = ADVANCED_FACE ( 'NONE', ( #336 ), #1909, .F. ) ;
#2284 = ORIENTED_EDGE ( 'NONE', *, *, #2900, .T. ) ;
#2285 = EDGE_CURVE ( 'NONE', #42, #327, #1890, .T. ) ;
#2286 = ORIENTED_EDGE ( 'NONE', *, *, #3802, .F. ) ;
#2287 = LINE ( 'NONE', #2618, #14 ) ;
#2288 = CARTESIAN_POINT ( 'NONE',  ( 1.012979589711326955, 0.2355061701062369783, 0.6250000000000001110 ) ) ;
#2289 =( NAMED_UNIT ( * ) PLANE_ANGLE_UNIT ( ) SI_UNIT ( $, .RADIAN. ) );
#2290 = CARTESIAN_POINT ( 'NONE',  ( -1.250000000000000222, 0.1549999999999999989, 1.000000000000000000 ) ) ;
#2291 = LINE ( 'NONE', #1464, #3465 ) ;
#2292 = EDGE_CURVE ( 'NONE', #1445, #2730, #884, .T. ) ;
#2293 = CARTESIAN_POINT ( 'NONE',  ( -0.8000000000000001554, 0.1000000000000000056, -0.5499999999999999334 ) ) ;
#2294 = DIRECTION ( 'NONE',  ( 0.000000000000000000, -1.000000000000000000, 0.000000000000000000 ) ) ;
#2295 = DIRECTION ( 'NONE',  ( 0.000000000000000000, 1.000000000000000000, 0.000000000000000000 ) ) ;
#2296 = FACE_OUTER_BOUND ( 'NONE', #902, .T. ) ;
#2297 = ORIENTED_EDGE ( 'NONE', *, *, #2185, .T. ) ;
#2298 = CARTESIAN_POINT ( 'NONE',  ( 0.8749999999999997780, 0.2964213562373096411, -0.7749999999999995781 ) ) ;
#2299 = FACE_OUTER_BOUND ( 'NONE', #2879, .T. ) ;
#2300 = AXIS2_PLACEMENT_3D ( 'NONE', #4408, #857, #2427 ) ;
#2301 = DIRECTION ( 'NONE',  ( -0.000000000000000000, -1.000000000000000000, -0.000000000000000000 ) ) ;
#2302 = CARTESIAN_POINT ( 'NONE',  ( 0.8749999869108165962, 0.8261836026139262046, -0.7750000000000002442 ) ) ;
#2303 = ORIENTED_EDGE ( 'NONE', *, *, #2919, .T. ) ;
#2304 = EDGE_CURVE ( 'NONE', #3033, #4702, #3230, .T. ) ;
#2305 = DIRECTION ( 'NONE',  ( 0.000000000000000000, -1.000000000000000000, 0.000000000000000000 ) ) ;
#2306 = ADVANCED_FACE ( 'NONE', ( #2039 ), #3155, .F. ) ;
#2307 = AXIS2_PLACEMENT_3D ( 'NONE', #3604, #60, #1603 ) ;
#2308 = ORIENTED_EDGE ( 'NONE', *, *, #2118, .T. ) ;
#2309 = ADVANCED_FACE ( 'NONE', ( #3180 ), #3, .F. ) ;
#2310 = VECTOR ( 'NONE', #3234, 1000.000000000000000 ) ;
#2311 = CIRCLE ( 'NONE', #1402, 0.1499999999999998557 ) ;
#2312 = ORIENTED_EDGE ( 'NONE', *, *, #743, .T. ) ;
#2313 = FACE_OUTER_BOUND ( 'NONE', #2574, .T. ) ;
#2314 = LINE ( 'NONE', #2333, #38 ) ;
#2315 = CARTESIAN_POINT ( 'NONE',  ( -1.150000000000000133, 0.1000000000000000056, -0.9000000000000000222 ) ) ;
#2316 = DIRECTION ( 'NONE',  ( -3.097720492815728645E-16, 0.000000000000000000, 1.000000000000000000 ) ) ;
#2317 = LINE ( 'NONE', #4248, #3795 ) ;
#2318 = PLANE ( 'NONE',  #4438 ) ;
#2319 = DIRECTION ( 'NONE',  ( -0.000000000000000000, -1.000000000000000000, -0.000000000000000000 ) ) ;
#2320 = DIRECTION ( 'NONE',  ( -1.000000000000000000, -0.000000000000000000, -0.000000000000000000 ) ) ;
#2321 = EDGE_LOOP ( 'NONE', ( #1050, #3478, #993, #3471 ) ) ;
#2322 = FACE_OUTER_BOUND ( 'NONE', #1305, .T. ) ;
#2323 = CYLINDRICAL_SURFACE ( 'NONE', #88, 0.1499999999999998557 ) ;
#2324 = DIRECTION ( 'NONE',  ( -1.000000000000000000, -0.000000000000000000, -3.097720492815726673E-16 ) ) ;
#2325 = CARTESIAN_POINT ( 'NONE',  ( 0.9739929127827007260, 0.9477344468286823531, -0.7239929127827010591 ) ) ;
#2326 = ORIENTED_EDGE ( 'NONE', *, *, #2888, .T. ) ;
#2327 = DIRECTION ( 'NONE',  ( 0.000000000000000000, -0.000000000000000000, -1.000000000000000000 ) ) ;
#2328 = VERTEX_POINT ( 'NONE', #465 ) ;
#2329 = ORIENTED_EDGE ( 'NONE', *, *, #2894, .T. ) ;
#2330 = ORIENTED_EDGE ( 'NONE', *, *, #3772, .T. ) ;
#2331 = CARTESIAN_POINT ( 'NONE',  ( -0.8381264267612491548, 0.9500000000000000666, -0.6143792802837462208 ) ) ;
#2332 = PRESENTATION_LAYER_ASSIGNMENT (  '', '', ( #3922 ) ) ;
#2333 = CARTESIAN_POINT ( 'NONE',  ( -0.1500000000000002165, 0.1000000000000000056, -0.5500000000000000444 ) ) ;
#2334 = DIRECTION ( 'NONE',  ( -0.000000000000000000, -1.000000000000000000, -0.000000000000000000 ) ) ;
#2335 = ADVANCED_FACE ( 'NONE', ( #1568 ), #1263, .F. ) ;
#2336 = DIRECTION ( 'NONE',  ( 0.000000000000000000, 1.000000000000000000, 0.000000000000000000 ) ) ;
#2337 = VECTOR ( 'NONE', #4167, 1000.000000000000000 ) ;
#2338 = VERTEX_POINT ( 'NONE', #3127 ) ;
#2339 = DIRECTION ( 'NONE',  ( -1.000000000000000000, -0.000000000000000000, 0.000000000000000000 ) ) ;
#2340 = DIRECTION ( 'NONE',  ( 0.000000000000000000, -7.228014483236692611E-16, -1.000000000000000000 ) ) ;
#2341 = DIRECTION ( 'NONE',  ( 0.000000000000000000, 0.000000000000000000, 1.000000000000000000 ) ) ;
#2342 = LINE ( 'NONE', #3941, #501 ) ;
#2343 = CARTESIAN_POINT ( 'NONE',  ( -0.9750000000000007550, 0.3550000000000002598, 0.6835786437626907297 ) ) ;
#2344 = AXIS2_PLACEMENT_3D ( 'NONE', #1391, #645, #1467 ) ;
#2345 = ADVANCED_FACE ( 'NONE', ( #798 ), #4719, .F. ) ;
#2346 = VECTOR ( 'NONE', #2993, 1000.000000000000000 ) ;
#2347 = VECTOR ( 'NONE', #4083, 1000.000000000000000 ) ;
#2348 = ADVANCED_FACE ( 'NONE', ( #2421 ), #2010, .F. ) ;
#2349 = CARTESIAN_POINT ( 'NONE',  ( -0.8250000000000002887, 1.000000000000000000, 0.5749999999999999556 ) ) ;
#2350 = DIRECTION ( 'NONE',  ( 0.000000000000000000, 0.000000000000000000, -1.000000000000000000 ) ) ;
#2351 = DIRECTION ( 'NONE',  ( 0.000000000000000000, -0.000000000000000000, 1.000000000000000000 ) ) ;
#2352 = CIRCLE ( 'NONE', #2522, 0.1000000000000001582 ) ;
#2353 = EDGE_LOOP ( 'NONE', ( #3677, #3566, #3378, #4059 ) ) ;
#2354 = CARTESIAN_POINT ( 'NONE',  ( -0.9679961422355943812, 0.9398465702390258469, 0.6107490029422072420 ) ) ;
#2355 = CARTESIAN_POINT ( 'NONE',  ( -0.1500000000000002165, 0.000000000000000000, 0.9000000000000001332 ) ) ;
#2356 = CIRCLE ( 'NONE', #2192, 0.09999999999999982514 ) ;
#2357 = ORIENTED_EDGE ( 'NONE', *, *, #861, .T. ) ;
#2358 = VERTEX_POINT ( 'NONE', #2837 ) ;
#2359 = EDGE_LOOP ( 'NONE', ( #997, #1149, #1687, #2408 ) ) ;
#2360 = CARTESIAN_POINT ( 'NONE',  ( -0.9293989772429166463, 0.9784437352317030268, 0.6010997443107292115 ) ) ;
#2361 = CARTESIAN_POINT ( 'NONE',  ( 1.005711077037614309, 0.8866882571893981435, -0.6201184463531088653 ) ) ;
#2362 = LINE ( 'NONE', #2033, #1406 ) ;
#2363 = PRESENTATION_STYLE_ASSIGNMENT (( #407 ) ) ;
#2364 = VECTOR ( 'NONE', #1691, 1000.000000000000000 ) ;
#2365 = ORIENTED_EDGE ( 'NONE', *, *, #3488, .T. ) ;
#2366 = CARTESIAN_POINT ( 'NONE',  ( 1.249999999999999778, 0.1449999999999999900, 0.000000000000000000 ) ) ;
#2367 = ADVANCED_FACE ( 'NONE', ( #4378 ), #4434, .F. ) ;
#2368 = CARTESIAN_POINT ( 'NONE',  ( -1.149999999999999911, 0.000000000000000000, -0.5499999999999999334 ) ) ;
#2369 = PLANE ( 'NONE',  #3602 ) ;
#2370 = EDGE_CURVE ( 'NONE', #714, #882, #5112, .T. ) ;
#2371 = DIRECTION ( 'NONE',  ( 0.000000000000000000, 1.000000000000000000, 0.000000000000000000 ) ) ;
#2372 = CARTESIAN_POINT ( 'NONE',  ( -0.8750000000000003331, 0.3550000000000002598, 0.7250000000000004219 ) ) ;
#2373 = EDGE_CURVE ( 'NONE', #4089, #552, #1488, .T. ) ;
#2374 = CARTESIAN_POINT ( 'NONE',  ( 0.000000000000000000, 0.000000000000000000, -0.5500000000000000444 ) ) ;
#2375 = CARTESIAN_POINT ( 'NONE',  ( -1.250000000000000222, 0.1549999999999999989, 1.000000000000000000 ) ) ;
#2376 = LINE ( 'NONE', #3970, #1946 ) ;
#2377 = VERTEX_POINT ( 'NONE', #1984 ) ;
#2378 = DIRECTION ( 'NONE',  ( -3.097720492815726673E-16, 0.000000000000000000, 1.000000000000000000 ) ) ;
#2379 = VECTOR ( 'NONE', #4075, 1000.000000000000000 ) ;
#2380 = LINE ( 'NONE', #2953, #3766 ) ;
#2381 = CARTESIAN_POINT ( 'NONE',  ( -0.8750000000000003331, 0.3550000000000002598, -0.6250000000000001110 ) ) ;
#2382 = ORIENTED_EDGE ( 'NONE', *, *, #457, .F. ) ;
#2383 = ORIENTED_EDGE ( 'NONE', *, *, #4895, .T. ) ;
#2384 = VERTEX_POINT ( 'NONE', #54 ) ;
#2385 = CARTESIAN_POINT ( 'NONE',  ( -0.8573284999287833497, 1.000000073181739557, 0.6073284999287830166 ) ) ;
#2386 = CARTESIAN_POINT ( 'NONE',  ( 0.1499999999999997446, 0.1000000000000000056, 0.9000000000000000222 ) ) ;
#2387 = LINE ( 'NONE', #2802, #2562 ) ;
#2388 = ORIENTED_EDGE ( 'NONE', *, *, #1897, .T. ) ;
#2389 = AXIS2_PLACEMENT_3D ( 'NONE', #1929, #3826, #4716 ) ;
#2390 =( BOUNDED_SURFACE ( )  B_SPLINE_SURFACE ( 3, 2, ( 
 ( #680, #3816, #4628 ),
 ( #2302, #3896, #2711 ),
 ( #1041, #4314, #1067 ),
 ( #3112, #2325, #269 ),
 ( #5013, #2635, #1501 ),
 ( #3002, #731, #4235 ),
 ( #371, #2248, #4684 ),
 ( #3029, #4990, #347 ) ),
 .UNSPECIFIED., .F., .F., .F. ) 
 B_SPLINE_SURFACE_WITH_KNOTS ( ( 4, 2, 2, 4 ),
 ( 3, 3 ),
 ( 6.283185307179586232, 6.675884388878310816, 7.068583470577034511, 7.853981633974482790 ),
 ( 0.000000000000000000, 1.000000000000000000 ),
 .UNSPECIFIED. ) 
 GEOMETRIC_REPRESENTATION_ITEM ( )  RATIONAL_B_SPLINE_SURFACE ( (
 ( 1.000000000000000000, 0.7071067811865475727, 1.000000000000000000),
 ( 1.000000000000000000, 0.7066683472211363615, 1.000000000000000000),
 ( 1.000000000000000000, 0.7265616048778427150, 1.000000000000000000),
 ( 1.000000000000000000, 0.7876686348193605580, 1.000000000000000000),
 ( 1.000000000000000000, 0.8282440749015859138, 1.000000000000000000),
 ( 1.000000000000000000, 0.9415880615501430739, 1.000000000000000000),
 ( 1.000000000000000000, 1.002684731167226895, 1.000000000000000000),
 ( 1.000000000000000000, 1.000000000000000000, 1.000000000000000000) ) ) 
 REPRESENTATION_ITEM ( '' )  SURFACE ( )  );
#2391 = VERTEX_POINT ( 'NONE', #1624 ) ;
#2392 = CARTESIAN_POINT ( 'NONE',  ( 0.8749999999999996669, 0.2550000000000000044, -0.6250000000000001110 ) ) ;
#2393 = DIRECTION ( 'NONE',  ( 0.000000000000000000, -0.000000000000000000, -1.000000000000000000 ) ) ;
#2394 = CARTESIAN_POINT ( 'NONE',  ( -0.9335786437626910628, 0.2892174209693614273, -0.7250000000000003109 ) ) ;
#2395 = CARTESIAN_POINT ( 'NONE',  ( 0.000000000000000000, 0.1000000000000000056, 0.000000000000000000 ) ) ;
#2396 = LINE ( 'NONE', #391, #3386 ) ;
#2397 = AXIS2_PLACEMENT_3D ( 'NONE', #2090, #559, #1706 ) ;
#2398 = CARTESIAN_POINT ( 'NONE',  ( 1.012979589711327177, 0.2355061701062366453, -0.7058265723222203469 ) ) ;
#2399 = CARTESIAN_POINT ( 'NONE',  ( -0.8749999552455509644, 0.8000000000000000444, 0.7749999999999667155 ) ) ;
#2400 = CARTESIAN_POINT ( 'NONE',  ( 1.024999999999999911, 4.570019455179279433, 0.6250000000000001110 ) ) ;
#2401 = EDGE_CURVE ( 'NONE', #4393, #3954, #774, .T. ) ;
#2402 = ORIENTED_EDGE ( 'NONE', *, *, #17, .T. ) ;
#2403 = LINE ( 'NONE', #2850, #2167 ) ;
#2404 = CARTESIAN_POINT ( 'NONE',  ( 0.8750000000000001110, 0.3550000000000002598, -0.8750000000000001110 ) ) ;
#2405 = CARTESIAN_POINT ( 'NONE',  ( 0.8749999999999996669, 0.2135786437626908674, 0.8249999999999997335 ) ) ;
#2406 = CARTESIAN_POINT ( 'NONE',  ( -1.150000000000000133, 0.1000000000000000056, 0.9000000000000000222 ) ) ;
#2407 = EDGE_CURVE ( 'NONE', #658, #3700, #3651, .T. ) ;
#2408 = ORIENTED_EDGE ( 'NONE', *, *, #264, .T. ) ;
#2409 = VECTOR ( 'NONE', #5041, 1000.000000000000000 ) ;
#2410 = ORIENTED_EDGE ( 'NONE', *, *, #3772, .F. ) ;
#2411 = ADVANCED_FACE ( 'NONE', ( #3939 ), #1237, .T. ) ;
#2412 = B_SPLINE_CURVE_WITH_KNOTS ( 'NONE', 3,
 ( #2240, #4281, #3494, #4307, #5088, #262, #1060, #3524 ),
 .UNSPECIFIED., .F., .F.,
 ( 4, 2, 2, 4 ),
 ( 0.000000000000000000, 0.5000000000000000000, 0.7499999999999996669, 1.000000000000000000 ),
 .UNSPECIFIED. ) ;
#2413 = VERTEX_POINT ( 'NONE', #1003 ) ;
#2414 = CARTESIAN_POINT ( 'NONE',  ( -0.8510997443107296556, 0.9338328014237777808, -0.6532992329321867242 ) ) ;
#2415 = DIRECTION ( 'NONE',  ( -0.000000000000000000, -1.000000000000000000, -0.000000000000000000 ) ) ;
#2416 = DIRECTION ( 'NONE',  ( 0.000000000000000000, 1.000000000000000000, -0.000000000000000000 ) ) ;
#2417 = ORIENTED_EDGE ( 'NONE', *, *, #2946, .F. ) ;
#2418 = ORIENTED_EDGE ( 'NONE', *, *, #140, .F. ) ;
#2419 = AXIS2_PLACEMENT_3D ( 'NONE', #3446, #1088, #1139 ) ;
#2420 = CARTESIAN_POINT ( 'NONE',  ( 0.8750000000000001110, 0.2135786437626907563, 0.6250000000000001110 ) ) ;
#2421 = FACE_OUTER_BOUND ( 'NONE', #4945, .T. ) ;
#2422 = DIRECTION ( 'NONE',  ( -0.000000000000000000, -1.000000000000000000, -0.000000000000000000 ) ) ;
#2423 = CARTESIAN_POINT ( 'NONE',  ( -0.8000000000000001554, 0.000000000000000000, 0.5500000000000000444 ) ) ;
#2424 = DIRECTION ( 'NONE',  ( 1.000000000000000000, 0.000000000000000000, -0.000000000000000000 ) ) ;
#2425 = AXIS2_PLACEMENT_3D ( 'NONE', #1679, #2759, #2453 ) ;
#2426 =( GEOMETRIC_REPRESENTATION_CONTEXT ( 3 ) GLOBAL_UNCERTAINTY_ASSIGNED_CONTEXT ( ( #3829 ) ) GLOBAL_UNIT_ASSIGNED_CONTEXT ( ( #4818, #3322, #2939 ) ) REPRESENTATION_CONTEXT ( 'NONE', 'WORKASPACE' ) );
#2427 = DIRECTION ( 'NONE',  ( 0.000000000000000000, 0.000000000000000000, -1.000000000000000000 ) ) ;
#2428 = VECTOR ( 'NONE', #2794, 1000.000000000000000 ) ;
#2429 = DIRECTION ( 'NONE',  ( -0.000000000000000000, -0.000000000000000000, 1.000000000000000000 ) ) ;
#2430 = LINE ( 'NONE', #4026, #4261 ) ;
#2431 = AXIS2_PLACEMENT_3D ( 'NONE', #28, #775, #854 ) ;
#2432 = VERTEX_POINT ( 'NONE', #2132 ) ;
#2433 = CARTESIAN_POINT ( 'NONE',  ( -0.8000000000000001554, 0.1000000000000000056, 0.5499999999999999334 ) ) ;
#2434 = COLOUR_RGB ( '',0.8627450980392157298, 0.5882352941176470784, 0.06274509803921568540 ) ;
#2435 = ADVANCED_FACE ( 'NONE', ( #1729 ), #1313, .T. ) ;
#2436 = DIRECTION ( 'NONE',  ( 1.000000000000000000, -0.000000000000000000, 0.000000000000000000 ) ) ;
#2437 = CARTESIAN_POINT ( 'NONE',  ( 1.024999999999999911, 0.3550000000000002598, 0.6250000000000001110 ) ) ;
#2438 = DIRECTION ( 'NONE',  ( -1.000000000000000000, 0.000000000000000000, 0.000000000000000000 ) ) ;
#2439 = ADVANCED_FACE ( 'NONE', ( #1289, #958 ), #3306, .F. ) ;
#2440 = VERTEX_POINT ( 'NONE', #2545 ) ;
#2441 = ORIENTED_EDGE ( 'NONE', *, *, #814, .T. ) ;
#2442 = ORIENTED_EDGE ( 'NONE', *, *, #304, .T. ) ;
#2443 = EDGE_CURVE ( 'NONE', #4901, #1386, #1754, .T. ) ;
#2444 = CARTESIAN_POINT ( 'NONE',  ( 0.8750000000000001110, 0.8247433521145215440, 0.7750000000000002442 ) ) ;
#2445 = DIRECTION ( 'NONE',  ( 0.000000000000000000, 1.000000000000000000, 0.000000000000000000 ) ) ;
#2446 = EDGE_CURVE ( 'NONE', #3909, #3642, #4070, .T. ) ;
#2447 = ORIENTED_EDGE ( 'NONE', *, *, #1843, .T. ) ;
#2448 = APPLICATION_CONTEXT ( 'automotive_design' ) ;
#2449 = ORIENTED_EDGE ( 'NONE', *, *, #3418, .T. ) ;
#2450 = DIRECTION ( 'NONE',  ( 0.000000000000000000, 1.000000000000000000, 0.000000000000000000 ) ) ;
#2451 = CARTESIAN_POINT ( 'NONE',  ( 1.249999999999999778, 0.1549999999999999989, 0.9999999999999995559 ) ) ;
#2452 = CARTESIAN_POINT ( 'NONE',  ( 0.8249999999999998446, 0.9500000000000001776, -0.5749999999999999556 ) ) ;
#2453 = DIRECTION ( 'NONE',  ( 0.000000000000000000, 0.000000000000000000, 1.000000000000000000 ) ) ;
#2454 = CARTESIAN_POINT ( 'NONE',  ( 0.1499999999999997446, 0.000000000000000000, -0.9000000000000000222 ) ) ;
#2455 = CARTESIAN_POINT ( 'NONE',  ( 0.9499999999999996225, 0.000000000000000000, 0.2500000000000001665 ) ) ;
#2456 = DIRECTION ( 'NONE',  ( -1.000000000000000000, -0.000000000000000000, 0.000000000000000000 ) ) ;
#2457 = ORIENTED_EDGE ( 'NONE', *, *, #2061, .T. ) ;
#2458 = FACE_OUTER_BOUND ( 'NONE', #4806, .T. ) ;
#2459 = FACE_OUTER_BOUND ( 'NONE', #2321, .T. ) ;
#2460 = DIRECTION ( 'NONE',  ( 0.000000000000000000, 0.000000000000000000, -1.000000000000000000 ) ) ;
#2461 = PRESENTATION_STYLE_ASSIGNMENT (( #2878 ) ) ;
#2462 = CARTESIAN_POINT ( 'NONE',  ( -0.8775057070449949759, 1.000000000000000222, -0.5881264267612487107 ) ) ;
#2463 = ORIENTED_EDGE ( 'NONE', *, *, #3107, .T. ) ;
#2464 = ADVANCED_FACE ( 'NONE', ( #4904 ), #511, .T. ) ;
#2465 = ORIENTED_EDGE ( 'NONE', *, *, #3811, .F. ) ;
#2466 = VERTEX_POINT ( 'NONE', #130 ) ;
#2467 = DIRECTION ( 'NONE',  ( -3.097720492815726673E-16, 0.000000000000000000, 1.000000000000000000 ) ) ;
#2468 = CARTESIAN_POINT ( 'NONE',  ( 0.8800653338226680500, 0.9457209678313113210, 0.6300653338226673839 ) ) ;
#2469 = ORIENTED_EDGE ( 'NONE', *, *, #4289, .F. ) ;
#2470 = ADVANCED_FACE ( 'NONE', ( #4142 ), #607, .F. ) ;
#2471 = EDGE_LOOP ( 'NONE', ( #2657, #4787, #3144, #3952 ) ) ;
#2472 = PLANE ( 'NONE',  #2159 ) ;
#2473 = LINE ( 'NONE', #932, #3312 ) ;
#2474 = CARTESIAN_POINT ( 'NONE',  ( 0.9849325457345063928, 0.9229101667401123921, 0.6149831364336268980 ) ) ;
#2475 = DIRECTION ( 'NONE',  ( 0.000000000000000000, 1.000000000000000000, 0.000000000000000000 ) ) ;
#2476 = CARTESIAN_POINT ( 'NONE',  ( 1.149999999999999689, 0.000000000000000000, -0.5500000000000000444 ) ) ;
#2477 = LINE ( 'NONE', #1805, #406 ) ;
#2478 = VECTOR ( 'NONE', #3287, 1000.000000000000000 ) ;
#2479 = VECTOR ( 'NONE', #5059, 1000.000000000000000 ) ;
#2480 = DIRECTION ( 'NONE',  ( -0.000000000000000000, -1.000000000000000000, -0.000000000000000000 ) ) ;
#2481 = VECTOR ( 'NONE', #1482, 1000.000000000000000 ) ;
#2482 = DIRECTION ( 'NONE',  ( 1.000000000000000000, 0.000000000000000000, -1.734723475976807094E-16 ) ) ;
#2483 = VERTEX_POINT ( 'NONE', #2866 ) ;
#2484 = LINE ( 'NONE', #35, #2251 ) ;
#2485 = CARTESIAN_POINT ( 'NONE',  ( -0.8750000000000001110, 0.3550000000000002598, 0.8750000000000001110 ) ) ;
#2486 = LINE ( 'NONE', #236, #954 ) ;
#2487 = PRESENTATION_STYLE_ASSIGNMENT (( #810 ) ) ;
#2488 = CARTESIAN_POINT ( 'NONE',  ( -0.8649831364336272310, 0.9229101667401120590, -0.7349325457345069479 ) ) ;
#2489 = EDGE_LOOP ( 'NONE', ( #4635, #125, #485, #1042 ) ) ;
#2490 = ORIENTED_EDGE ( 'NONE', *, *, #1530, .T. ) ;
#2491 = ORIENTED_EDGE ( 'NONE', *, *, #3579, .T. ) ;
#2492 = CARTESIAN_POINT ( 'NONE',  ( 0.8686894650627284831, 0.8755417922011198284, 0.7060683951881854270 ) ) ;
#2493 = ORIENTED_EDGE ( 'NONE', *, *, #1906, .F. ) ;
#2494 = VECTOR ( 'NONE', #4655, 1000.000000000000000 ) ;
#2495 = EDGE_LOOP ( 'NONE', ( #3319, #69, #67, #3197 ) ) ;
#2496 = PLANE ( 'NONE',  #852 ) ;
#2497 = CLOSED_SHELL ( 'NONE', ( #3403, #4459, #3235, #2309, #1084, #4115, #5034, #3902, #3034, #4965, #3229, #1338, #3753, #3690, #3793, #1811, #4827, #4882, #1428, #326, #4541, #4583, #4592, #3077, #1658, #1873, #356, #2746, #393, #1636, #1880, #2470, #1837, #5125, #4065, #3379, #2283, #4752, #4103, #1077, #1580, #4351, #83, #2981, #2783, #3113, #899, #3232, #3300 ) ) ;
#2498 = DIRECTION ( 'NONE',  ( 0.000000000000000000, 1.000000000000000000, 0.000000000000000000 ) ) ;
#2499 = CARTESIAN_POINT ( 'NONE',  ( -1.025000000000000577, 4.570019455179279433, -0.6250000000000001110 ) ) ;
#2500 = DIRECTION ( 'NONE',  ( 0.000000000000000000, 0.000000000000000000, -1.000000000000000000 ) ) ;
#2501 = EDGE_CURVE ( 'NONE', #1578, #2483, #535, .T. ) ;
#2502 = ADVANCED_FACE ( 'NONE', ( #3329 ), #4463, .T. ) ;
#2503 = AXIS2_PLACEMENT_3D ( 'NONE', #4389, #4079, #4784 ) ;
#2504 = CARTESIAN_POINT ( 'NONE',  ( 0.1499999999999998002, 0.1000000000000000056, -0.9000000000000000222 ) ) ;
#2505 = ADVANCED_FACE ( 'NONE', ( #3750 ), #4509, .F. ) ;
#2506 = CARTESIAN_POINT ( 'NONE',  ( -0.8557311068452999603, 0.9576220459733116863, 0.6982296464380217671 ) ) ;
#2507 = DIRECTION ( 'NONE',  ( 1.000000000000000000, 0.000000000000000000, 0.000000000000000000 ) ) ;
#2508 = EDGE_CURVE ( 'NONE', #1830, #323, #2943, .T. ) ;
#2509 = AXIS2_PLACEMENT_3D ( 'NONE', #3172, #4767, #3590 ) ;
#2510 = ORIENTED_EDGE ( 'NONE', *, *, #2567, .T. ) ;
#2511 = CARTESIAN_POINT ( 'NONE',  ( 0.000000000000000000, 0.000000000000000000, 0.9000000000000001332 ) ) ;
#2512 = CARTESIAN_POINT ( 'NONE',  ( 0.4249999999999998224, 0.5000000000000000000, 0.1750000000000000167 ) ) ;
#2513 = DIRECTION ( 'NONE',  ( 0.000000000000000000, 1.000000000000000000, 0.000000000000000000 ) ) ;
#2514 = CARTESIAN_POINT ( 'NONE',  ( -0.8381264267612491548, 1.000000000000000222, -0.6275057070449947538 ) ) ;
#2515 = ORIENTED_EDGE ( 'NONE', *, *, #1365, .T. ) ;
#2516 = ORIENTED_EDGE ( 'NONE', *, *, #3778, .F. ) ;
#2517 = VECTOR ( 'NONE', #3857, 1000.000000000000000 ) ;
#2518 = EDGE_CURVE ( 'NONE', #3195, #1151, #978, .T. ) ;
#2519 = ORIENTED_EDGE ( 'NONE', *, *, #3655, .F. ) ;
#2520 = FILL_AREA_STYLE ('',( #1700 ) ) ;
#2521 = CARTESIAN_POINT ( 'NONE',  ( 0.8750000000000000000, 0.8000000000000000444, 0.7250000000000000888 ) ) ;
#2522 = AXIS2_PLACEMENT_3D ( 'NONE', #1422, #3001, #678 ) ;
#2523 = ORIENTED_EDGE ( 'NONE', *, *, #1387, .T. ) ;
#2524 = EDGE_LOOP ( 'NONE', ( #1126, #2402, #2447, #4461 ) ) ;
#2525 = CARTESIAN_POINT ( 'NONE',  ( 0.8750000000000001110, 4.570019455179279433, -0.7750000000000002442 ) ) ;
#2526 = CARTESIAN_POINT ( 'NONE',  ( -1.150000000000000133, 0.1000000000000000056, -0.9000000000000000222 ) ) ;
#2527 = CARTESIAN_POINT ( 'NONE',  ( 1.024999999999999911, 0.8261836026139256495, 0.6249999869108168182 ) ) ;
#2528 = CARTESIAN_POINT ( 'NONE',  ( -0.9560683951881857601, 0.8755417922011200504, -0.6186894650627284831 ) ) ;
#2529 = EDGE_CURVE ( 'NONE', #1099, #1794, #3652, .T. ) ;
#2530 = CARTESIAN_POINT ( 'NONE',  ( 0.8249999999999997335, 0.9500000000000001776, 0.5749999999999999556 ) ) ;
#2531 = FACE_OUTER_BOUND ( 'NONE', #3125, .T. ) ;
#2532 = DIRECTION ( 'NONE',  ( 1.000000000000000000, 0.000000000000000000, -6.195440985631455317E-17 ) ) ;
#2533 = ADVANCED_FACE ( 'NONE', ( #4118 ), #3255, .F. ) ;
#2534 = VERTEX_POINT ( 'NONE', #4851 ) ;
#2535 = LINE ( 'NONE', #3737, #1765 ) ;
#2536 = CARTESIAN_POINT ( 'NONE',  ( 0.8686894650627284831, 0.8755417922011198284, -0.7060683951881854270 ) ) ;
#2537 = PLANE ( 'NONE',  #3536 ) ;
#2538 = DIRECTION ( 'NONE',  ( 0.000000000000000000, -1.000000000000000000, 0.000000000000000000 ) ) ;
#2539 = ORIENTED_EDGE ( 'NONE', *, *, #174, .F. ) ;
#2540 = ORIENTED_EDGE ( 'NONE', *, *, #449, .T. ) ;
#2541 = EDGE_LOOP ( 'NONE', ( #2308, #3936, #3018, #1542 ) ) ;
#2542 = SURFACE_STYLE_FILL_AREA ( #4088 ) ;
#2543 = EDGE_LOOP ( 'NONE', ( #193, #3736, #2279, #1456 ) ) ;
#2544 = VERTEX_POINT ( 'NONE', #3679 ) ;
#2545 = CARTESIAN_POINT ( 'NONE',  ( 0.1499999999999997446, 0.000000000000000000, 0.9000000000000000222 ) ) ;
#2546 = CARTESIAN_POINT ( 'NONE',  ( 1.019793952753601296, 0.8523509833445427342, 0.6236984881884006793 ) ) ;
#2547 = AXIS2_PLACEMENT_3D ( 'NONE', #1490, #3020, #748 ) ;
#2548 = CYLINDRICAL_SURFACE ( 'NONE', #2896, 0.1000000000000001027 ) ;
#2549 = CARTESIAN_POINT ( 'NONE',  ( 0.000000000000000000, 1.000000000000000000, -0.5750000000000000666 ) ) ;
#2550 = DIRECTION ( 'NONE',  ( 0.000000000000000000, 0.000000000000000000, -1.000000000000000000 ) ) ;
#2551 = LINE ( 'NONE', #1086, #3849 ) ;
#2552 = VECTOR ( 'NONE', #982, 1000.000000000000000 ) ;
#2553 = UNCERTAINTY_MEASURE_WITH_UNIT (LENGTH_MEASURE( 1.000000000000000082E-05 ), #3573, 'distance_accuracy_value', 'NONE');
#2554 = AXIS2_PLACEMENT_3D ( 'NONE', #437, #2782, #108 ) ;
#2555 = EDGE_LOOP ( 'NONE', ( #898, #3980, #4898, #5048 ) ) ;
#2556 = FACE_OUTER_BOUND ( 'NONE', #367, .T. ) ;
#2557 =( BOUNDED_SURFACE ( )  B_SPLINE_SURFACE ( 3, 3, ( 
 ( #3878, #333, #3096, #1130 ),
 ( #2701, #4428, #3565, #1182 ),
 ( #3983, #3931, #2750, #3591 ),
 ( #818, #3151, #2058, #1619 ) ),
 .UNSPECIFIED., .F., .F., .T. ) 
 B_SPLINE_SURFACE_WITH_KNOTS ( ( 4, 4 ),
 ( 4, 4 ),
 ( 0.000000000000000000, 1.000000000000000000 ),
 ( 0.000000000000000000, 1.000000000000000000 ),
 .UNSPECIFIED. ) 
 GEOMETRIC_REPRESENTATION_ITEM ( )  RATIONAL_B_SPLINE_SURFACE ( (
 ( 1.000000000000000000, 0.8047378541243643824, 0.8047378541243643824, 1.000000000000000000),
 ( 0.8047378541243644934, 0.6476030138606868602, 0.6476030138606868602, 0.8047378541243644934),
 ( 0.8047378541243644934, 0.6476030138606868602, 0.6476030138606868602, 0.8047378541243644934),
 ( 1.000000000000000000, 0.8047378541243643824, 0.8047378541243643824, 1.000000000000000000) ) ) 
 REPRESENTATION_ITEM ( '' )  SURFACE ( )  );
#2558 = DIRECTION ( 'NONE',  ( 0.000000000000000000, 1.000000000000000000, 0.000000000000000000 ) ) ;
#2559 = DIRECTION ( 'NONE',  ( 0.000000000000000000, 0.000000000000000000, -1.000000000000000000 ) ) ;
#2560 = CARTESIAN_POINT ( 'NONE',  ( -1.025000000000000577, 0.8261836026139262046, -0.6249999869108165962 ) ) ;
#2561 = EDGE_CURVE ( 'NONE', #3032, #494, #2473, .T. ) ;
#2562 = VECTOR ( 'NONE', #23, 1000.000000000000000 ) ;
#2563 = ORIENTED_EDGE ( 'NONE', *, *, #1777, .F. ) ;
#2564 = ORIENTED_EDGE ( 'NONE', *, *, #3742, .F. ) ;
#2565 = ORIENTED_EDGE ( 'NONE', *, *, #754, .T. ) ;
#2566 = LINE ( 'NONE', #225, #2076 ) ;
#2567 = EDGE_CURVE ( 'NONE', #3398, #3810, #5022, .T. ) ;
#2568 = ORIENTED_EDGE ( 'NONE', *, *, #679, .T. ) ;
#2569 = EDGE_CURVE ( 'NONE', #5105, #657, #2675, .T. ) ;
#2570 = VERTEX_POINT ( 'NONE', #1902 ) ;
#2571 = DIRECTION ( 'NONE',  ( -1.000000000000000000, -0.000000000000000000, 0.000000000000000000 ) ) ;
#2572 = CARTESIAN_POINT ( 'NONE',  ( -0.8800653338226683831, 0.9457209678313143186, 0.6300653338226677169 ) ) ;
#2573 = CYLINDRICAL_SURFACE ( 'NONE', #418, 0.1500000000000000777 ) ;
#2574 = EDGE_LOOP ( 'NONE', ( #1157, #2777, #4870, #4324 ) ) ;
#2575 = VECTOR ( 'NONE', #4462, 1000.000000000000000 ) ;
#2576 = CARTESIAN_POINT ( 'NONE',  ( 0.8749999999999998890, 0.3550000000000002598, -0.8750000000000001110 ) ) ;
#2577 = DIRECTION ( 'NONE',  ( -1.000000000000000000, -0.000000000000000000, -0.000000000000000000 ) ) ;
#2578 = DIRECTION ( 'NONE',  ( 1.000000000000000000, -0.000000000000000000, -3.097720492815728645E-16 ) ) ;
#2579 = DIRECTION ( 'NONE',  ( -0.000000000000000000, -0.000000000000000000, -1.000000000000000000 ) ) ;
#2580 = ORIENTED_EDGE ( 'NONE', *, *, #1308, .F. ) ;
#2581 = DIRECTION ( 'NONE',  ( -1.000000000000000000, -0.000000000000000000, -0.000000000000000000 ) ) ;
#2582 = VECTOR ( 'NONE', #624, 1000.000000000000000 ) ;
#2583 = FACE_OUTER_BOUND ( 'NONE', #1172, .T. ) ;
#2584 = CARTESIAN_POINT ( 'NONE',  ( -0.5000000000000002220, 0.1000000000000000056, -0.9000000000000000222 ) ) ;
#2585 = VERTEX_POINT ( 'NONE', #331 ) ;
#2586 = ORIENTED_EDGE ( 'NONE', *, *, #1552, .F. ) ;
#2587 = EDGE_CURVE ( 'NONE', #1644, #2384, #1074, .T. ) ;
#2588 = VERTEX_POINT ( 'NONE', #4636 ) ;
#2589 = EDGE_CURVE ( 'NONE', #3350, #2250, #5049, .T. ) ;
#2590 = AXIS2_PLACEMENT_3D ( 'NONE', #4556, #1379, #3007 ) ;
#2591 = PRODUCT ( 'BMP280', 'BMP280', '', ( #1823 ) ) ;
#2592 = VECTOR ( 'NONE', #117, 1000.000000000000000 ) ;
#2593 = VERTEX_POINT ( 'NONE', #3433 ) ;
#2594 = AXIS2_PLACEMENT_3D ( 'NONE', #3075, #3738, #1347 ) ;
#2595 = EDGE_CURVE ( 'NONE', #789, #3195, #2989, .T. ) ;
#2596 = ORIENTED_EDGE ( 'NONE', *, *, #1387, .F. ) ;
#2597 = CARTESIAN_POINT ( 'NONE',  ( -0.9750000000000005329, 0.7999999999999999334, -0.7250000000000001998 ) ) ;
#2598 = CARTESIAN_POINT ( 'NONE',  ( -1.125000000000000888, 0.3550000000000002598, -0.6249999999999998890 ) ) ;
#2599 = LINE ( 'NONE', #3729, #4899 ) ;
#2600 = VECTOR ( 'NONE', #2611, 1000.000000000000000 ) ;
#2601 = EDGE_CURVE ( 'NONE', #4847, #4702, #2287, .T. ) ;
#2602 = ORIENTED_EDGE ( 'NONE', *, *, #5087, .T. ) ;
#2603 = LINE ( 'NONE', #5028, #1104 ) ;
#2604 = CARTESIAN_POINT ( 'NONE',  ( 0.4999999999999997780, 0.1000000000000000056, 0.9000000000000001332 ) ) ;
#2605 = LINE ( 'NONE', #918, #4848 ) ;
#2606 = CARTESIAN_POINT ( 'NONE',  ( -1.150000000000000133, 0.1000000000000000056, 0.9000000000000000222 ) ) ;
#2607 = CARTESIAN_POINT ( 'NONE',  ( -0.8750000000000002220, 0.2550000000000000044, 0.8250000000000000666 ) ) ;
#2608 = ORIENTED_EDGE ( 'NONE', *, *, #2884, .F. ) ;
#2609 =( LENGTH_UNIT ( ) NAMED_UNIT ( * ) SI_UNIT ( .MILLI., .METRE. ) );
#2610 = DIRECTION ( 'NONE',  ( 0.000000000000000000, -0.000000000000000000, -1.000000000000000000 ) ) ;
#2611 = DIRECTION ( 'NONE',  ( -0.000000000000000000, -1.000000000000000000, 0.000000000000000000 ) ) ;
#2612 = CARTESIAN_POINT ( 'NONE',  ( 0.9349551391291537339, 0.9674242752150657987, 0.6023397382471810113 ) ) ;
#2613 = ORIENTED_EDGE ( 'NONE', *, *, #1897, .F. ) ;
#2614 = CARTESIAN_POINT ( 'NONE',  ( -0.5000000000000002220, 0.000000000000000000, 0.9000000000000000222 ) ) ;
#2615 = ORIENTED_EDGE ( 'NONE', *, *, #541, .F. ) ;
#2616 = EDGE_LOOP ( 'NONE', ( #3296, #1376, #3850, #5017 ) ) ;
#2617 = EDGE_LOOP ( 'NONE', ( #4812, #925, #305, #3561 ) ) ;
#2618 = CARTESIAN_POINT ( 'NONE',  ( -0.5000000000000002220, 0.1000000000000000056, 0.9000000000000000222 ) ) ;
#2619 = CARTESIAN_POINT ( 'NONE',  ( 0.9558265723222202359, 0.2355061701062369506, 0.7629795897113269554 ) ) ;
#2620 = DIRECTION ( 'NONE',  ( 1.000000000000000000, -0.000000000000000000, -3.097720492815726673E-16 ) ) ;
#2621 = ADVANCED_FACE ( 'NONE', ( #3485 ), #5076, .F. ) ;
#2622 = ORIENTED_EDGE ( 'NONE', *, *, #5021, .T. ) ;
#2623 = UNCERTAINTY_MEASURE_WITH_UNIT (LENGTH_MEASURE( 1.000000000000000082E-05 ), #762, 'distance_accuracy_value', 'NONE');
#2624 = DIRECTION ( 'NONE',  ( 0.000000000000000000, -1.000000000000000000, 0.000000000000000000 ) ) ;
#2625 = VECTOR ( 'NONE', #4467, 1000.000000000000000 ) ;
#2626 = CARTESIAN_POINT ( 'NONE',  ( 0.8750000000000001110, 0.3550000000000002598, 0.7749999999999999112 ) ) ;
#2627 = CARTESIAN_POINT ( 'NONE',  ( -0.8000000000000001554, 0.1000000000000000056, -0.9000000000000001332 ) ) ;
#2628 = CARTESIAN_POINT ( 'NONE',  ( 0.000000000000000000, 0.8000000000000000444, -0.7250000000000001998 ) ) ;
#2629 = DIRECTION ( 'NONE',  ( 0.000000000000000000, 1.000000000000000000, 0.000000000000000000 ) ) ;
#2630 = ADVANCED_FACE ( 'NONE', ( #3400 ), #1850, .T. ) ;
#2631 = VERTEX_POINT ( 'NONE', #228 ) ;
#2632 = CARTESIAN_POINT ( 'NONE',  ( 0.4999999999999997780, 0.1000000000000000056, 0.9000000000000001332 ) ) ;
#2633 = DIRECTION ( 'NONE',  ( 0.000000000000000000, 0.000000000000000000, 1.000000000000000000 ) ) ;
#2634 = CARTESIAN_POINT ( 'NONE',  ( -1.150000000000000133, 0.000000000000000000, -0.9000000000000000222 ) ) ;
#2635 = CARTESIAN_POINT ( 'NONE',  ( 0.9520347736471977962, 0.9654817235112984619, -0.7020347736471983513 ) ) ;
#2636 = EDGE_LOOP ( 'NONE', ( #2515, #1816, #3999, #681 ) ) ;
#2637 = CARTESIAN_POINT ( 'NONE',  ( -1.020347253186701053, 0.8502477846967513297, 0.6237796115882771053 ) ) ;
#2638 = VERTEX_POINT ( 'NONE', #4272 ) ;
#2639 = AXIS2_PLACEMENT_3D ( 'NONE', #3331, #1362, #4930 ) ;
#2640 = CARTESIAN_POINT ( 'NONE',  ( 0.000000000000000000, 0.1449999999999999900, -1.000000000000000444 ) ) ;
#2641 = VECTOR ( 'NONE', #4487, 1000.000000000000000 ) ;
#2642 = EDGE_LOOP ( 'NONE', ( #2176, #3717, #4820 ) ) ;
#2643 = ORIENTED_EDGE ( 'NONE', *, *, #3334, .T. ) ;
#2644 = FACE_OUTER_BOUND ( 'NONE', #2718, .T. ) ;
#2645 = CARTESIAN_POINT ( 'NONE',  ( -0.8643792802837466649, 0.9500000000000000666, 0.5881264267612487107 ) ) ;
#2646 = DIRECTION ( 'NONE',  ( 0.000000000000000000, -0.000000000000000000, 1.000000000000000000 ) ) ;
#2647 = FILL_AREA_STYLE_COLOUR ( '', #4095 ) ;
#2648 = DIRECTION ( 'NONE',  ( 0.000000000000000000, 0.000000000000000000, -1.000000000000000000 ) ) ;
#2649 = ADVANCED_FACE ( 'NONE', ( #2644 ), #308, .F. ) ;
#2650 = CARTESIAN_POINT ( 'NONE',  ( -1.075000000000000400, 0.2135786437626908951, -0.6250000000000001110 ) ) ;
#2651 = CARTESIAN_POINT ( 'NONE',  ( 0.8381264267612483776, 0.9500000000000000666, -0.6143792802837457767 ) ) ;
#2652 = EDGE_CURVE ( 'NONE', #527, #1955, #1051, .T. ) ;
#2653 = CARTESIAN_POINT ( 'NONE',  ( -0.8736984881884010123, 0.8392632375084068119, -0.7210954645652013495 ) ) ;
#2654 = CARTESIAN_POINT ( 'NONE',  ( 0.000000000000000000, 0.1000000000000000056, 0.000000000000000000 ) ) ;
#2655 = LINE ( 'NONE', #4203, #871 ) ;
#2656 = AXIS2_PLACEMENT_3D ( 'NONE', #2614, #956, #653 ) ;
#2657 = ORIENTED_EDGE ( 'NONE', *, *, #3358, .T. ) ;
#2658 = EDGE_CURVE ( 'NONE', #2029, #1476, #1408, .T. ) ;
#2659 = VECTOR ( 'NONE', #1944, 1000.000000000000000 ) ;
#2660 = CARTESIAN_POINT ( 'NONE',  ( 0.9628679656440357615, 0.3550000000000002598, -0.7749999999999999112 ) ) ;
#2661 = DIRECTION ( 'NONE',  ( -1.000000000000000000, 0.000000000000000000, 0.000000000000000000 ) ) ;
#2662 = CARTESIAN_POINT ( 'NONE',  ( 0.7999999999999999334, 0.000000000000000000, -0.5499999999999999334 ) ) ;
#2663 = EDGE_CURVE ( 'NONE', #4116, #271, #3824, .T. ) ;
#2664 = CARTESIAN_POINT ( 'NONE',  ( 0.8249999999999998446, 1.000000000000000000, 0.5749999999999998446 ) ) ;
#2665 = ORIENTED_EDGE ( 'NONE', *, *, #1906, .T. ) ;
#2666 = VECTOR ( 'NONE', #1608, 1000.000000000000000 ) ;
#2667 = FACE_OUTER_BOUND ( 'NONE', #2253, .T. ) ;
#2668 = ORIENTED_EDGE ( 'NONE', *, *, #5021, .F. ) ;
#2669 = SURFACE_SIDE_STYLE ('',( #632 ) ) ;
#2670 = VECTOR ( 'NONE', #4697, 1000.000000000000000 ) ;
#2671 = EDGE_LOOP ( 'NONE', ( #3584, #1673, #1381, #4041 ) ) ;
#2672 = AXIS2_PLACEMENT_3D ( 'NONE', #1409, #2208, #3038 ) ;
#2673 = ORIENTED_EDGE ( 'NONE', *, *, #3614, .T. ) ;
#2674 = AXIS2_PLACEMENT_3D ( 'NONE', #3756, #91, #1415 ) ;
#2675 = LINE ( 'NONE', #4973, #180 ) ;
#2676 = CARTESIAN_POINT ( 'NONE',  ( 1.074999999999999956, 0.2135786437626907286, 0.6250000000000001110 ) ) ;
#2677 = DIRECTION ( 'NONE',  ( -0.000000000000000000, -0.000000000000000000, 1.000000000000000000 ) ) ;
#2678 = DIRECTION ( 'NONE',  ( 0.000000000000000000, 0.000000000000000000, -1.000000000000000000 ) ) ;
#2679 = CIRCLE ( 'NONE', #456, 0.2500000000000002220 ) ;
#2680 = DIRECTION ( 'NONE',  ( 1.000000000000000000, 0.000000000000000000, -0.000000000000000000 ) ) ;
#2681 =( GEOMETRIC_REPRESENTATION_CONTEXT ( 3 ) GLOBAL_UNCERTAINTY_ASSIGNED_CONTEXT ( ( #5027 ) ) GLOBAL_UNIT_ASSIGNED_CONTEXT ( ( #1975, #2955, #525 ) ) REPRESENTATION_CONTEXT ( 'NONE', 'WORKASPACE' ) );
#2682 = DIRECTION ( 'NONE',  ( -0.000000000000000000, -1.000000000000000000, -0.000000000000000000 ) ) ;
#2683 = LINE ( 'NONE', #1883, #2020 ) ;
#2684 = DIRECTION ( 'NONE',  ( 0.000000000000000000, -1.000000000000000000, 0.000000000000000000 ) ) ;
#2685 = CARTESIAN_POINT ( 'NONE',  ( -0.8749999552455509644, 0.8000000000000000444, 0.7749999999999667155 ) ) ;
#2686 = DIRECTION ( 'NONE',  ( 0.000000000000000000, 0.000000000000000000, 1.000000000000000000 ) ) ;
#2687 = EDGE_CURVE ( 'NONE', #2585, #1429, #277, .T. ) ;
#2688 = EDGE_CURVE ( 'NONE', #2588, #223, #3067, .T. ) ;
#2689 = EDGE_LOOP ( 'NONE', ( #2463, #3632, #2937, #947 ) ) ;
#2690 = CARTESIAN_POINT ( 'NONE',  ( 0.4249999999999998224, 1.000000000000000000, 0.1750000000000000167 ) ) ;
#2691 = CARTESIAN_POINT ( 'NONE',  ( 0.000000000000000000, 0.000000000000000000, -0.9000000000000000222 ) ) ;
#2692 = CARTESIAN_POINT ( 'NONE',  ( 0.1499999999999999667, 0.1000000000000000056, -0.5499999999999999334 ) ) ;
#2693 = ADVANCED_FACE ( 'NONE', ( #4585 ), #452, .F. ) ;
#2694 = DIRECTION ( 'NONE',  ( -0.000000000000000000, -1.000000000000000000, -0.000000000000000000 ) ) ;
#2695 = VERTEX_POINT ( 'NONE', #1617 ) ;
#2696 = FACE_OUTER_BOUND ( 'NONE', #377, .T. ) ;
#2697 = ORIENTED_EDGE ( 'NONE', *, *, #1057, .F. ) ;
#2698 = ORIENTED_EDGE ( 'NONE', *, *, #2068, .T. ) ;
#2699 = CARTESIAN_POINT ( 'NONE',  ( -0.9750000000000006439, 0.8000000000000000444, -0.6250000000000000000 ) ) ;
#2700 = FACE_OUTER_BOUND ( 'NONE', #1743, .T. ) ;
#2701 = CARTESIAN_POINT ( 'NONE',  ( -0.8750000000000001110, 0.2550000000000001710, -0.8164213562373098254 ) ) ;
#2702 = LINE ( 'NONE', #26, #3851 ) ;
#2703 = CARTESIAN_POINT ( 'NONE',  ( 1.021446609406726269, 0.2550000000000002820, 0.8749999999999996669 ) ) ;
#2704 = PLANE ( 'NONE',  #876 ) ;
#2705 = PLANE ( 'NONE',  #3057 ) ;
#2706 = DIRECTION ( 'NONE',  ( -0.000000000000000000, -1.000000000000000000, -0.000000000000000000 ) ) ;
#2707 = EDGE_LOOP ( 'NONE', ( #2698, #73, #4773, #505 ) ) ;
#2708 = DIRECTION ( 'NONE',  ( -0.000000000000000000, -1.000000000000000000, -0.000000000000000000 ) ) ;
#2709 = LINE ( 'NONE', #293, #4246 ) ;
#2710 = LINE ( 'NONE', #3995, #1285 ) ;
#2711 = CARTESIAN_POINT ( 'NONE',  ( 1.024999999999999911, 0.8261836026139256495, -0.6249999869108168182 ) ) ;
#2712 = ORIENTED_EDGE ( 'NONE', *, *, #3385, .F. ) ;
#2713 = B_SPLINE_CURVE_WITH_KNOTS ( 'NONE', 3,
 ( #4326, #817, #3149, #2361, #1510, #769, #741, #5130, #3982, #3877, #4741, #1903, #430 ),
 .UNSPECIFIED., .F., .F.,
 ( 4, 2, 2, 1, 2, 2, 4 ),
 ( 0.000000000000000000, 0.2499999999999959477, 0.3749999999999938938, 0.4374999999999937828, 0.4687499999999946154, 0.4999999999999954481, 1.000000000000000000 ),
 .UNSPECIFIED. ) ;
#2714 = FACE_OUTER_BOUND ( 'NONE', #1325, .T. ) ;
#2715 = ADVANCED_FACE ( 'NONE', ( #1956 ), #403, .F. ) ;
#2716 = PRESENTATION_STYLE_ASSIGNMENT (( #1147 ) ) ;
#2717 = EDGE_LOOP ( 'NONE', ( #2880, #201, #1643, #1412 ) ) ;
#2718 = EDGE_LOOP ( 'NONE', ( #2712, #614, #4911, #716 ) ) ;
#2719 = VECTOR ( 'NONE', #3708, 1000.000000000000000 ) ;
#2720 = AXIS2_PLACEMENT_3D ( 'NONE', #4714, #1153, #3540 ) ;
#2721 = EDGE_LOOP ( 'NONE', ( #2284, #1592, #2988, #4263 ) ) ;
#2722 = EDGE_CURVE ( 'NONE', #553, #4691, #1165, .T. ) ;
#2723 = CARTESIAN_POINT ( 'NONE',  ( -0.9997578602509140655, 0.9007223896014928677, 0.6186894650627284831 ) ) ;
#2724 = FACE_OUTER_BOUND ( 'NONE', #4771, .T. ) ;
#2725 = AXIS2_PLACEMENT_3D ( 'NONE', #1562, #70, #2003 ) ;
#2726 = CARTESIAN_POINT ( 'NONE',  ( 1.074999999999999734, 0.2550000000000000044, -0.6250000000000001110 ) ) ;
#2727 = EDGE_CURVE ( 'NONE', #1044, #4039, #4397, .T. ) ;
#2728 = STYLED_ITEM ( 'NONE', ( #684 ), #3516 ) ;
#2729 =( NAMED_UNIT ( * ) SI_UNIT ( $, .STERADIAN. ) SOLID_ANGLE_UNIT ( ) );
#2730 = VERTEX_POINT ( 'NONE', #4766 ) ;
#2731 = CARTESIAN_POINT ( 'NONE',  ( -1.250000000000000222, 0.000000000000000000, -1.000000000000000222 ) ) ;
#2732 = CARTESIAN_POINT ( 'NONE',  ( -0.8750000000000004441, 0.8000000000000001554, 0.6250000000000000000 ) ) ;
#2733 = DIRECTION ( 'NONE',  ( -3.097720492815728645E-16, 0.000000000000000000, -1.000000000000000000 ) ) ;
#2734 = CARTESIAN_POINT ( 'NONE',  ( 0.9499999999999996225, 0.1000000000000000056, 0.2500000000000001665 ) ) ;
#2735 = CARTESIAN_POINT ( 'NONE',  ( 0.8750000000000001110, 0.2550000000000002820, 0.6250000000000001110 ) ) ;
#2736 = ADVANCED_FACE ( 'NONE', ( #3511 ), #1502, .T. ) ;
#2737 = ORIENTED_EDGE ( 'NONE', *, *, #4577, .F. ) ;
#2738 = CARTESIAN_POINT ( 'NONE',  ( 0.9871320343559644162, 0.2550000000000000044, -0.8164213562373097144 ) ) ;
#2739 = CARTESIAN_POINT ( 'NONE',  ( 0.8750000000000001110, 0.3550000000000002598, 0.8750000000000001110 ) ) ;
#2740 = CARTESIAN_POINT ( 'NONE',  ( -0.1500000000000002165, 0.1000000000000000056, 0.9000000000000001332 ) ) ;
#2741 = ORIENTED_EDGE ( 'NONE', *, *, #3519, .F. ) ;
#2742 = CARTESIAN_POINT ( 'NONE',  ( -0.1500000000000002165, 0.000000000000000000, -0.5500000000000000444 ) ) ;
#2743 = VERTEX_POINT ( 'NONE', #2800 ) ;
#2744 = EDGE_CURVE ( 'NONE', #4164, #1977, #3121, .T. ) ;
#2745 = ORIENTED_EDGE ( 'NONE', *, *, #264, .F. ) ;
#2746 = ADVANCED_FACE ( 'NONE', ( #2313 ), #3904, .F. ) ;
#2747 = ORIENTED_EDGE ( 'NONE', *, *, #703, .F. ) ;
#2748 = CARTESIAN_POINT ( 'NONE',  ( -0.8643792802837466649, 0.9500000000000000666, -0.5881264267612487107 ) ) ;
#2749 = FACE_BOUND ( 'NONE', #4579, .T. ) ;
#2750 = CARTESIAN_POINT ( 'NONE',  ( -1.025000000000000577, 0.2964213562373096966, -0.7128679656440356505 ) ) ;
#2751 = EDGE_CURVE ( 'NONE', #2338, #3909, #4641, .T. ) ;
#2752 = AXIS2_PLACEMENT_3D ( 'NONE', #1024, #2990, #4192 ) ;
#2753 = VERTEX_POINT ( 'NONE', #3104 ) ;
#2754 = PLANE ( 'NONE',  #3688 ) ;
#2755 = CLOSED_SHELL ( 'NONE', ( #514, #516, #4423, #1899, #4798, #10 ) ) ;
#2756 = DIRECTION ( 'NONE',  ( -6.195440985631456303E-16, 0.000000000000000000, -1.000000000000000000 ) ) ;
#2757 = LINE ( 'NONE', #1187, #1699 ) ;
#2758 = CARTESIAN_POINT ( 'NONE',  ( 0.000000000000000000, 0.1000000000000000056, 0.000000000000000000 ) ) ;
#2759 = DIRECTION ( 'NONE',  ( -0.000000000000000000, -1.000000000000000000, -0.000000000000000000 ) ) ;
#2760 = VECTOR ( 'NONE', #2024, 1000.000000000000000 ) ;
#2761 = VECTOR ( 'NONE', #2339, 1000.000000000000000 ) ;
#2762 = VECTOR ( 'NONE', #4710, 1000.000000000000000 ) ;
#2763 = CARTESIAN_POINT ( 'NONE',  ( 0.8750000000000000000, 0.2355061701062366730, -0.7629795897113271774 ) ) ;
#2764 = LINE ( 'NONE', #1245, #4141 ) ;
#2765 = CARTESIAN_POINT ( 'NONE',  ( 0.8749999999999996669, 0.2550000000000000044, 0.8749999999999997780 ) ) ;
#2766 = AXIS2_PLACEMENT_3D ( 'NONE', #1918, #4705, #4312 ) ;
#2767 = ORIENTED_EDGE ( 'NONE', *, *, #3554, .F. ) ;
#2768 = DIRECTION ( 'NONE',  ( 0.000000000000000000, 0.000000000000000000, -1.000000000000000000 ) ) ;
#2769 = LINE ( 'NONE', #2795, #384 ) ;
#2770 = DIRECTION ( 'NONE',  ( 0.000000000000000000, 0.000000000000000000, 1.000000000000000000 ) ) ;
#2771 = ORIENTED_EDGE ( 'NONE', *, *, #3778, .T. ) ;
#2772 = VERTEX_POINT ( 'NONE', #4721 ) ;
#2773 = ORIENTED_EDGE ( 'NONE', *, *, #1777, .T. ) ;
#2774 = CARTESIAN_POINT ( 'NONE',  ( -0.8736984881884009013, 0.8523509833445427342, 0.7697939527536012960 ) ) ;
#2775 = CARTESIAN_POINT ( 'NONE',  ( 0.9749999999999998668, 0.8000000000000000444, 0.6250000000000001110 ) ) ;
#2776 = DIRECTION ( 'NONE',  ( -1.000000000000000000, 0.000000000000000000, -0.000000000000000000 ) ) ;
#2777 = ORIENTED_EDGE ( 'NONE', *, *, #3357, .F. ) ;
#2778 = ORIENTED_EDGE ( 'NONE', *, *, #3639, .T. ) ;
#2779 = DIRECTION ( 'NONE',  ( 1.000000000000000000, -0.000000000000000000, 3.097720492815728645E-16 ) ) ;
#2780 = DIRECTION ( 'NONE',  ( 1.000000000000000000, 0.000000000000000000, 0.000000000000000000 ) ) ;
#2781 = CARTESIAN_POINT ( 'NONE',  ( -0.9750000000000003109, 0.3550000000000002598, -0.6835786437626905077 ) ) ;
#2782 = DIRECTION ( 'NONE',  ( -0.000000000000000000, -1.000000000000000000, -0.000000000000000000 ) ) ;
#2783 = ADVANCED_FACE ( 'NONE', ( #724 ), #1136, .T. ) ;
#2784 = CARTESIAN_POINT ( 'NONE',  ( -1.125000000000000666, 0.2550000000000000044, -0.6249999999999998890 ) ) ;
#2785 = CARTESIAN_POINT ( 'NONE',  ( 0.9749999999999998668, 0.3550000000000002598, -0.6835786437626902856 ) ) ;
#2786 = EDGE_CURVE ( 'NONE', #323, #4506, #3129, .T. ) ;
#2787 = CARTESIAN_POINT ( 'NONE',  ( 1.149999999999999689, 0.1000000000000000056, 0.9000000000000000222 ) ) ;
#2788 = CARTESIAN_POINT ( 'NONE',  ( 0.8750000000000001110, 0.2135786437626907008, -0.6250000000000001110 ) ) ;
#2789 = EDGE_CURVE ( 'NONE', #4401, #1132, #1083, .T. ) ;
#2790 = VERTEX_POINT ( 'NONE', #5086 ) ;
#2791 = B_SPLINE_CURVE_WITH_KNOTS ( 'NONE', 3,
 ( #1661, #3240, #4366, #3665, #892, #808, #495, #3266, #4153, #1715, #3711, #4962, #4599 ),
 .UNSPECIFIED., .F., .F.,
 ( 4, 2, 2, 1, 2, 2, 4 ),
 ( 0.000000000000000000, 0.2499999999999966693, 0.3749999999999951150, 0.4374999999999947264, 0.4687499999999951150, 0.4999999999999955591, 1.000000000000000000 ),
 .UNSPECIFIED. ) ;
#2792 = DIRECTION ( 'NONE',  ( 0.000000000000000000, 1.000000000000000000, 0.000000000000000000 ) ) ;
#2793 = VECTOR ( 'NONE', #1832, 1000.000000000000000 ) ;
#2794 = DIRECTION ( 'NONE',  ( -0.000000000000000000, -1.000000000000000000, -0.000000000000000000 ) ) ;
#2795 = CARTESIAN_POINT ( 'NONE',  ( -0.1500000000000002165, 0.1000000000000000056, -0.5500000000000000444 ) ) ;
#2796 = SURFACE_STYLE_FILL_AREA ( #1174 ) ;
#2797 = EDGE_LOOP ( 'NONE', ( #2950, #87, #2102, #2987 ) ) ;
#2798 = VERTEX_POINT ( 'NONE', #4700 ) ;
#2799 = ORIENTED_EDGE ( 'NONE', *, *, #147, .F. ) ;
#2800 = CARTESIAN_POINT ( 'NONE',  ( -1.075000000000000400, 0.1449999999999999900, -0.6250000000000000000 ) ) ;
#2801 = FACE_BOUND ( 'NONE', #2001, .T. ) ;
#2802 = CARTESIAN_POINT ( 'NONE',  ( 1.249999999999999778, 0.1549999999999999989, -1.000000000000000444 ) ) ;
#2803 = VECTOR ( 'NONE', #4519, 1000.000000000000000 ) ;
#2804 = EDGE_LOOP ( 'NONE', ( #4713, #1286, #1378, #2027 ) ) ;
#2805 = VECTOR ( 'NONE', #561, 1000.000000000000000 ) ;
#2806 = VERTEX_POINT ( 'NONE', #4225 ) ;
#2807 = CARTESIAN_POINT ( 'NONE',  ( 0.8749999999999996669, 0.2550000000000000044, -0.6250000000000001110 ) ) ;
#2808 = DIRECTION ( 'NONE',  ( 0.000000000000000000, 0.000000000000000000, -1.000000000000000000 ) ) ;
#2809 = CARTESIAN_POINT ( 'NONE',  ( -0.8750000000000003331, 0.3550000000000002598, -0.7250000000000001998 ) ) ;
#2810 = DIRECTION ( 'NONE',  ( 0.000000000000000000, -1.000000000000000000, 0.000000000000000000 ) ) ;
#2811 = CARTESIAN_POINT ( 'NONE',  ( 1.149999999999999689, 0.1000000000000000056, -0.5500000000000000444 ) ) ;
#2812 = MECHANICAL_DESIGN_GEOMETRIC_PRESENTATION_REPRESENTATION (  '', ( #1001 ), #580 ) ;
#2813 = AXIS2_PLACEMENT_3D ( 'NONE', #4166, #4561, #2891 ) ;
#2814 = ADVANCED_FACE ( 'NONE', ( #3885 ), #2705, .T. ) ;
#2815 = EDGE_CURVE ( 'NONE', #4530, #4183, #338, .T. ) ;
#2816 = DIRECTION ( 'NONE',  ( 3.097720492815726673E-16, 0.000000000000000000, -1.000000000000000000 ) ) ;
#2817 = LINE ( 'NONE', #3188, #4560 ) ;
#2818 = DIRECTION ( 'NONE',  ( 0.000000000000000000, 1.000000000000000000, 0.000000000000000000 ) ) ;
#2819 = EDGE_CURVE ( 'NONE', #3059, #1306, #863, .T. ) ;
#2820 = ORIENTED_EDGE ( 'NONE', *, *, #1804, .F. ) ;
#2821 = CARTESIAN_POINT ( 'NONE',  ( 0.8572982850465278304, 0.9526810330606628741, -0.7043490182313114634 ) ) ;
#2822 = DIRECTION ( 'NONE',  ( -3.097720492815726673E-16, 0.000000000000000000, -1.000000000000000000 ) ) ;
#2823 = PLANE ( 'NONE',  #2674 ) ;
#2824 = EDGE_CURVE ( 'NONE', #96, #3118, #362, .T. ) ;
#2825 = DIRECTION ( 'NONE',  ( 0.000000000000000000, 1.000000000000000000, 0.000000000000000000 ) ) ;
#2826 = ORIENTED_EDGE ( 'NONE', *, *, #903, .F. ) ;
#2827 = VECTOR ( 'NONE', #486, 1000.000000000000000 ) ;
#2828 = ORIENTED_EDGE ( 'NONE', *, *, #4565, .F. ) ;
#2829 = VERTEX_POINT ( 'NONE', #3914 ) ;
#2830 = CARTESIAN_POINT ( 'NONE',  ( -0.8250000000000000666, 1.000000000000000000, 0.5749999999999999556 ) ) ;
#2831 = FACE_OUTER_BOUND ( 'NONE', #222, .T. ) ;
#2832 = EDGE_CURVE ( 'NONE', #4537, #3716, #1935, .T. ) ;
#2833 = ORIENTED_EDGE ( 'NONE', *, *, #3614, .F. ) ;
#2834 = ORIENTED_EDGE ( 'NONE', *, *, #2946, .T. ) ;
#2835 = AXIS2_PLACEMENT_3D ( 'NONE', #421, #1632, #4863 ) ;
#2836 = CARTESIAN_POINT ( 'NONE',  ( 0.4249999999999998224, 0.9499999999999999556, 0.3250000000000000111 ) ) ;
#2837 = CARTESIAN_POINT ( 'NONE',  ( 1.124999999999999778, 0.2550000000000001710, 0.6249999999999998890 ) ) ;
#2838 = CARTESIAN_POINT ( 'NONE',  ( 1.024999999999999689, 0.7999999999999999334, 0.7750000000000003553 ) ) ;
#2839 = LINE ( 'NONE', #2092, #4651 ) ;
#2840 = PLANE ( 'NONE',  #4728 ) ;
#2841 = AXIS2_PLACEMENT_3D ( 'NONE', #2735, #3158, #3208 ) ;
#2842 = FACE_OUTER_BOUND ( 'NONE', #1017, .T. ) ;
#2843 = VECTOR ( 'NONE', #5089, 1000.000000000000000 ) ;
#2844 = DIRECTION ( 'NONE',  ( -1.000000000000000000, -0.000000000000000000, -3.097720492815728645E-16 ) ) ;
#2845 = CARTESIAN_POINT ( 'NONE',  ( 0.8750000000000001110, 0.3550000000000002598, 0.6250000000000001110 ) ) ;
#2846 = EDGE_CURVE ( 'NONE', #2544, #2077, #3523, .T. ) ;
#2847 = PRESENTATION_LAYER_ASSIGNMENT (  '', '', ( #134 ) ) ;
#2848 = VECTOR ( 'NONE', #131, 1000.000000000000000 ) ;
#2849 = ORIENTED_EDGE ( 'NONE', *, *, #3346, .T. ) ;
#2850 = CARTESIAN_POINT ( 'NONE',  ( 0.4999999999999997780, 0.1000000000000000056, 0.5500000000000000444 ) ) ;
#2851 = AXIS2_PLACEMENT_3D ( 'NONE', #138, #493, #2482 ) ;
#2852 = CARTESIAN_POINT ( 'NONE',  ( -0.8750000000000003331, 4.570019455179279433, 0.6250000000000001110 ) ) ;
#2853 = CARTESIAN_POINT ( 'NONE',  ( 0.8750000000000000000, 0.8000000000000001554, 0.6250000000000000000 ) ) ;
#2854 = CARTESIAN_POINT ( 'NONE',  ( -0.9032992329321871683, 0.9338328014237777808, 0.6010997443107291005 ) ) ;
#2855 = DIRECTION ( 'NONE',  ( 0.000000000000000000, 1.000000000000000000, 0.000000000000000000 ) ) ;
#2856 = EDGE_CURVE ( 'NONE', #223, #657, #753, .T. ) ;
#2857 = VERTEX_POINT ( 'NONE', #4333 ) ;
#2858 = ORIENTED_EDGE ( 'NONE', *, *, #2164, .T. ) ;
#2859 = ORIENTED_EDGE ( 'NONE', *, *, #3175, .F. ) ;
#2860 =( GEOMETRIC_REPRESENTATION_CONTEXT ( 3 ) GLOBAL_UNCERTAINTY_ASSIGNED_CONTEXT ( ( #4125 ) ) GLOBAL_UNIT_ASSIGNED_CONTEXT ( ( #3270, #4786, #498 ) ) REPRESENTATION_CONTEXT ( 'NONE', 'WORKASPACE' ) );
#2861 = FACE_OUTER_BOUND ( 'NONE', #3740, .T. ) ;
#2862 = DIRECTION ( 'NONE',  ( -1.734723475976807094E-16, 0.000000000000000000, -1.000000000000000000 ) ) ;
#2863 = EDGE_LOOP ( 'NONE', ( #4764, #2668, #2539, #3321 ) ) ;
#2864 = ORIENTED_EDGE ( 'NONE', *, *, #2373, .T. ) ;
#2865 = CARTESIAN_POINT ( 'NONE',  ( 0.7999999999999999334, 0.1000000000000000056, 0.5499999999999999334 ) ) ;
#2866 = CARTESIAN_POINT ( 'NONE',  ( 0.7999999999999999334, 0.1000000000000000056, 0.5499999999999999334 ) ) ;
#2867 = CARTESIAN_POINT ( 'NONE',  ( 0.8686894650627284831, 0.9007223896014929787, 0.7497578602509137324 ) ) ;
#2868 = CARTESIAN_POINT ( 'NONE',  ( 0.8643792802837456657, 0.9500000000000000666, -0.5881264267612485996 ) ) ;
#2869 = CARTESIAN_POINT ( 'NONE',  ( -1.250000000000000222, 0.1449999999999999900, 1.000000000000000000 ) ) ;
#2870 = COLOUR_RGB ( '',0.8627450980392157298, 0.5882352941176470784, 0.06274509803921568540 ) ;
#2871 = LINE ( 'NONE', #2921, #3044 ) ;
#2872 = LINE ( 'NONE', #4468, #1895 ) ;
#2873 = FACE_OUTER_BOUND ( 'NONE', #4760, .T. ) ;
#2874 = EDGE_LOOP ( 'NONE', ( #4087, #4211, #4788, #3927 ) ) ;
#2875 = CARTESIAN_POINT ( 'NONE',  ( 1.149999999999999689, 0.000000000000000000, -0.9000000000000000222 ) ) ;
#2876 = PLANE ( 'NONE',  #3761 ) ;
#2877 = CARTESIAN_POINT ( 'NONE',  ( -0.5000000000000000000, 0.1000000000000000056, 0.5499999999999999334 ) ) ;
#2878 = SURFACE_STYLE_USAGE ( .BOTH. , #840 ) ;
#2879 = EDGE_LOOP ( 'NONE', ( #3280, #3868, #4160, #3252 ) ) ;
#2880 = ORIENTED_EDGE ( 'NONE', *, *, #4220, .F. ) ;
#2881 = CIRCLE ( 'NONE', #2965, 0.2499999999999999445 ) ;
#2882 = EDGE_CURVE ( 'NONE', #2151, #2889, #2342, .T. ) ;
#2883 = ORIENTED_EDGE ( 'NONE', *, *, #2277, .T. ) ;
#2884 = EDGE_CURVE ( 'NONE', #3785, #400, #1964, .T. ) ;
#2885 = SURFACE_STYLE_FILL_AREA ( #2520 ) ;
#2886 = CARTESIAN_POINT ( 'NONE',  ( 0.8249999999999997335, 0.9499999999999999556, 0.5749999999999997335 ) ) ;
#2887 = ORIENTED_EDGE ( 'NONE', *, *, #2285, .F. ) ;
#2888 = EDGE_CURVE ( 'NONE', #2593, #1436, #5031, .T. ) ;
#2889 = VERTEX_POINT ( 'NONE', #2627 ) ;
#2890 = DIRECTION ( 'NONE',  ( 1.000000000000000000, -0.000000000000000000, 6.195440985631456303E-16 ) ) ;
#2891 = DIRECTION ( 'NONE',  ( 0.000000000000000000, 0.000000000000000000, -1.000000000000000000 ) ) ;
#2892 = CARTESIAN_POINT ( 'NONE',  ( -0.8750000000000003331, 4.570019455179279433, 0.6250000000000001110 ) ) ;
#2893 = FACE_OUTER_BOUND ( 'NONE', #2235, .T. ) ;
#2894 = EDGE_CURVE ( 'NONE', #2328, #628, #671, .T. ) ;
#2895 = DIRECTION ( 'NONE',  ( -0.000000000000000000, -1.000000000000000000, -0.000000000000000000 ) ) ;
#2896 = AXIS2_PLACEMENT_3D ( 'NONE', #2918, #4540, #2500 ) ;
#2897 = CARTESIAN_POINT ( 'NONE',  ( -0.8408973081547742590, 0.9911334609385877847, 0.6394467943668072918 ) ) ;
#2898 = VECTOR ( 'NONE', #1205, 1000.000000000000000 ) ;
#2899 = CARTESIAN_POINT ( 'NONE',  ( 0.000000000000000000, 0.000000000000000000, 0.5499999999999999334 ) ) ;
#2900 = EDGE_CURVE ( 'NONE', #789, #4060, #285, .T. ) ;
#2901 = EDGE_LOOP ( 'NONE', ( #1234, #4213, #2941, #2741 ) ) ;
#2902 = LINE ( 'NONE', #242, #1100 ) ;
#2903 = DIRECTION ( 'NONE',  ( -1.734723475976807094E-16, 0.000000000000000000, -1.000000000000000000 ) ) ;
#2904 = CARTESIAN_POINT ( 'NONE',  ( 0.1499999999999997446, 0.1000000000000000056, -0.9000000000000000222 ) ) ;
#2905 = CARTESIAN_POINT ( 'NONE',  ( -0.9520347736471991285, 0.9654817235112984619, -0.7020347736471986844 ) ) ;
#2906 = ORIENTED_EDGE ( 'NONE', *, *, #3209, .T. ) ;
#2907 = ORIENTED_EDGE ( 'NONE', *, *, #4353, .F. ) ;
#2908 = ORIENTED_EDGE ( 'NONE', *, *, #4288, .T. ) ;
#2909 = CARTESIAN_POINT ( 'NONE',  ( 0.4999999999999997780, 0.1000000000000000056, 0.9000000000000001332 ) ) ;
#2910 = CARTESIAN_POINT ( 'NONE',  ( -1.025000000000000577, 0.3550000000000002598, 0.6250000000000000000 ) ) ;
#2911 = EDGE_LOOP ( 'NONE', ( #172, #454, #4762, #1021 ) ) ;
#2912 = EDGE_CURVE ( 'NONE', #2753, #1281, #4645, .T. ) ;
#2913 = AXIS2_PLACEMENT_3D ( 'NONE', #779, #344, #3918 ) ;
#2914 = EDGE_LOOP ( 'NONE', ( #3972, #3773, #2490, #351 ) ) ;
#2915 = FACE_OUTER_BOUND ( 'NONE', #3538, .T. ) ;
#2916 = DIRECTION ( 'NONE',  ( 0.000000000000000000, -0.000000000000000000, 1.000000000000000000 ) ) ;
#2917 = CARTESIAN_POINT ( 'NONE',  ( 0.8941767467785883827, 0.9966473666430547551, 0.6441767467785873835 ) ) ;
#2918 = CARTESIAN_POINT ( 'NONE',  ( 0.9499999999999996225, 0.1000000000000000056, 0.2500000000000001665 ) ) ;
#2919 = EDGE_CURVE ( 'NONE', #4371, #4114, #1598, .T. ) ;
#2920 = CIRCLE ( 'NONE', #1927, 0.2499999999999999445 ) ;
#2921 = CARTESIAN_POINT ( 'NONE',  ( 1.149999999999999689, 0.000000000000000000, 0.9000000000000001332 ) ) ;
#2922 = LINE ( 'NONE', #3686, #2974 ) ;
#2923 = CARTESIAN_POINT ( 'NONE',  ( 0.4999999999999997780, 0.000000000000000000, 0.9000000000000001332 ) ) ;
#2924 = UNCERTAINTY_MEASURE_WITH_UNIT (LENGTH_MEASURE( 1.000000000000000082E-05 ), #3934, 'distance_accuracy_value', 'NONE');
#2925 = ORIENTED_EDGE ( 'NONE', *, *, #3871, .T. ) ;
#2926 = PRODUCT_DEFINITION_SHAPE ( 'NONE', 'NONE',  #2972 ) ;
#2927 = AXIS2_PLACEMENT_3D ( 'NONE', #3050, #2163, #2193 ) ;
#2928 = PLANE ( 'NONE',  #3585 ) ;
#2929 =( BOUNDED_SURFACE ( )  B_SPLINE_SURFACE ( 3, 3, ( 
 ( #4625, #1063, #1888, #2245 ),
 ( #1446, #4703, #2738, #3917 ),
 ( #4310, #319, #1116, #2298 ),
 ( #3812, #3472, #2660, #676 ) ),
 .UNSPECIFIED., .F., .F., .T. ) 
 B_SPLINE_SURFACE_WITH_KNOTS ( ( 4, 4 ),
 ( 4, 4 ),
 ( 0.000000000000000000, 1.000000000000000000 ),
 ( 0.000000000000000000, 1.000000000000000000 ),
 .UNSPECIFIED. ) 
 GEOMETRIC_REPRESENTATION_ITEM ( )  RATIONAL_B_SPLINE_SURFACE ( (
 ( 1.000000000000000000, 0.8047378541243643824, 0.8047378541243643824, 1.000000000000000000),
 ( 0.8047378541243640493, 0.6476030138606865272, 0.6476030138606865272, 0.8047378541243640493),
 ( 0.8047378541243640493, 0.6476030138606865272, 0.6476030138606865272, 0.8047378541243640493),
 ( 1.000000000000000000, 0.8047378541243643824, 0.8047378541243643824, 1.000000000000000000) ) ) 
 REPRESENTATION_ITEM ( '' )  SURFACE ( )  );
#2930 = B_SPLINE_CURVE_WITH_KNOTS ( 'NONE', 3,
 ( #2070, #1652, #4829, #491, #3187, #7, #3658, #414 ),
 .UNSPECIFIED., .F., .F.,
 ( 4, 2, 2, 4 ),
 ( 0.000000000000000000, 0.5000000000000000000, 0.7499999999999996669, 1.000000000000000000 ),
 .UNSPECIFIED. ) ;
#2931 = CARTESIAN_POINT ( 'NONE',  ( 0.9749999999999998668, 0.8196377019586378321, -0.6249999869108168182 ) ) ;
#2932 = PLANE ( 'NONE',  #4456 ) ;
#2933 = CLOSED_SHELL ( 'NONE', ( #577, #2435, #1757, #1615 ) ) ;
#2934 = LINE ( 'NONE', #3244, #709 ) ;
#2935 = AXIS2_PLACEMENT_3D ( 'NONE', #3940, #2422, #2341 ) ;
#2936 = ORIENTED_EDGE ( 'NONE', *, *, #4074, .T. ) ;
#2937 = ORIENTED_EDGE ( 'NONE', *, *, #1725, .T. ) ;
#2938 = ORIENTED_EDGE ( 'NONE', *, *, #985, .T. ) ;
#2939 =( NAMED_UNIT ( * ) SI_UNIT ( $, .STERADIAN. ) SOLID_ANGLE_UNIT ( ) );
#2940 = CARTESIAN_POINT ( 'NONE',  ( 0.8749999869108165962, 0.8196377019586383872, 0.7250000000000000888 ) ) ;
#2941 = ORIENTED_EDGE ( 'NONE', *, *, #804, .F. ) ;
#2942 = EDGE_LOOP ( 'NONE', ( #4658, #977, #2255, #1941 ) ) ;
#2943 = LINE ( 'NONE', #4538, #3734 ) ;
#2944 = CARTESIAN_POINT ( 'NONE',  ( -0.1500000000000002165, 0.1000000000000000056, -0.5500000000000000444 ) ) ;
#2945 = CARTESIAN_POINT ( 'NONE',  ( -0.9710954645652016826, 0.8392632375084067009, -0.6236984881884004572 ) ) ;
#2946 = EDGE_CURVE ( 'NONE', #25, #2151, #886, .T. ) ;
#2947 = CARTESIAN_POINT ( 'NONE',  ( 0.1499999999999999112, 0.000000000000000000, 0.5499999999999999334 ) ) ;
#2948 = DIRECTION ( 'NONE',  ( 1.000000000000000000, -0.000000000000000000, 3.097720492815728645E-16 ) ) ;
#2949 = DIRECTION ( 'NONE',  ( 1.000000000000000000, -0.000000000000000000, 0.000000000000000000 ) ) ;
#2950 = ORIENTED_EDGE ( 'NONE', *, *, #139, .T. ) ;
#2951 = EDGE_CURVE ( 'NONE', #42, #5105, #4825, .T. ) ;
#2952 = LINE ( 'NONE', #1372, #859 ) ;
#2953 = CARTESIAN_POINT ( 'NONE',  ( 0.9499999999999996225, 0.1000000000000000056, 0.1500000000000000777 ) ) ;
#2954 = DIRECTION ( 'NONE',  ( -3.097720492815728645E-16, 0.000000000000000000, -1.000000000000000000 ) ) ;
#2955 =( NAMED_UNIT ( * ) PLANE_ANGLE_UNIT ( ) SI_UNIT ( $, .RADIAN. ) );
#2956 = EDGE_CURVE ( 'NONE', #42, #2857, #3455, .T. ) ;
#2957 = ORIENTED_EDGE ( 'NONE', *, *, #51, .F. ) ;
#2958 = ORIENTED_EDGE ( 'NONE', *, *, #604, .T. ) ;
#2959 = ORIENTED_EDGE ( 'NONE', *, *, #4650, .T. ) ;
#2960 = DIRECTION ( 'NONE',  ( 0.000000000000000000, -0.000000000000000000, 1.000000000000000000 ) ) ;
#2961 = EDGE_LOOP ( 'NONE', ( #873, #946, #815, #372 ) ) ;
#2962 = ORIENTED_EDGE ( 'NONE', *, *, #2068, .F. ) ;
#2963 = DIRECTION ( 'NONE',  ( 0.000000000000000000, 1.000000000000000000, 0.000000000000000000 ) ) ;
#2964 = CARTESIAN_POINT ( 'NONE',  ( -0.9710954645652016826, 0.8392632375084067009, 0.6236984881884004572 ) ) ;
#2965 = AXIS2_PLACEMENT_3D ( 'NONE', #3286, #2968, #4881 ) ;
#2966 = CARTESIAN_POINT ( 'NONE',  ( -0.9750000000000006439, 0.8196377019586393864, -0.6249999869108165962 ) ) ;
#2967 = ORIENTED_EDGE ( 'NONE', *, *, #2658, .T. ) ;
#2968 = DIRECTION ( 'NONE',  ( -0.000000000000000000, -1.000000000000000000, -0.000000000000000000 ) ) ;
#2969 = CARTESIAN_POINT ( 'NONE',  ( -0.5000000000000002220, 0.1000000000000000056, 0.9000000000000000222 ) ) ;
#2970 = DIRECTION ( 'NONE',  ( 0.000000000000000000, 0.000000000000000000, 1.000000000000000000 ) ) ;
#2971 = DIRECTION ( 'NONE',  ( 0.000000000000000000, 1.000000000000000000, -0.000000000000000000 ) ) ;
#2972 = PRODUCT_DEFINITION ( 'UNKNOWN', '', #4430, #4308 ) ;
#2973 = ADVANCED_FACE ( 'NONE', ( #3990 ), #3257, .F. ) ;
#2974 = VECTOR ( 'NONE', #2578, 1000.000000000000000 ) ;
#2975 = VECTOR ( 'NONE', #1626, 1000.000000000000000 ) ;
#2976 = ORIENTED_EDGE ( 'NONE', *, *, #3041, .T. ) ;
#2977 = SURFACE_SIDE_STYLE ('',( #166 ) ) ;
#2978 = CYLINDRICAL_SURFACE ( 'NONE', #1049, 0.1999999999999999833 ) ;
#2979 = DIRECTION ( 'NONE',  ( 6.195440985631456303E-16, 0.000000000000000000, 1.000000000000000000 ) ) ;
#2980 = VECTOR ( 'NONE', #2445, 1000.000000000000000 ) ;
#2981 = ADVANCED_FACE ( 'NONE', ( #1188 ), #5, .F. ) ;
#2982 = VERTEX_POINT ( 'NONE', #909 ) ;
#2983 = ORIENTED_EDGE ( 'NONE', *, *, #2529, .F. ) ;
#2984 = ADVANCED_FACE ( 'NONE', ( #1291 ), #4359, .F. ) ;
#2985 = EDGE_LOOP ( 'NONE', ( #1138, #3247, #4342, #767 ) ) ;
#2986 =( NAMED_UNIT ( * ) SI_UNIT ( $, .STERADIAN. ) SOLID_ANGLE_UNIT ( ) );
#2987 = ORIENTED_EDGE ( 'NONE', *, *, #4805, .T. ) ;
#2988 = ORIENTED_EDGE ( 'NONE', *, *, #3682, .T. ) ;
#2989 = LINE ( 'NONE', #1459, #4150 ) ;
#2990 = DIRECTION ( 'NONE',  ( 0.000000000000000000, 0.000000000000000000, -1.000000000000000000 ) ) ;
#2991 = CARTESIAN_POINT ( 'NONE',  ( -1.250000000000000222, 0.1549999999999999989, 1.000000000000000000 ) ) ;
#2992 = ORIENTED_EDGE ( 'NONE', *, *, #739, .T. ) ;
#2993 = DIRECTION ( 'NONE',  ( 1.000000000000000000, 0.000000000000000000, -1.734723475976807094E-16 ) ) ;
#2994 = CARTESIAN_POINT ( 'NONE',  ( 0.000000000000000000, 0.000000000000000000, -0.9000000000000000222 ) ) ;
#2995 = CARTESIAN_POINT ( 'NONE',  ( 0.1499999999999998002, 0.000000000000000000, -0.9000000000000000222 ) ) ;
#2996 = CARTESIAN_POINT ( 'NONE',  ( 0.4999999999999997780, 0.000000000000000000, 0.5499999999999999334 ) ) ;
#2997 = LINE ( 'NONE', #317, #3426 ) ;
#2998 = ORIENTED_EDGE ( 'NONE', *, *, #4419, .T. ) ;
#2999 = CARTESIAN_POINT ( 'NONE',  ( 1.024999999999999911, 0.3550000000000002598, 0.6250000000000001110 ) ) ;
#3000 = CARTESIAN_POINT ( 'NONE',  ( -0.8750000000000003331, 0.3550000000000002598, 0.6250000000000001110 ) ) ;
#3001 = DIRECTION ( 'NONE',  ( -1.084202172485502856E-15, 1.000000000000000000, -1.084202172485504040E-15 ) ) ;
#3002 = CARTESIAN_POINT ( 'NONE',  ( 0.8510997443107289895, 0.9784437352317032488, -0.6793989772429160912 ) ) ;
#3003 = ORIENTED_EDGE ( 'NONE', *, *, #3137, .T. ) ;
#3004 = CARTESIAN_POINT ( 'NONE',  ( -0.1500000000000001887, 0.1000000000000000056, -0.9000000000000000222 ) ) ;
#3005 = ORIENTED_EDGE ( 'NONE', *, *, #2146, .T. ) ;
#3006 = ADVANCED_FACE ( 'NONE', ( #4797 ), #1240, .F. ) ;
#3007 = DIRECTION ( 'NONE',  ( 1.000000000000000000, 0.000000000000000000, 0.000000000000000000 ) ) ;
#3008 = VECTOR ( 'NONE', #4056, 1000.000000000000000 ) ;
#3009 = EDGE_LOOP ( 'NONE', ( #68, #4528, #2643, #3701 ) ) ;
#3010 = VECTOR ( 'NONE', #4822, 1000.000000000000000 ) ;
#3011 = MECHANICAL_DESIGN_GEOMETRIC_PRESENTATION_REPRESENTATION (  '', ( #2104 ), #2681 ) ;
#3012 = ORIENTED_EDGE ( 'NONE', *, *, #2127, .F. ) ;
#3013 = EDGE_CURVE ( 'NONE', #1830, #2593, #2839, .T. ) ;
#3014 = CARTESIAN_POINT ( 'NONE',  ( 0.000000000000000000, 0.000000000000000000, 0.000000000000000000 ) ) ;
#3015 = CARTESIAN_POINT ( 'NONE',  ( -0.9449494093008808937, 0.8921826250550840554, 0.6149831364336267869 ) ) ;
#3016 = CARTESIAN_POINT ( 'NONE',  ( 1.125000000000000222, 0.3550000000000002598, -0.6250000000000001110 ) ) ;
#3017 = VECTOR ( 'NONE', #1528, 1000.000000000000000 ) ;
#3018 = ORIENTED_EDGE ( 'NONE', *, *, #1649, .T. ) ;
#3019 = DIRECTION ( 'NONE',  ( -1.000000000000000000, -0.000000000000000000, 3.097720492815726673E-16 ) ) ;
#3020 = DIRECTION ( 'NONE',  ( 0.000000000000000000, 1.000000000000000000, 0.000000000000000000 ) ) ;
#3021 = DIRECTION ( 'NONE',  ( -1.000000000000000000, -0.000000000000000000, 3.097720492815728645E-16 ) ) ;
#3022 = CARTESIAN_POINT ( 'NONE',  ( -0.8597451448534664253, 0.9438619308880875636, 0.7139807815865315543 ) ) ;
#3023 = COLOUR_RGB ( '',0.8627450980392157298, 0.5882352941176470784, 0.06274509803921568540 ) ;
#3024 = CARTESIAN_POINT ( 'NONE',  ( 0.9499999999999996225, 0.1000000000000000056, 0.1500000000000000777 ) ) ;
#3025 = EDGE_LOOP ( 'NONE', ( #3613, #1849, #4580, #1055 ) ) ;
#3026 = FACE_OUTER_BOUND ( 'NONE', #597, .T. ) ;
#3027 = CARTESIAN_POINT ( 'NONE',  ( 0.4999999999999997780, 0.1000000000000000056, -0.5500000000000000444 ) ) ;
#3028 = VECTOR ( 'NONE', #3390, 1000.000000000000000 ) ;
#3029 = CARTESIAN_POINT ( 'NONE',  ( 0.8249999999999997335, 1.000000000000000000, -0.5749999999999996225 ) ) ;
#3030 = ORIENTED_EDGE ( 'NONE', *, *, #2043, .T. ) ;
#3031 = CARTESIAN_POINT ( 'NONE',  ( -0.5000000000000000000, 0.000000000000000000, -0.5499999999999999334 ) ) ;
#3032 = VERTEX_POINT ( 'NONE', #2041 ) ;
#3033 = VERTEX_POINT ( 'NONE', #79 ) ;
#3034 = ADVANCED_FACE ( 'NONE', ( #1648 ), #4045, .F. ) ;
#3035 = EDGE_CURVE ( 'NONE', #4015, #1394, #1678, .T. ) ;
#3036 = VERTEX_POINT ( 'NONE', #3157 ) ;
#3037 = DIRECTION ( 'NONE',  ( 0.000000000000000000, 1.000000000000000000, 0.000000000000000000 ) ) ;
#3038 = DIRECTION ( 'NONE',  ( 1.000000000000000000, 0.000000000000000000, 3.097720492815726673E-16 ) ) ;
#3039 = FACE_OUTER_BOUND ( 'NONE', #3450, .T. ) ;
#3040 = LINE ( 'NONE', #3609, #1709 ) ;
#3041 = EDGE_CURVE ( 'NONE', #3066, #4537, #1822, .T. ) ;
#3042 = UNCERTAINTY_MEASURE_WITH_UNIT (LENGTH_MEASURE( 1.000000000000000082E-05 ), #2204, 'distance_accuracy_value', 'NONE');
#3043 = DIRECTION ( 'NONE',  ( -1.000000000000000000, 0.000000000000000000, 0.000000000000000000 ) ) ;
#3044 = VECTOR ( 'NONE', #1759, 1000.000000000000000 ) ;
#3045 = EDGE_CURVE ( 'NONE', #4605, #1585, #4749, .T. ) ;
#3046 = DIRECTION ( 'NONE',  ( -0.000000000000000000, -1.000000000000000000, -0.000000000000000000 ) ) ;
#3047 = CARTESIAN_POINT ( 'NONE',  ( 0.9710954645652007944, 0.8392632375084070340, -0.6236984881884006793 ) ) ;
#3048 = DIRECTION ( 'NONE',  ( 1.000000000000000000, 0.000000000000000000, 0.000000000000000000 ) ) ;
#3049 = CARTESIAN_POINT ( 'NONE',  ( -0.9750000000000006439, 0.2892174209693615938, 0.6835786437626906187 ) ) ;
#3050 = CARTESIAN_POINT ( 'NONE',  ( -0.5000000000000000000, 0.000000000000000000, -0.5499999999999999334 ) ) ;
#3051 = VERTEX_POINT ( 'NONE', #3963 ) ;
#3052 = DIRECTION ( 'NONE',  ( -6.195440985631456303E-16, 0.000000000000000000, -1.000000000000000000 ) ) ;
#3053 = LINE ( 'NONE', #2274, #685 ) ;
#3054 = AXIS2_PLACEMENT_3D ( 'NONE', #470, #4409, #2018 ) ;
#3055 = CARTESIAN_POINT ( 'NONE',  ( 0.000000000000000000, 1.000000000000000000, 0.5750000000000000666 ) ) ;
#3056 = EDGE_CURVE ( 'NONE', #1072, #1826, #1986, .T. ) ;
#3057 = AXIS2_PLACEMENT_3D ( 'NONE', #3493, #2684, #697 ) ;
#3058 = CARTESIAN_POINT ( 'NONE',  ( 0.9597498106741768620, 0.9478108630362442888, 0.6086727041012595096 ) ) ;
#3059 = VERTEX_POINT ( 'NONE', #2183 ) ;
#3060 = CARTESIAN_POINT ( 'NONE',  ( -0.8000000000000001554, 0.1000000000000000056, -0.5500000000000000444 ) ) ;
#3061 = ORIENTED_EDGE ( 'NONE', *, *, #4362, .F. ) ;
#3062 = VECTOR ( 'NONE', #431, 1000.000000000000000 ) ;
#3063 = SURFACE_STYLE_USAGE ( .BOTH. , #2669 ) ;
#3064 = VECTOR ( 'NONE', #1432, 1000.000000000000000 ) ;
#3065 = ORIENTED_EDGE ( 'NONE', *, *, #72, .T. ) ;
#3066 = VERTEX_POINT ( 'NONE', #4511 ) ;
#3067 = LINE ( 'NONE', #3854, #1574 ) ;
#3068 = LINE ( 'NONE', #4665, #1354 ) ;
#3069 = FACE_OUTER_BOUND ( 'NONE', #3190, .T. ) ;
#3070 = EDGE_CURVE ( 'NONE', #5035, #3676, #4880, .T. ) ;
#3071 = EDGE_CURVE ( 'NONE', #1445, #4393, #2311, .T. ) ;
#3072 = CARTESIAN_POINT ( 'NONE',  ( 0.000000000000000000, 0.1000000000000000056, 0.000000000000000000 ) ) ;
#3073 = CARTESIAN_POINT ( 'NONE',  ( -0.1500000000000002165, 0.000000000000000000, -0.9000000000000001332 ) ) ;
#3074 = LINE ( 'NONE', #3408, #5045 ) ;
#3075 = CARTESIAN_POINT ( 'NONE',  ( -0.8750000000000005551, 0.8000000000000001554, 0.6249999999999998890 ) ) ;
#3076 = DIRECTION ( 'NONE',  ( -0.000000000000000000, 0.000000000000000000, -1.000000000000000000 ) ) ;
#3077 = ADVANCED_FACE ( 'NONE', ( #2893 ), #2548, .F. ) ;
#3078 = CARTESIAN_POINT ( 'NONE',  ( -0.8701184463531093094, 0.9023721618248596865, 0.7554705506497594314 ) ) ;
#3079 = CARTESIAN_POINT ( 'NONE',  ( 1.149999999999999689, 0.1000000000000000056, -0.9000000000000001332 ) ) ;
#3080 = AXIS2_PLACEMENT_3D ( 'NONE', #905, #4508, #4608 ) ;
#3081 = ORIENTED_EDGE ( 'NONE', *, *, #2407, .F. ) ;
#3082 = DIRECTION ( 'NONE',  ( -1.000000000000000000, 0.000000000000000000, -6.195440985631456303E-16 ) ) ;
#3083 = CARTESIAN_POINT ( 'NONE',  ( 0.9499999999999996225, 0.1000000000000000056, 0.3500000000000002554 ) ) ;
#3084 = CARTESIAN_POINT ( 'NONE',  ( -0.5000000000000002220, 0.000000000000000000, 0.9000000000000000222 ) ) ;
#3085 = PLANE ( 'NONE',  #702 ) ;
#3086 = ORIENTED_EDGE ( 'NONE', *, *, #3364, .F. ) ;
#3087 = LINE ( 'NONE', #3115, #1758 ) ;
#3088 = AXIS2_PLACEMENT_3D ( 'NONE', #4590, #721, #1489 ) ;
#3089 = EDGE_LOOP ( 'NONE', ( #2622, #4036, #4481, #2959 ) ) ;
#3090 = VECTOR ( 'NONE', #878, 1000.000000000000000 ) ;
#3091 = ADVANCED_FACE ( 'NONE', ( #1410 ), #2573, .F. ) ;
#3092 = EDGE_LOOP ( 'NONE', ( #3897, #3823 ) ) ;
#3093 = CARTESIAN_POINT ( 'NONE',  ( -1.149999999999999911, 0.000000000000000000, -0.5499999999999999334 ) ) ;
#3094 =( BOUNDED_SURFACE ( )  B_SPLINE_SURFACE ( 3, 2, ( 
 ( #3372, #1403, #2521 ),
 ( #4897, #1724, #2940 ),
 ( #3745, #951, #1309 ),
 ( #4948, #1773, #2492 ),
 ( #1701, #176, #196 ),
 ( #3302, #2468, #1750 ),
 ( #556, #4969, #3323 ),
 ( #3351, #4458, #2886 ) ),
 .UNSPECIFIED., .F., .F., .T. ) 
 B_SPLINE_SURFACE_WITH_KNOTS ( ( 4, 2, 2, 4 ),
 ( 3, 3 ),
 ( 6.283185307179586232, 6.675884388878310816, 7.068583470577034511, 7.853981633974482790 ),
 ( 0.000000000000000000, 1.000000000000000000 ),
 .UNSPECIFIED. ) 
 GEOMETRIC_REPRESENTATION_ITEM ( )  RATIONAL_B_SPLINE_SURFACE ( (
 ( 1.000000000000000000, 0.7071067811865475727, 1.000000000000000000),
 ( 1.000000000000000000, 0.7066683472211360284, 1.000000000000000000),
 ( 1.000000000000000000, 0.7265616048778430480, 1.000000000000000000),
 ( 1.000000000000000000, 0.7876686348193600029, 1.000000000000000000),
 ( 1.000000000000000000, 0.8282440749015855808, 1.000000000000000000),
 ( 1.000000000000000000, 0.9415880615501440731, 1.000000000000000000),
 ( 1.000000000000000000, 1.002684731167226229, 1.000000000000000000),
 ( 1.000000000000000000, 1.000000000000000000, 1.000000000000000000) ) ) 
 REPRESENTATION_ITEM ( '' )  SURFACE ( )  );
#3095 = CARTESIAN_POINT ( 'NONE',  ( -1.075000000000000178, 0.2135786437626910061, 0.6250000000000001110 ) ) ;
#3096 = CARTESIAN_POINT ( 'NONE',  ( -1.125000000000000666, 0.2550000000000002820, -0.7714466094067262691 ) ) ;
#3097 = VECTOR ( 'NONE', #4994, 1000.000000000000000 ) ;
#3098 = FILL_AREA_STYLE ('',( #3907 ) ) ;
#3099 = CIRCLE ( 'NONE', #2594, 0.1000000000000001582 ) ;
#3100 = LINE ( 'NONE', #666, #5092 ) ;
#3101 = VECTOR ( 'NONE', #3448, 1000.000000000000000 ) ;
#3102 = DIRECTION ( 'NONE',  ( 1.000000000000000000, 0.000000000000000000, -0.000000000000000000 ) ) ;
#3103 = DIRECTION ( 'NONE',  ( -0.000000000000000000, -1.000000000000000000, -0.000000000000000000 ) ) ;
#3104 = CARTESIAN_POINT ( 'NONE',  ( -1.250000000000000222, 0.000000000000000000, 1.000000000000000000 ) ) ;
#3105 = EDGE_CURVE ( 'NONE', #1070, #4477, #3681, .T. ) ;
#3106 = PLANE ( 'NONE',  #3808 ) ;
#3107 = EDGE_CURVE ( 'NONE', #4067, #18, #3308, .T. ) ;
#3108 = VERTEX_POINT ( 'NONE', #2158 ) ;
#3109 = PLANE ( 'NONE',  #4253 ) ;
#3110 = FACE_OUTER_BOUND ( 'NONE', #4484, .T. ) ;
#3111 = DIRECTION ( 'NONE',  ( 0.000000000000000000, 0.000000000000000000, 1.000000000000000000 ) ) ;
#3112 = CARTESIAN_POINT ( 'NONE',  ( 0.8686894650627284831, 0.9007223896014929787, -0.7497578602509137324 ) ) ;
#3113 = ADVANCED_FACE ( 'NONE', ( #4953 ), #1337, .F. ) ;
#3114 = EDGE_LOOP ( 'NONE', ( #1481, #2101, #1548, #1002 ) ) ;
#3115 = CARTESIAN_POINT ( 'NONE',  ( -1.149999999999999911, 0.1000000000000000056, -0.5499999999999999334 ) ) ;
#3116 = ADVANCED_FACE ( 'NONE', ( #4587 ), #2135, .T. ) ;
#3117 = SURFACE_STYLE_FILL_AREA ( #1581 ) ;
#3118 = VERTEX_POINT ( 'NONE', #1025 ) ;
#3119 = ORIENTED_EDGE ( 'NONE', *, *, #3815, .T. ) ;
#3120 = ORIENTED_EDGE ( 'NONE', *, *, #3453, .F. ) ;
#3121 = LINE ( 'NONE', #740, #921 ) ;
#3122 = CARTESIAN_POINT ( 'NONE',  ( -0.5000000000000000000, 0.1000000000000000056, -0.5499999999999999334 ) ) ;
#3123 = LINE ( 'NONE', #4300, #998 ) ;
#3124 = EDGE_CURVE ( 'NONE', #1306, #2534, #2030, .T. ) ;
#3125 = EDGE_LOOP ( 'NONE', ( #4302, #3303, #2224, #3595 ) ) ;
#3126 = LINE ( 'NONE', #4403, #4349 ) ;
#3127 = CARTESIAN_POINT ( 'NONE',  ( 0.8749999552455504093, 0.8000000000000000444, 0.7749999999999667155 ) ) ;
#3128 = CARTESIAN_POINT ( 'NONE',  ( 0.4249999999999998224, 0.9499999999999999556, 0.1750000000000000167 ) ) ;
#3129 = LINE ( 'NONE', #750, #95 ) ;
#3130 = CARTESIAN_POINT ( 'NONE',  ( 0.8749999999999996669, 0.2550000000000000044, 0.6249999999999998890 ) ) ;
#3131 = VECTOR ( 'NONE', #1106, 1000.000000000000000 ) ;
#3132 = ORIENTED_EDGE ( 'NONE', *, *, #1746, .F. ) ;
#3133 = FILL_AREA_STYLE_COLOUR ( '', #1594 ) ;
#3134 = CARTESIAN_POINT ( 'NONE',  ( -0.1500000000000002165, 0.000000000000000000, 0.5500000000000000444 ) ) ;
#3135 = CARTESIAN_POINT ( 'NONE',  ( 0.8750000000000001110, 0.8000000000000000444, 0.7250000000000000888 ) ) ;
#3136 = EDGE_CURVE ( 'NONE', #4555, #652, #4120, .T. ) ;
#3137 = EDGE_CURVE ( 'NONE', #2730, #552, #2599, .T. ) ;
#3138 = PLANE ( 'NONE',  #1193 ) ;
#3139 = EDGE_LOOP ( 'NONE', ( #4949, #1000, #502, #2673 ) ) ;
#3140 = DIRECTION ( 'NONE',  ( -0.000000000000000000, -1.000000000000000000, -0.000000000000000000 ) ) ;
#3141 = LINE ( 'NONE', #3924, #2266 ) ;
#3142 = ADVANCED_FACE ( 'NONE', ( #1005 ), #1756, .F. ) ;
#3143 = VERTEX_POINT ( 'NONE', #4168 ) ;
#3144 = ORIENTED_EDGE ( 'NONE', *, *, #2882, .F. ) ;
#3145 = AXIS2_PLACEMENT_3D ( 'NONE', #2115, #3757, #2970 ) ;
#3146 = VECTOR ( 'NONE', #4906, 1000.000000000000000 ) ;
#3147 = ORIENTED_EDGE ( 'NONE', *, *, #3035, .T. ) ;
#3148 = CARTESIAN_POINT ( 'NONE',  ( -1.011674762674021677, 0.8884200188017131739, 0.7616747626740210109 ) ) ;
#3149 = CARTESIAN_POINT ( 'NONE',  ( 1.020347253186431269, 0.8502477846977987141, -0.6237796115882773273 ) ) ;
#3150 = AXIS2_PLACEMENT_3D ( 'NONE', #1159, #4357, #2808 ) ;
#3151 = CARTESIAN_POINT ( 'NONE',  ( -0.9628679656440362056, 0.3550000000000002598, -0.7750000000000000222 ) ) ;
#3152 = CARTESIAN_POINT ( 'NONE',  ( 0.8750000000000001110, 0.8000000000000001554, 0.6250000000000002220 ) ) ;
#3153 = VERTEX_POINT ( 'NONE', #3377 ) ;
#3154 = DIRECTION ( 'NONE',  ( -1.000000000000000000, 0.000000000000000000, 1.734723475976807094E-16 ) ) ;
#3155 = PLANE ( 'NONE',  #4399 ) ;
#3156 = DIRECTION ( 'NONE',  ( -3.097720492815726673E-16, 0.000000000000000000, 1.000000000000000000 ) ) ;
#3157 = CARTESIAN_POINT ( 'NONE',  ( -0.8000000000000001554, 0.000000000000000000, 0.5499999999999999334 ) ) ;
#3158 = DIRECTION ( 'NONE',  ( -0.000000000000000000, -1.000000000000000000, -0.000000000000000000 ) ) ;
#3159 = LINE ( 'NONE', #4048, #1642 ) ;
#3160 = CARTESIAN_POINT ( 'NONE',  ( 0.7999999999999997113, 0.000000000000000000, 0.9000000000000000222 ) ) ;
#3161 = DIRECTION ( 'NONE',  ( 1.626303258728256257E-15, 0.000000000000000000, 1.000000000000000000 ) ) ;
#3162 = CIRCLE ( 'NONE', #1587, 0.1000000000000000472 ) ;
#3163 = ORIENTED_EDGE ( 'NONE', *, *, #1271, .T. ) ;
#3164 = CLOSED_SHELL ( 'NONE', ( #2814, #1992, #829, #298, #971, #2306 ) ) ;
#3165 = CARTESIAN_POINT ( 'NONE',  ( 0.8497361429193392990, 0.9738627609041816680, -0.6747150323141172246 ) ) ;
#3166 = ORIENTED_EDGE ( 'NONE', *, *, #3070, .T. ) ;
#3167 =( GEOMETRIC_REPRESENTATION_CONTEXT ( 3 ) GLOBAL_UNCERTAINTY_ASSIGNED_CONTEXT ( ( #4546 ) ) GLOBAL_UNIT_ASSIGNED_CONTEXT ( ( #2609, #4912, #548 ) ) REPRESENTATION_CONTEXT ( 'NONE', 'WORKASPACE' ) );
#3168 = ORIENTED_EDGE ( 'NONE', *, *, #2117, .F. ) ;
#3169 = EDGE_CURVE ( 'NONE', #4996, #2544, #980, .T. ) ;
#3170 = ORIENTED_EDGE ( 'NONE', *, *, #4161, .F. ) ;
#3171 = CARTESIAN_POINT ( 'NONE',  ( -0.9449494093008808937, 0.8921826250550840554, -0.6149831364336267869 ) ) ;
#3172 = CARTESIAN_POINT ( 'NONE',  ( -0.5000000000000000000, 0.000000000000000000, 0.5499999999999999334 ) ) ;
#3173 = CARTESIAN_POINT ( 'NONE',  ( -0.5000000000000000000, 0.000000000000000000, 0.000000000000000000 ) ) ;
#3174 = EDGE_LOOP ( 'NONE', ( #275, #4027, #2200, #4053 ) ) ;
#3175 = EDGE_CURVE ( 'NONE', #2250, #4015, #585, .T. ) ;
#3176 = ORIENTED_EDGE ( 'NONE', *, *, #2304, .F. ) ;
#3177 = B_SPLINE_CURVE_WITH_KNOTS ( 'NONE', 3,
 ( #115, #4835, #3633, #3165, #473, #1688, #2821, #4028, #3607, #1995, #4472, #916, #3556 ),
 .UNSPECIFIED., .F., .F.,
 ( 4, 2, 2, 1, 2, 2, 4 ),
 ( 0.000000000000000000, 0.2499999999999990008, 0.3749999999999981681, 0.4374999999999981126, 0.4687499999999975575, 0.4999999999999970579, 1.000000000000000000 ),
 .UNSPECIFIED. ) ;
#3178 = DIRECTION ( 'NONE',  ( 3.097720492815728645E-16, -0.000000000000000000, 1.000000000000000000 ) ) ;
#3179 =( GEOMETRIC_REPRESENTATION_CONTEXT ( 3 ) GLOBAL_UNCERTAINTY_ASSIGNED_CONTEXT ( ( #2924 ) ) GLOBAL_UNIT_ASSIGNED_CONTEXT ( ( #3934, #4744, #2729 ) ) REPRESENTATION_CONTEXT ( 'NONE', 'WORKASPACE' ) );
#3180 = FACE_OUTER_BOUND ( 'NONE', #3800, .T. ) ;
#3181 = CARTESIAN_POINT ( 'NONE',  ( -0.8750000000000003331, 0.2355061701062369783, -0.7629795897113272884 ) ) ;
#3182 = CARTESIAN_POINT ( 'NONE',  ( 0.9560683951881852050, 0.8755417922011198284, -0.6186894650627287051 ) ) ;
#3183 = LINE ( 'NONE', #887, #1513 ) ;
#3184 = EDGE_CURVE ( 'NONE', #3544, #4321, #3356, .T. ) ;
#3185 = AXIS2_PLACEMENT_3D ( 'NONE', #4081, #894, #3242 ) ;
#3186 = VECTOR ( 'NONE', #4330, 1000.000000000000000 ) ;
#3187 = CARTESIAN_POINT ( 'NONE',  ( 0.8686894650627284831, 0.8755417922011198284, -0.7060683951881854270 ) ) ;
#3188 = CARTESIAN_POINT ( 'NONE',  ( 0.4999999999999997780, 0.1000000000000000056, -0.9000000000000001332 ) ) ;
#3189 = LINE ( 'NONE', #1970, #3017 ) ;
#3190 = EDGE_LOOP ( 'NONE', ( #4315, #1328, #177, #4102 ) ) ;
#3191 = DIRECTION ( 'NONE',  ( -0.000000000000000000, -0.000000000000000000, -1.000000000000000000 ) ) ;
#3192 = DIRECTION ( 'NONE',  ( 0.000000000000000000, 0.000000000000000000, -1.000000000000000000 ) ) ;
#3193 = DIRECTION ( 'NONE',  ( 0.000000000000000000, 1.000000000000000000, 0.000000000000000000 ) ) ;
#3194 = FILL_AREA_STYLE_COLOUR ( '', #4022 ) ;
#3195 = VERTEX_POINT ( 'NONE', #4666 ) ;
#3196 = ORIENTED_EDGE ( 'NONE', *, *, #3041, .F. ) ;
#3197 = ORIENTED_EDGE ( 'NONE', *, *, #3526, .F. ) ;
#3198 = CARTESIAN_POINT ( 'NONE',  ( -1.025000000000000577, 0.8000000000000000444, 0.6250000000000000000 ) ) ;
#3199 = CARTESIAN_POINT ( 'NONE',  ( 0.9749999999999999778, 0.2892174209693614273, 0.6250000000000001110 ) ) ;
#3200 = LINE ( 'NONE', #3542, #4148 ) ;
#3201 = EDGE_CURVE ( 'NONE', #3700, #4972, #1904, .T. ) ;
#3202 = EDGE_LOOP ( 'NONE', ( #974, #4176, #1254, #2602 ) ) ;
#3203 = EDGE_CURVE ( 'NONE', #4060, #271, #1879, .T. ) ;
#3204 = CARTESIAN_POINT ( 'NONE',  ( 0.4999999999999997780, 0.1000000000000000056, -0.5500000000000000444 ) ) ;
#3205 = CARTESIAN_POINT ( 'NONE',  ( 1.024999999999999911, 4.570019455179279433, 0.6250000000000001110 ) ) ;
#3206 = CARTESIAN_POINT ( 'NONE',  ( -0.9750000000000003109, 0.2892174209693614273, -0.6835786437626906187 ) ) ;
#3207 = DIRECTION ( 'NONE',  ( -0.000000000000000000, -1.000000000000000000, 0.000000000000000000 ) ) ;
#3208 = DIRECTION ( 'NONE',  ( 0.000000000000000000, 0.000000000000000000, 1.000000000000000000 ) ) ;
#3209 = EDGE_CURVE ( 'NONE', #25, #4339, #2234, .T. ) ;
#3210 = EDGE_CURVE ( 'NONE', #1228, #712, #1737, .T. ) ;
#3211 = CARTESIAN_POINT ( 'NONE',  ( 0.7999999999999999334, 0.1000000000000000056, -0.5499999999999999334 ) ) ;
#3212 = DIRECTION ( 'NONE',  ( -6.195440985631456303E-16, -0.000000000000000000, -1.000000000000000000 ) ) ;
#3213 = ORIENTED_EDGE ( 'NONE', *, *, #2304, .T. ) ;
#3214 = DIRECTION ( 'NONE',  ( 0.000000000000000000, 0.000000000000000000, 1.000000000000000000 ) ) ;
#3215 = VECTOR ( 'NONE', #2064, 1000.000000000000000 ) ;
#3216 = LINE ( 'NONE', #116, #2428 ) ;
#3217 = CARTESIAN_POINT ( 'NONE',  ( -0.9449494093008808937, 0.8921826250550841664, 0.6149831364336271200 ) ) ;
#3218 = DIRECTION ( 'NONE',  ( 0.000000000000000000, 0.000000000000000000, -1.000000000000000000 ) ) ;
#3219 = EDGE_LOOP ( 'NONE', ( #2126, #4609, #290, #1175 ) ) ;
#3220 = ORIENTED_EDGE ( 'NONE', *, *, #1908, .T. ) ;
#3221 = ORIENTED_EDGE ( 'NONE', *, *, #1370, .F. ) ;
#3222 = CARTESIAN_POINT ( 'NONE',  ( -0.8250000000000001776, 0.9499999999999999556, -0.5749999999999999556 ) ) ;
#3223 = LINE ( 'NONE', #3173, #3062 ) ;
#3224 = AXIS2_PLACEMENT_3D ( 'NONE', #832, #3260, #3552 ) ;
#3225 = VERTEX_POINT ( 'NONE', #3906 ) ;
#3226 = AXIS2_PLACEMENT_3D ( 'NONE', #1540, #3402, #5024 ) ;
#3227 = ORIENTED_EDGE ( 'NONE', *, *, #841, .T. ) ;
#3228 = DIRECTION ( 'NONE',  ( 0.000000000000000000, 1.000000000000000000, 0.000000000000000000 ) ) ;
#3229 = ADVANCED_FACE ( 'NONE', ( #3069 ), #5051, .F. ) ;
#3230 = LINE ( 'NONE', #4776, #984 ) ;
#3231 = CARTESIAN_POINT ( 'NONE',  ( -0.8750000000000003331, 0.2550000000000002820, -0.6250000000000001110 ) ) ;
#3232 = ADVANCED_FACE ( 'NONE', ( #4218 ), #3513, .F. ) ;
#3233 = DIRECTION ( 'NONE',  ( -1.000000000000000000, 0.000000000000000000, -6.195440985631456303E-16 ) ) ;
#3234 = DIRECTION ( 'NONE',  ( 0.000000000000000000, 1.000000000000000000, 0.000000000000000000 ) ) ;
#3235 = ADVANCED_FACE ( 'NONE', ( #1155 ), #1102, .F. ) ;
#3236 = DIRECTION ( 'NONE',  ( -0.000000000000000000, -0.000000000000000000, -1.000000000000000000 ) ) ;
#3237 = PLANE ( 'NONE',  #4807 ) ;
#3238 = LINE ( 'NONE', #2899, #4105 ) ;
#3239 = ORIENTED_EDGE ( 'NONE', *, *, #1967, .T. ) ;
#3240 = CARTESIAN_POINT ( 'NONE',  ( -0.8595360797319685497, 1.000000000000000000, -0.5836340199329921319 ) ) ;
#3241 = LINE ( 'NONE', #4029, #2760 ) ;
#3242 = DIRECTION ( 'NONE',  ( 1.000000000000000000, 0.000000000000000000, 0.000000000000000000 ) ) ;
#3243 = CARTESIAN_POINT ( 'NONE',  ( -0.9750000000000006439, 0.8196377019586393864, 0.6249999869108170403 ) ) ;
#3244 = CARTESIAN_POINT ( 'NONE',  ( 0.8750000000000001110, 4.570019455179279433, 0.7750000000000002442 ) ) ;
#3245 = ORIENTED_EDGE ( 'NONE', *, *, #1518, .F. ) ;
#3246 = ORIENTED_EDGE ( 'NONE', *, *, #3458, .F. ) ;
#3247 = ORIENTED_EDGE ( 'NONE', *, *, #2888, .F. ) ;
#3248 = CARTESIAN_POINT ( 'NONE',  ( 0.8643597385352922435, 0.9235969528730093581, 0.7324969653137332060 ) ) ;
#3249 =( NAMED_UNIT ( * ) SI_UNIT ( $, .STERADIAN. ) SOLID_ANGLE_UNIT ( ) );
#3250 = CARTESIAN_POINT ( 'NONE',  ( 0.8749999999999996669, 0.1449999999999999900, -0.8250000000000000666 ) ) ;
#3251 = ORIENTED_EDGE ( 'NONE', *, *, #2832, .F. ) ;
#3252 = ORIENTED_EDGE ( 'NONE', *, *, #208, .F. ) ;
#3253 = CIRCLE ( 'NONE', #4169, 0.1000000000000001027 ) ;
#3254 = LINE ( 'NONE', #4850, #2575 ) ;
#3255 = CYLINDRICAL_SURFACE ( 'NONE', #2397, 0.1000000000000000472 ) ;
#3256 = FACE_OUTER_BOUND ( 'NONE', #2105, .T. ) ;
#3257 = PLANE ( 'NONE',  #4976 ) ;
#3258 = CARTESIAN_POINT ( 'NONE',  ( -0.8649831364336274531, 0.8921826250550842774, 0.6949494093008803386 ) ) ;
#3259 = AXIS2_PLACEMENT_3D ( 'NONE', #3805, #4957, #2460 ) ;
#3260 = DIRECTION ( 'NONE',  ( -1.000000000000000000, 0.000000000000000000, 0.000000000000000000 ) ) ;
#3261 = DIRECTION ( 'NONE',  ( 0.000000000000000000, 1.000000000000000000, 0.000000000000000000 ) ) ;
#3262 = VECTOR ( 'NONE', #1950, 1000.000000000000000 ) ;
#3263 = EDGE_CURVE ( 'NONE', #2588, #1893, #1434, .T. ) ;
#3264 = AXIS2_PLACEMENT_3D ( 'NONE', #3441, #4913, #3859 ) ;
#3265 = ORIENTED_EDGE ( 'NONE', *, *, #4650, .F. ) ;
#3266 = CARTESIAN_POINT ( 'NONE',  ( -0.9597498106733263201, 0.9478108630370237764, -0.6086727041009704076 ) ) ;
#3267 = AXIS2_PLACEMENT_3D ( 'NONE', #2788, #2301, #3161 ) ;
#3268 = DIRECTION ( 'NONE',  ( -1.000000000000000000, 0.000000000000000000, 3.097720492815726673E-16 ) ) ;
#3269 = DIRECTION ( 'NONE',  ( -6.195440985631456303E-16, -0.000000000000000000, 1.000000000000000000 ) ) ;
#3270 =( LENGTH_UNIT ( ) NAMED_UNIT ( * ) SI_UNIT ( .MILLI., .METRE. ) );
#3271 = CARTESIAN_POINT ( 'NONE',  ( -0.8250000000000000666, 1.000000000000000000, -0.5749999999999999556 ) ) ;
#3272 = ADVANCED_FACE ( 'NONE', ( #2261, #3487 ), #1511, .F. ) ;
#3273 = ORIENTED_EDGE ( 'NONE', *, *, #3748, .F. ) ;
#3274 = EDGE_LOOP ( 'NONE', ( #3593, #1114, #1453, #4876 ) ) ;
#3275 = EDGE_CURVE ( 'NONE', #5105, #2588, #1244, .T. ) ;
#3276 = ORIENTED_EDGE ( 'NONE', *, *, #1600, .T. ) ;
#3277 =( GEOMETRIC_REPRESENTATION_CONTEXT ( 3 ) GLOBAL_UNCERTAINTY_ASSIGNED_CONTEXT ( ( #2139 ) ) GLOBAL_UNIT_ASSIGNED_CONTEXT ( ( #311, #2289, #1565 ) ) REPRESENTATION_CONTEXT ( 'NONE', 'WORKASPACE' ) );
#3278 = CARTESIAN_POINT ( 'NONE',  ( -0.5000000000000000000, 0.1000000000000000056, 0.5499999999999999334 ) ) ;
#3279 = ORIENTED_EDGE ( 'NONE', *, *, #1393, .T. ) ;
#3280 = ORIENTED_EDGE ( 'NONE', *, *, #4522, .T. ) ;
#3281 = DIRECTION ( 'NONE',  ( -7.228014483236693597E-16, 1.000000000000000000, -7.228014483236687681E-16 ) ) ;
#3282 = DIRECTION ( 'NONE',  ( -1.858632295689436595E-16, 0.000000000000000000, -1.000000000000000000 ) ) ;
#3283 = DIRECTION ( 'NONE',  ( -0.000000000000000000, -1.000000000000000000, -0.000000000000000000 ) ) ;
#3284 = CARTESIAN_POINT ( 'NONE',  ( 0.000000000000000000, 0.1000000000000000056, 0.000000000000000000 ) ) ;
#3285 = AXIS2_PLACEMENT_3D ( 'NONE', #1322, #1420, #2559 ) ;
#3286 = CARTESIAN_POINT ( 'NONE',  ( 0.8750000000000001110, 0.2550000000000002820, -0.6250000000000001110 ) ) ;
#3287 = DIRECTION ( 'NONE',  ( 0.000000000000000000, 1.000000000000000000, 0.000000000000000000 ) ) ;
#3288 = LINE ( 'NONE', #1296, #622 ) ;
#3289 = ORIENTED_EDGE ( 'NONE', *, *, #5069, .F. ) ;
#3290 = FACE_OUTER_BOUND ( 'NONE', #2863, .T. ) ;
#3291 = EDGE_CURVE ( 'NONE', #1703, #4993, #3123, .T. ) ;
#3292 = DIRECTION ( 'NONE',  ( 0.000000000000000000, -0.000000000000000000, -1.000000000000000000 ) ) ;
#3293 = CARTESIAN_POINT ( 'NONE',  ( 0.000000000000000000, 0.1000000000000000056, 0.000000000000000000 ) ) ;
#3294 = CARTESIAN_POINT ( 'NONE',  ( -1.019793952753601740, 0.8523509833445427342, -0.6236984881884004572 ) ) ;
#3295 = EDGE_CURVE ( 'NONE', #1306, #1476, #1053, .T. ) ;
#3296 = ORIENTED_EDGE ( 'NONE', *, *, #801, .T. ) ;
#3297 = ORIENTED_EDGE ( 'NONE', *, *, #4361, .F. ) ;
#3298 = VECTOR ( 'NONE', #260, 1000.000000000000000 ) ;
#3299 = EDGE_LOOP ( 'NONE', ( #402, #3619, #2564, #3030 ) ) ;
#3300 = ADVANCED_FACE ( 'NONE', ( #3039 ), #254, .F. ) ;
#3301 = DIRECTION ( 'NONE',  ( 1.000000000000000000, 0.000000000000000000, -0.000000000000000000 ) ) ;
#3302 = CARTESIAN_POINT ( 'NONE',  ( 0.9032992329321867242, 0.9338328014237774477, 0.6010997443107293225 ) ) ;
#3303 = ORIENTED_EDGE ( 'NONE', *, *, #2652, .F. ) ;
#3304 = ORIENTED_EDGE ( 'NONE', *, *, #1236, .T. ) ;
#3305 = DIRECTION ( 'NONE',  ( 0.000000000000000000, 0.000000000000000000, -1.000000000000000000 ) ) ;
#3306 = PLANE ( 'NONE',  #4903 ) ;
#3307 = CARTESIAN_POINT ( 'NONE',  ( 0.9739929127827007260, 0.9477344468286823531, 0.7239929127827010591 ) ) ;
#3308 = LINE ( 'NONE', #1708, #575 ) ;
#3309 = DIRECTION ( 'NONE',  ( 6.195440985631456303E-16, -0.000000000000000000, 1.000000000000000000 ) ) ;
#3310 = VECTOR ( 'NONE', #132, 1000.000000000000000 ) ;
#3311 = DIRECTION ( 'NONE',  ( -1.734723475976807341E-16, 0.000000000000000000, -1.000000000000000000 ) ) ;
#3312 = VECTOR ( 'NONE', #2498, 1000.000000000000000 ) ;
#3313 = CARTESIAN_POINT ( 'NONE',  ( 0.4999999999999997780, 0.000000000000000000, 0.5500000000000000444 ) ) ;
#3314 = ORIENTED_EDGE ( 'NONE', *, *, #3361, .T. ) ;
#3315 = CARTESIAN_POINT ( 'NONE',  ( 0.1499999999999999667, 0.1000000000000000056, -0.5499999999999999334 ) ) ;
#3316 = CARTESIAN_POINT ( 'NONE',  ( 0.1499999999999997446, 0.1000000000000000056, 0.9000000000000000222 ) ) ;
#3317 = FACE_OUTER_BOUND ( 'NONE', #425, .T. ) ;
#3318 = CARTESIAN_POINT ( 'NONE',  ( 0.000000000000000000, 0.1000000000000000056, 0.000000000000000000 ) ) ;
#3319 = ORIENTED_EDGE ( 'NONE', *, *, #4455, .T. ) ;
#3320 = ORIENTED_EDGE ( 'NONE', *, *, #3358, .F. ) ;
#3321 = ORIENTED_EDGE ( 'NONE', *, *, #1936, .T. ) ;
#3322 =( NAMED_UNIT ( * ) PLANE_ANGLE_UNIT ( ) SI_UNIT ( $, .RADIAN. ) );
#3323 = CARTESIAN_POINT ( 'NONE',  ( 0.8381264267612483776, 0.9500000000000000666, 0.6143792802837457767 ) ) ;
#3324 = VECTOR ( 'NONE', #1069, 1000.000000000000000 ) ;
#3325 = ORIENTED_EDGE ( 'NONE', *, *, #2587, .T. ) ;
#3326 = EDGE_CURVE ( 'NONE', #631, #2982, #1829, .T. ) ;
#3327 = AXIS2_PLACEMENT_3D ( 'NONE', #2221, #2954, #3763 ) ;
#3328 = ORIENTED_EDGE ( 'NONE', *, *, #4802, .F. ) ;
#3329 = FACE_OUTER_BOUND ( 'NONE', #1176, .T. ) ;
#3330 = CARTESIAN_POINT ( 'NONE',  ( -0.9750000000000005329, 0.7999999999999999334, 0.7250000000000001998 ) ) ;
#3331 = CARTESIAN_POINT ( 'NONE',  ( 0.000000000000000000, 0.1000000000000000056, 0.000000000000000000 ) ) ;
#3332 = ADVANCED_FACE ( 'NONE', ( #1484 ), #2557, .F. ) ;
#3333 = VECTOR ( 'NONE', #2792, 1000.000000000000000 ) ;
#3334 = EDGE_CURVE ( 'NONE', #4271, #1386, #102, .T. ) ;
#3335 = CARTESIAN_POINT ( 'NONE',  ( -1.025000000000000577, 4.570019455179279433, 0.6250000000000001110 ) ) ;
#3336 = LINE ( 'NONE', #4149, #1653 ) ;
#3337 = CIRCLE ( 'NONE', #2425, 0.2000000000000000389 ) ;
#3338 = CYLINDRICAL_SURFACE ( 'NONE', #4098, 0.1499999999999999667 ) ;
#3339 = UNCERTAINTY_MEASURE_WITH_UNIT (LENGTH_MEASURE( 1.000000000000000082E-05 ), #2081, 'distance_accuracy_value', 'NONE');
#3340 = COLOUR_RGB ( '',0.8431372549019607865, 0.8431372549019607865, 0.8431372549019607865 ) ;
#3341 = ORIENTED_EDGE ( 'NONE', *, *, #3137, .F. ) ;
#3342 = VECTOR ( 'NONE', #1443, 1000.000000000000000 ) ;
#3343 = CARTESIAN_POINT ( 'NONE',  ( 1.149999999999999689, 0.1000000000000000056, -0.5500000000000000444 ) ) ;
#3344 = CARTESIAN_POINT ( 'NONE',  ( 0.8643792802837456657, 0.9500000000000000666, -0.5881264267612485996 ) ) ;
#3345 = DIRECTION ( 'NONE',  ( -0.000000000000000000, -0.000000000000000000, 1.000000000000000000 ) ) ;
#3346 = EDGE_CURVE ( 'NONE', #4724, #2534, #4792, .T. ) ;
#3347 = ORIENTED_EDGE ( 'NONE', *, *, #2254, .F. ) ;
#3348 = ORIENTED_EDGE ( 'NONE', *, *, #72, .F. ) ;
#3349 = VECTOR ( 'NONE', #3764, 1000.000000000000000 ) ;
#3350 = VERTEX_POINT ( 'NONE', #793 ) ;
#3351 = CARTESIAN_POINT ( 'NONE',  ( 0.8249999999999995115, 0.9499999999999999556, 0.5749999999999999556 ) ) ;
#3352 = EDGE_LOOP ( 'NONE', ( #2060, #1825, #2062, #4618 ) ) ;
#3353 = EDGE_LOOP ( 'NONE', ( #2329, #171, #273, #1798 ) ) ;
#3354 = CARTESIAN_POINT ( 'NONE',  ( 1.149999999999999689, 0.000000000000000000, 0.9000000000000001332 ) ) ;
#3355 = CARTESIAN_POINT ( 'NONE',  ( 0.9335786437626907297, 0.2892174209693614273, 0.7250000000000000888 ) ) ;
#3356 = LINE ( 'NONE', #355, #340 ) ;
#3357 = EDGE_CURVE ( 'NONE', #821, #3544, #879, .T. ) ;
#3358 = EDGE_CURVE ( 'NONE', #5035, #4629, #3200, .T. ) ;
#3359 = CARTESIAN_POINT ( 'NONE',  ( -0.8540567169330983699, 0.9666179322103031213, -0.6912247802643162187 ) ) ;
#3360 = FACE_OUTER_BOUND ( 'NONE', #2797, .T. ) ;
#3361 = EDGE_CURVE ( 'NONE', #3066, #223, #4038, .T. ) ;
#3362 = CARTESIAN_POINT ( 'NONE',  ( -0.1500000000000002165, 0.000000000000000000, -0.5500000000000000444 ) ) ;
#3363 = CARTESIAN_POINT ( 'NONE',  ( 0.4999999999999997780, 0.1000000000000000056, 0.9000000000000000222 ) ) ;
#3364 = EDGE_CURVE ( 'NONE', #1506, #3143, #2362, .T. ) ;
#3365 = ORIENTED_EDGE ( 'NONE', *, *, #1364, .T. ) ;
#3366 = CARTESIAN_POINT ( 'NONE',  ( 0.9499999999999996225, 0.000000000000000000, 0.2500000000000001665 ) ) ;
#3367 = DIRECTION ( 'NONE',  ( -0.000000000000000000, -1.000000000000000000, -0.000000000000000000 ) ) ;
#3368 = DIRECTION ( 'NONE',  ( 0.000000000000000000, 0.000000000000000000, 1.000000000000000000 ) ) ;
#3369 = ORIENTED_EDGE ( 'NONE', *, *, #4275, .T. ) ;
#3370 = VERTEX_POINT ( 'NONE', #3250 ) ;
#3371 = EDGE_LOOP ( 'NONE', ( #2085, #1260, #2998, #4918 ) ) ;
#3372 = CARTESIAN_POINT ( 'NONE',  ( 0.9749999999999998668, 0.8000000000000000444, 0.6250000000000002220 ) ) ;
#3373 = ORIENTED_EDGE ( 'NONE', *, *, #4254, .F. ) ;
#3374 = ORIENTED_EDGE ( 'NONE', *, *, #3558, .F. ) ;
#3375 = DIRECTION ( 'NONE',  ( -0.000000000000000000, -0.000000000000000000, -1.000000000000000000 ) ) ;
#3376 = DIRECTION ( 'NONE',  ( -0.000000000000000000, -1.000000000000000000, -0.000000000000000000 ) ) ;
#3377 = CARTESIAN_POINT ( 'NONE',  ( 1.024999999999999911, 0.3550000000000002598, -0.6250000000000001110 ) ) ;
#3378 = ORIENTED_EDGE ( 'NONE', *, *, #3522, .F. ) ;
#3379 = ADVANCED_FACE ( 'NONE', ( #4846 ), #48, .F. ) ;
#3380 = CARTESIAN_POINT ( 'NONE',  ( 0.000000000000000000, 0.000000000000000000, -0.5500000000000000444 ) ) ;
#3381 = CARTESIAN_POINT ( 'NONE',  ( -0.8658470869120800106, 0.9153879178402634098, -0.7384957127791538234 ) ) ;
#3382 = CARTESIAN_POINT ( 'NONE',  ( -0.5000000000000000000, 0.1000000000000000056, 0.5499999999999999334 ) ) ;
#3383 = CARTESIAN_POINT ( 'NONE',  ( 0.8750000000000001110, 0.3550000000000002598, -0.7750000000000001332 ) ) ;
#3384 = DIRECTION ( 'NONE',  ( 1.000000000000000000, 0.000000000000000000, -0.000000000000000000 ) ) ;
#3385 = EDGE_CURVE ( 'NONE', #40, #2829, #2387, .T. ) ;
#3386 = VECTOR ( 'NONE', #3572, 1000.000000000000000 ) ;
#3387 = AXIS2_PLACEMENT_3D ( 'NONE', #2758, #4381, #4853 ) ;
#3388 = ORIENTED_EDGE ( 'NONE', *, *, #3838, .T. ) ;
#3389 = FILL_AREA_STYLE ('',( #1790 ) ) ;
#3390 = DIRECTION ( 'NONE',  ( -1.000000000000000000, -0.000000000000000000, 3.097720492815726673E-16 ) ) ;
#3391 = LINE ( 'NONE', #4180, #2177 ) ;
#3392 = VECTOR ( 'NONE', #2416, 1000.000000000000000 ) ;
#3393 = EDGE_LOOP ( 'NONE', ( #3767, #715, #4241, #3365 ) ) ;
#3394 = ORIENTED_EDGE ( 'NONE', *, *, #74, .F. ) ;
#3395 = DIRECTION ( 'NONE',  ( 0.000000000000000000, 0.000000000000000000, 1.000000000000000000 ) ) ;
#3396 = VERTEX_POINT ( 'NONE', #3957 ) ;
#3397 = DIRECTION ( 'NONE',  ( -1.000000000000000000, 0.000000000000000000, 1.858632295689436595E-16 ) ) ;
#3398 = VERTEX_POINT ( 'NONE', #770 ) ;
#3399 = ORIENTED_EDGE ( 'NONE', *, *, #4802, .T. ) ;
#3400 = FACE_OUTER_BOUND ( 'NONE', #948, .T. ) ;
#3401 = LINE ( 'NONE', #2260, #123 ) ;
#3402 = DIRECTION ( 'NONE',  ( 0.000000000000000000, 1.000000000000000000, 0.000000000000000000 ) ) ;
#3403 = ADVANCED_FACE ( 'NONE', ( #405 ), #1958, .F. ) ;
#3404 = AXIS2_PLACEMENT_3D ( 'NONE', #2196, #593, #267 ) ;
#3405 = ORIENTED_EDGE ( 'NONE', *, *, #4289, .T. ) ;
#3406 = CLOSED_SHELL ( 'NONE', ( #4639, #1411, #1930, #446, #5053, #4531 ) ) ;
#3407 = CARTESIAN_POINT ( 'NONE',  ( 0.7999999999999999334, 0.000000000000000000, 0.000000000000000000 ) ) ;
#3408 = CARTESIAN_POINT ( 'NONE',  ( 1.149999999999999689, 0.1000000000000000056, -0.5500000000000000444 ) ) ;
#3409 = DIRECTION ( 'NONE',  ( 0.000000000000000000, 1.000000000000000000, 0.000000000000000000 ) ) ;
#3410 = DIRECTION ( 'NONE',  ( 0.000000000000000000, -1.000000000000000000, 0.000000000000000000 ) ) ;
#3411 = CARTESIAN_POINT ( 'NONE',  ( -1.125000000000000888, 0.3550000000000002598, 0.6250000000000001110 ) ) ;
#3412 = CLOSED_SHELL ( 'NONE', ( #1692, #4294, #4412, #542, #771, #4723, #3966, #4868, #11, #3427, #2736, #4907, #3715, #2439, #519, #3875, #2464, #4839, #598, #3804, #2335, #4380, #3091, #3592, #2216, #81, #1836, #3440, #1686, #3332, #2367, #4672, #2693, #5122, #766, #3496, #4923, #4024, #911, #1367, #3116, #324, #1974, #1877, #2533, #4542, #5047, #5115, #4547, #4132, #4035, #2649, #670, #4296, #1194, #1971, #4772, #5081, #150, #4989, #927, #3417, #2621, #3272, #1293, #4828, #2348, #1515, #1485, #2502, #270, #478, #4985, #4518 ) ) ;
#3413 = EDGE_LOOP ( 'NONE', ( #623, #3005, #3671, #1532, #3132, #5075, #3606, #4452 ) ) ;
#3414 = PRESENTATION_STYLE_ASSIGNMENT (( #2220 ) ) ;
#3415 = DIRECTION ( 'NONE',  ( 1.000000000000000000, -0.000000000000000000, -0.000000000000000000 ) ) ;
#3416 = DIRECTION ( 'NONE',  ( 0.000000000000000000, 1.000000000000000000, 0.000000000000000000 ) ) ;
#3417 = ADVANCED_FACE ( 'NONE', ( #1981 ), #848, .T. ) ;
#3418 = EDGE_CURVE ( 'NONE', #2570, #4605, #3223, .T. ) ;
#3419 = VECTOR ( 'NONE', #2106, 1000.000000000000000 ) ;
#3420 = DIRECTION ( 'NONE',  ( 0.000000000000000000, -1.000000000000000000, 0.000000000000000000 ) ) ;
#3421 = ORIENTED_EDGE ( 'NONE', *, *, #3071, .T. ) ;
#3422 = AXIS2_PLACEMENT_3D ( 'NONE', #3532, #4730, #5121 ) ;
#3423 = FACE_OUTER_BOUND ( 'NONE', #4444, .T. ) ;
#3424 = ORIENTED_EDGE ( 'NONE', *, *, #427, .T. ) ;
#3425 = CARTESIAN_POINT ( 'NONE',  ( -0.1500000000000002165, 0.000000000000000000, -0.5500000000000000444 ) ) ;
#3426 = VECTOR ( 'NONE', #673, 1000.000000000000000 ) ;
#3427 = ADVANCED_FACE ( 'NONE', ( #2005 ), #4742, .F. ) ;
#3428 = ORIENTED_EDGE ( 'NONE', *, *, #140, .T. ) ;
#3429 = VECTOR ( 'NONE', #2009, 1000.000000000000000 ) ;
#3430 = AXIS2_PLACEMENT_3D ( 'NONE', #1612, #4476, #499 ) ;
#3431 = EDGE_CURVE ( 'NONE', #4834, #1695, #4374, .T. ) ;
#3432 = ORIENTED_EDGE ( 'NONE', *, *, #306, .F. ) ;
#3433 = CARTESIAN_POINT ( 'NONE',  ( 0.4999999999999997780, 0.1000000000000000056, -0.5499999999999999334 ) ) ;
#3434 = DIRECTION ( 'NONE',  ( 0.000000000000000000, 1.000000000000000000, -0.000000000000000000 ) ) ;
#3435 = DIRECTION ( 'NONE',  ( -1.000000000000000000, 0.000000000000000000, 0.000000000000000000 ) ) ;
#3436 = VECTOR ( 'NONE', #4782, 1000.000000000000000 ) ;
#3437 = ORIENTED_EDGE ( 'NONE', *, *, #237, .F. ) ;
#3438 = PLANE ( 'NONE',  #3758 ) ;
#3439 = CARTESIAN_POINT ( 'NONE',  ( 0.8750000000000002220, 0.2964213562373098632, 0.7749999999999999112 ) ) ;
#3440 = ADVANCED_FACE ( 'NONE', ( #1257 ), #2036, .F. ) ;
#3441 = CARTESIAN_POINT ( 'NONE',  ( 0.000000000000000000, 0.000000000000000000, 0.000000000000000000 ) ) ;
#3442 = DIRECTION ( 'NONE',  ( 0.000000000000000000, -0.000000000000000000, -1.000000000000000000 ) ) ;
#3443 = CARTESIAN_POINT ( 'NONE',  ( -0.8750000000000003331, 0.2355061701062372559, 0.7629795897113273995 ) ) ;
#3444 = LINE ( 'NONE', #4545, #4177 ) ;
#3445 = ORIENTED_EDGE ( 'NONE', *, *, #3209, .F. ) ;
#3446 = CARTESIAN_POINT ( 'NONE',  ( 0.8750000000000001110, 4.570019455179279433, -0.6250000000000001110 ) ) ;
#3447 = CARTESIAN_POINT ( 'NONE',  ( -0.5000000000000000000, 0.000000000000000000, 0.5499999999999999334 ) ) ;
#3448 = DIRECTION ( 'NONE',  ( -1.000000000000000000, -0.000000000000000000, -0.000000000000000000 ) ) ;
#3449 = CARTESIAN_POINT ( 'NONE',  ( -0.8000000000000001554, 0.1000000000000000056, 0.5500000000000000444 ) ) ;
#3450 = EDGE_LOOP ( 'NONE', ( #1022, #3985, #4236, #462 ) ) ;
#3451 = CARTESIAN_POINT ( 'NONE',  ( -0.9712321561556970240, 0.9364841338494627188, 0.6115566589021173005 ) ) ;
#3452 = ORIENTED_EDGE ( 'NONE', *, *, #4136, .T. ) ;
#3453 = EDGE_CURVE ( 'NONE', #4702, #2631, #2086, .T. ) ;
#3454 = SHAPE_DEFINITION_REPRESENTATION ( #2926, #1736 ) ;
#3455 = B_SPLINE_CURVE_WITH_KNOTS ( 'NONE', 3,
 ( #29, #2066, #3626, #3182, #4465, #855, #2868, #2452 ),
 .UNSPECIFIED., .F., .F.,
 ( 4, 2, 2, 4 ),
 ( 0.000000000000000000, 0.2500000000000002776, 0.5000000000000000000, 1.000000000000000000 ),
 .UNSPECIFIED. ) ;
#3456 = LINE ( 'NONE', #3535, #2762 ) ;
#3457 = VERTEX_POINT ( 'NONE', #4504 ) ;
#3458 = EDGE_CURVE ( 'NONE', #674, #4339, #4138, .T. ) ;
#3459 = ORIENTED_EDGE ( 'NONE', *, *, #1124, .F. ) ;
#3460 = DIRECTION ( 'NONE',  ( 0.000000000000000000, -0.000000000000000000, -1.000000000000000000 ) ) ;
#3461 = CARTESIAN_POINT ( 'NONE',  ( -0.8686894650627289272, 0.8755417922011200504, 0.7060683951881853160 ) ) ;
#3462 = CARTESIAN_POINT ( 'NONE',  ( 0.8749999999999996669, 0.2550000000000000044, -0.8750000000000001110 ) ) ;
#3463 = CARTESIAN_POINT ( 'NONE',  ( 0.1499999999999999667, 0.1000000000000000056, -0.5499999999999999334 ) ) ;
#3464 = CARTESIAN_POINT ( 'NONE',  ( 0.8750000000000000000, 0.3550000000000002598, -0.7249999999999999778 ) ) ;
#3465 = VECTOR ( 'NONE', #3046, 1000.000000000000000 ) ;
#3466 = CARTESIAN_POINT ( 'NONE',  ( 0.9749999999999999778, 0.8000000000000000444, 0.000000000000000000 ) ) ;
#3467 = DIRECTION ( 'NONE',  ( 0.000000000000000000, -1.000000000000000000, -0.000000000000000000 ) ) ;
#3468 = CARTESIAN_POINT ( 'NONE',  ( 0.8249999999999998446, 1.000000000000000000, 0.5749999999999998446 ) ) ;
#3469 = FACE_OUTER_BOUND ( 'NONE', #4266, .T. ) ;
#3470 = FACE_OUTER_BOUND ( 'NONE', #1876, .T. ) ;
#3471 = ORIENTED_EDGE ( 'NONE', *, *, #1908, .F. ) ;
#3472 = CARTESIAN_POINT ( 'NONE',  ( 1.024999999999999689, 0.3550000000000002598, -0.7128679656440356505 ) ) ;
#3473 = DIRECTION ( 'NONE',  ( 0.000000000000000000, 0.000000000000000000, -1.000000000000000000 ) ) ;
#3474 = VECTOR ( 'NONE', #1368, 1000.000000000000000 ) ;
#3475 = CARTESIAN_POINT ( 'NONE',  ( 0.8750000000000001110, 0.3550000000000002598, 0.8750000000000001110 ) ) ;
#3476 = VECTOR ( 'NONE', #719, 1000.000000000000000 ) ;
#3477 = CARTESIAN_POINT ( 'NONE',  ( 1.024999999999999689, 0.8494958547797852866, 0.6250000000000001110 ) ) ;
#3478 = ORIENTED_EDGE ( 'NONE', *, *, #610, .F. ) ;
#3479 = FACE_OUTER_BOUND ( 'NONE', #2353, .T. ) ;
#3480 = COLOUR_RGB ( '',0.8627450980392157298, 0.5882352941176470784, 0.06274509803921568540 ) ;
#3481 = DIRECTION ( 'NONE',  ( 0.000000000000000000, 0.000000000000000000, 1.000000000000000000 ) ) ;
#3482 = VECTOR ( 'NONE', #4997, 1000.000000000000000 ) ;
#3483 = ORIENTED_EDGE ( 'NONE', *, *, #4683, .F. ) ;
#3484 = VERTEX_POINT ( 'NONE', #3675 ) ;
#3485 = FACE_OUTER_BOUND ( 'NONE', #104, .T. ) ;
#3486 = PLANE ( 'NONE',  #5096 ) ;
#3487 = FACE_OUTER_BOUND ( 'NONE', #812, .T. ) ;
#3488 = EDGE_CURVE ( 'NONE', #3509, #787, #2566, .T. ) ;
#3489 = CARTESIAN_POINT ( 'NONE',  ( -0.9750000000000006439, 0.3550000000000002598, 0.6250000000000001110 ) ) ;
#3490 = DIRECTION ( 'NONE',  ( 0.000000000000000000, 1.000000000000000000, -0.000000000000000000 ) ) ;
#3491 = CARTESIAN_POINT ( 'NONE',  ( 0.7999999999999999334, 0.1000000000000000056, 0.5499999999999999334 ) ) ;
#3492 = CARTESIAN_POINT ( 'NONE',  ( -1.075000000000000178, 0.2135786437626909506, 0.6250000000000001110 ) ) ;
#3493 = CARTESIAN_POINT ( 'NONE',  ( 0.000000000000000000, 0.000000000000000000, 0.000000000000000000 ) ) ;
#3494 = CARTESIAN_POINT ( 'NONE',  ( 0.9032992329321867242, 0.9338328014237774477, 0.6010997443107293225 ) ) ;
#3495 = CARTESIAN_POINT ( 'NONE',  ( -1.150000000000000133, 0.1000000000000000056, -0.9000000000000000222 ) ) ;
#3496 = ADVANCED_FACE ( 'NONE', ( #4874 ), #3094, .F. ) ;
#3497 = VECTOR ( 'NONE', #1705, 1000.000000000000000 ) ;
#3498 = ADVANCED_FACE ( 'NONE', ( #2129 ), #4480, .F. ) ;
#3499 = ORIENTED_EDGE ( 'NONE', *, *, #2249, .T. ) ;
#3500 = CARTESIAN_POINT ( 'NONE',  ( 1.149999999999999689, 0.000000000000000000, -0.9000000000000001332 ) ) ;
#3501 = DIRECTION ( 'NONE',  ( 1.000000000000000000, -0.000000000000000000, -0.000000000000000000 ) ) ;
#3502 = DIRECTION ( 'NONE',  ( -0.000000000000000000, -1.000000000000000000, -0.000000000000000000 ) ) ;
#3503 = ORIENTED_EDGE ( 'NONE', *, *, #4971, .F. ) ;
#3504 = VECTOR ( 'NONE', #728, 1000.000000000000000 ) ;
#3505 = CARTESIAN_POINT ( 'NONE',  ( 0.8750000000000001110, 0.8000000000000000444, 0.7250000000000000888 ) ) ;
#3506 = MANIFOLD_SOLID_BREP ( 'Cut-Extrude1', #2497 ) ;
#3507 = VECTOR ( 'NONE', #4407, 1000.000000000000000 ) ;
#3508 = EDGE_LOOP ( 'NONE', ( #4736, #2303, #2613, #2281 ) ) ;
#3509 = VERTEX_POINT ( 'NONE', #656 ) ;
#3510 = CIRCLE ( 'NONE', #4345, 0.1499999999999998557 ) ;
#3511 = FACE_OUTER_BOUND ( 'NONE', #4139, .T. ) ;
#3512 = FACE_BOUND ( 'NONE', #2194, .T. ) ;
#3513 = PLANE ( 'NONE',  #4392 ) ;
#3514 = PRESENTATION_LAYER_ASSIGNMENT (  '', '', ( #539 ) ) ;
#3515 = CIRCLE ( 'NONE', #1282, 0.1999999999999999833 ) ;
#3516 = MANIFOLD_SOLID_BREP ( 'Boss-Extrude4[2]', #3406 ) ;
#3517 = EDGE_LOOP ( 'NONE', ( #3577, #265, #4033, #1352 ) ) ;
#3518 = DIRECTION ( 'NONE',  ( -3.097720492815728645E-16, 0.000000000000000000, 1.000000000000000000 ) ) ;
#3519 = EDGE_CURVE ( 'NONE', #2798, #103, #4534, .T. ) ;
#3520 = CARTESIAN_POINT ( 'NONE',  ( 0.9499999999999996225, 0.1000000000000000056, 0.3500000000000002554 ) ) ;
#3521 = DIRECTION ( 'NONE',  ( 3.097720492815726673E-16, 0.000000000000000000, -1.000000000000000000 ) ) ;
#3522 = EDGE_CURVE ( 'NONE', #4901, #807, #4239, .T. ) ;
#3523 = LINE ( 'NONE', #5113, #4729 ) ;
#3524 = CARTESIAN_POINT ( 'NONE',  ( 0.9749999999999998668, 0.8000000000000000444, 0.6250000000000001110 ) ) ;
#3525 = EDGE_LOOP ( 'NONE', ( #2469, #276, #3622, #4396 ) ) ;
#3526 = EDGE_CURVE ( 'NONE', #3108, #3396, #735, .T. ) ;
#3527 = VECTOR ( 'NONE', #3637, 1000.000000000000000 ) ;
#3528 = PLANE ( 'NONE',  #1346 ) ;
#3529 = PLANE ( 'NONE',  #2913 ) ;
#3530 = CARTESIAN_POINT ( 'NONE',  ( 0.8686894650627284831, 0.8755417922011198284, 0.7060683951881854270 ) ) ;
#3531 = EDGE_CURVE ( 'NONE', #494, #2230, #4690, .T. ) ;
#3532 = CARTESIAN_POINT ( 'NONE',  ( 1.124999999999999778, 0.2550000000000000044, 0.6249999999999998890 ) ) ;
#3533 = ORIENTED_EDGE ( 'NONE', *, *, #1054, .T. ) ;
#3534 = DIRECTION ( 'NONE',  ( 0.000000000000000000, -0.000000000000000000, -1.000000000000000000 ) ) ;
#3535 = CARTESIAN_POINT ( 'NONE',  ( 0.000000000000000000, 0.000000000000000000, 0.5499999999999999334 ) ) ;
#3536 = AXIS2_PLACEMENT_3D ( 'NONE', #2144, #4155, #2123 ) ;
#3537 = ORIENTED_EDGE ( 'NONE', *, *, #3744, .T. ) ;
#3538 = EDGE_LOOP ( 'NONE', ( #408, #2608, #2286, #571 ) ) ;
#3539 = EDGE_LOOP ( 'NONE', ( #4696, #4708, #1152, #2021 ) ) ;
#3540 = DIRECTION ( 'NONE',  ( 6.195440985631456303E-16, 0.000000000000000000, 1.000000000000000000 ) ) ;
#3541 = PLANE ( 'NONE',  #1938 ) ;
#3542 = CARTESIAN_POINT ( 'NONE',  ( -0.8000000000000001554, 0.1000000000000000056, -0.5500000000000000444 ) ) ;
#3543 = CARTESIAN_POINT ( 'NONE',  ( -0.8750000000000002220, 0.1549999999999999989, 0.6250000000000001110 ) ) ;
#3544 = VERTEX_POINT ( 'NONE', #5073 ) ;
#3545 = PLANE ( 'NONE',  #1029 ) ;
#3546 = DIRECTION ( 'NONE',  ( -1.084202172485506406E-15, -1.084202172485506406E-15, -1.000000000000000000 ) ) ;
#3547 = CARTESIAN_POINT ( 'NONE',  ( 1.149999999999999689, 0.000000000000000000, -0.5500000000000000444 ) ) ;
#3548 = CARTESIAN_POINT ( 'NONE',  ( -0.5000000000000002220, 0.000000000000000000, 0.000000000000000000 ) ) ;
#3549 = CARTESIAN_POINT ( 'NONE',  ( 0.000000000000000000, 0.000000000000000000, 0.5499999999999999334 ) ) ;
#3550 = AXIS2_PLACEMENT_3D ( 'NONE', #2576, #2114, #3707 ) ;
#3551 = MANIFOLD_SOLID_BREP ( 'Cut-Extrude2', #3412 ) ;
#3552 = DIRECTION ( 'NONE',  ( 0.000000000000000000, 0.000000000000000000, 1.000000000000000000 ) ) ;
#3553 = FACE_OUTER_BOUND ( 'NONE', #2914, .T. ) ;
#3554 = EDGE_CURVE ( 'NONE', #2440, #4067, #1824, .T. ) ;
#3555 = ORIENTED_EDGE ( 'NONE', *, *, #3184, .F. ) ;
#3556 = CARTESIAN_POINT ( 'NONE',  ( 0.8749999552455506313, 0.8000000000000000444, -0.7749999999999667155 ) ) ;
#3557 = LINE ( 'NONE', #4418, #3765 ) ;
#3558 = EDGE_CURVE ( 'NONE', #965, #4034, #3456, .T. ) ;
#3559 = ORIENTED_EDGE ( 'NONE', *, *, #4353, .T. ) ;
#3560 = VERTEX_POINT ( 'NONE', #2355 ) ;
#3561 = ORIENTED_EDGE ( 'NONE', *, *, #1993, .T. ) ;
#3562 = CARTESIAN_POINT ( 'NONE',  ( -0.9389241467167788180, 0.9068049837878836561, -0.6889241467167784849 ) ) ;
#3563 = DIRECTION ( 'NONE',  ( -1.000000000000000000, 0.000000000000000000, 0.000000000000000000 ) ) ;
#3564 = AXIS2_PLACEMENT_3D ( 'NONE', #1213, #1646, #2780 ) ;
#3565 = CARTESIAN_POINT ( 'NONE',  ( -1.066421356237310381, 0.2550000000000001710, -0.7371320343559645272 ) ) ;
#3566 = ORIENTED_EDGE ( 'NONE', *, *, #4490, .F. ) ;
#3567 = EDGE_LOOP ( 'NONE', ( #52, #928, #2084, #3483 ) ) ;
#3568 = PLANE ( 'NONE',  #3932 ) ;
#3569 = CARTESIAN_POINT ( 'NONE',  ( 0.8750000000000000000, 0.8000000000000001554, -0.6250000000000000000 ) ) ;
#3570 = CARTESIAN_POINT ( 'NONE',  ( 1.149999999999999689, 0.1000000000000000056, 0.9000000000000001332 ) ) ;
#3571 = CARTESIAN_POINT ( 'NONE',  ( 0.9749999999999998668, 4.570019455179279433, -0.6250000000000001110 ) ) ;
#3572 = DIRECTION ( 'NONE',  ( 1.000000000000000000, 0.000000000000000000, 0.000000000000000000 ) ) ;
#3573 =( LENGTH_UNIT ( ) NAMED_UNIT ( * ) SI_UNIT ( .MILLI., .METRE. ) );
#3574 = CARTESIAN_POINT ( 'NONE',  ( 0.4999999999999997780, 0.000000000000000000, 0.000000000000000000 ) ) ;
#3575 = CARTESIAN_POINT ( 'NONE',  ( 0.8736984881884004572, 0.8392632375084070340, 0.7210954645652010164 ) ) ;
#3576 = CIRCLE ( 'NONE', #255, 0.1000000000000001027 ) ;
#3577 = ORIENTED_EDGE ( 'NONE', *, *, #3105, .T. ) ;
#3578 = DIRECTION ( 'NONE',  ( -0.000000000000000000, 0.000000000000000000, -1.000000000000000000 ) ) ;
#3579 = EDGE_CURVE ( 'NONE', #400, #226, #3557, .T. ) ;
#3580 = CARTESIAN_POINT ( 'NONE',  ( 0.000000000000000000, 0.1000000000000000056, 0.000000000000000000 ) ) ;
#3581 = CARTESIAN_POINT ( 'NONE',  ( -0.1500000000000001887, 0.000000000000000000, 0.5499999999999999334 ) ) ;
#3582 = CARTESIAN_POINT ( 'NONE',  ( 0.9499999999999996225, 0.000000000000000000, 0.2500000000000001665 ) ) ;
#3583 = EDGE_CURVE ( 'NONE', #2413, #4477, #4758, .T. ) ;
#3584 = ORIENTED_EDGE ( 'NONE', *, *, #3210, .T. ) ;
#3585 = AXIS2_PLACEMENT_3D ( 'NONE', #4524, #967, #988 ) ;
#3586 = EDGE_LOOP ( 'NONE', ( #2109, #2465, #2382, #2493 ) ) ;
#3587 = EDGE_LOOP ( 'NONE', ( #3828, #2108, #1566, #4816 ) ) ;
#3588 = EDGE_CURVE ( 'NONE', #5007, #1584, #869, .T. ) ;
#3589 = VECTOR ( 'NONE', #3490, 1000.000000000000000 ) ;
#3590 = DIRECTION ( 'NONE',  ( 1.000000000000000000, 0.000000000000000000, 3.097720492815728645E-16 ) ) ;
#3591 = CARTESIAN_POINT ( 'NONE',  ( -1.025000000000000355, 0.2964213562373096411, -0.6249999999999997780 ) ) ;
#3592 = ADVANCED_FACE ( 'NONE', ( #1558 ), #1534, .F. ) ;
#3593 = ORIENTED_EDGE ( 'NONE', *, *, #2824, .T. ) ;
#3594 = VECTOR ( 'NONE', #3409, 1000.000000000000000 ) ;
#3595 = ORIENTED_EDGE ( 'NONE', *, *, #4984, .T. ) ;
#3596 = CARTESIAN_POINT ( 'NONE',  ( 0.000000000000000000, 0.000000000000000000, 0.9000000000000001332 ) ) ;
#3597 = VECTOR ( 'NONE', #1869, 1000.000000000000000 ) ;
#3598 = DIRECTION ( 'NONE',  ( -1.000000000000000000, -0.000000000000000000, 0.000000000000000000 ) ) ;
#3599 = LINE ( 'NONE', #4, #4021 ) ;
#3600 = DIRECTION ( 'NONE',  ( 0.000000000000000000, 1.000000000000000000, -0.000000000000000000 ) ) ;
#3601 = CARTESIAN_POINT ( 'NONE',  ( -0.8250000000000005107, 0.9500000000000001776, 0.5749999999999999556 ) ) ;
#3602 = AXIS2_PLACEMENT_3D ( 'NONE', #3570, #3156, #1597 ) ;
#3603 = CYLINDRICAL_SURFACE ( 'NONE', #2300, 0.2500000000000001110 ) ;
#3604 = CARTESIAN_POINT ( 'NONE',  ( 0.8749999999999996669, 0.3550000000000002598, -0.8750000000000001110 ) ) ;
#3605 = DIRECTION ( 'NONE',  ( -1.000000000000000000, -0.000000000000000000, -0.000000000000000000 ) ) ;
#3606 = ORIENTED_EDGE ( 'NONE', *, *, #110, .F. ) ;
#3607 = CARTESIAN_POINT ( 'NONE',  ( 0.8595461481046504648, 0.9445920718138244299, -0.7131980299310838323 ) ) ;
#3608 = DIRECTION ( 'NONE',  ( 1.000000000000000000, -0.000000000000000000, 3.097720492815728645E-16 ) ) ;
#3609 = CARTESIAN_POINT ( 'NONE',  ( 1.149999999999999689, 0.000000000000000000, 0.5500000000000000444 ) ) ;
#3610 =( NAMED_UNIT ( * ) PLANE_ANGLE_UNIT ( ) SI_UNIT ( $, .RADIAN. ) );
#3611 = ORIENTED_EDGE ( 'NONE', *, *, #3843, .T. ) ;
#3612 = EDGE_CURVE ( 'NONE', #1503, #1797, #1522, .T. ) ;
#3613 = ORIENTED_EDGE ( 'NONE', *, *, #484, .F. ) ;
#3614 = EDGE_CURVE ( 'NONE', #4401, #4724, #1199, .T. ) ;
#3615 = EDGE_LOOP ( 'NONE', ( #1771, #746, #3273, #444 ) ) ;
#3616 = CARTESIAN_POINT ( 'NONE',  ( -0.8649831364336272310, 0.8921826250550840554, -0.6949494093008804496 ) ) ;
#3617 = CYLINDRICAL_SURFACE ( 'NONE', #949, 0.09999999999999982514 ) ;
#3618 = CARTESIAN_POINT ( 'NONE',  ( 1.074999999999999734, 0.2550000000000000044, 0.6250000000000000000 ) ) ;
#3619 = ORIENTED_EDGE ( 'NONE', *, *, #386, .F. ) ;
#3620 = EDGE_CURVE ( 'NONE', #2029, #2857, #476, .T. ) ;
#3621 = MANIFOLD_SOLID_BREP ( 'Boss-Extrude4[7]', #1421 ) ;
#3622 = ORIENTED_EDGE ( 'NONE', *, *, #4522, .F. ) ;
#3623 = FACE_OUTER_BOUND ( 'NONE', #1345, .T. ) ;
#3624 = DIRECTION ( 'NONE',  ( -1.000000000000000000, -0.000000000000000000, -3.097720492815726673E-16 ) ) ;
#3625 = DIRECTION ( 'NONE',  ( 1.000000000000000000, -0.000000000000000000, 0.000000000000000000 ) ) ;
#3626 = CARTESIAN_POINT ( 'NONE',  ( 0.9710954645652007944, 0.8392632375084070340, -0.6236984881884006793 ) ) ;
#3627 = CARTESIAN_POINT ( 'NONE',  ( -0.9335786437626909517, 0.2892174209693615938, 0.7250000000000005329 ) ) ;
#3628 = CARTESIAN_POINT ( 'NONE',  ( -0.1500000000000002165, 0.000000000000000000, 0.9000000000000001332 ) ) ;
#3629 = DIRECTION ( 'NONE',  ( 1.000000000000000000, -0.000000000000000000, -3.097720492815726673E-16 ) ) ;
#3630 =( BOUNDED_SURFACE ( )  B_SPLINE_SURFACE ( 3, 2, ( 
 ( #1349, #920, #146 ),
 ( #2560, #2082, #1718 ),
 ( #3294, #1323, #4450 ),
 ( #4156, #3670, #2145 ),
 ( #4131, #2905, #2488 ),
 ( #1768, #896, #945 ),
 ( #2462, #4552, #2514 ),
 ( #3271, #4108, #3714 ) ),
 .UNSPECIFIED., .F., .F., .F. ) 
 B_SPLINE_SURFACE_WITH_KNOTS ( ( 4, 2, 2, 4 ),
 ( 3, 3 ),
 ( 6.283185307179586232, 6.675884388878310816, 7.068583470577034511, 7.853981633974482790 ),
 ( 0.000000000000000000, 1.000000000000000000 ),
 .UNSPECIFIED. ) 
 GEOMETRIC_REPRESENTATION_ITEM ( )  RATIONAL_B_SPLINE_SURFACE ( (
 ( 1.000000000000000000, 0.7071067811865475727, 1.000000000000000000),
 ( 1.000000000000000000, 0.7066683472211354733, 1.000000000000000000),
 ( 1.000000000000000000, 0.7265616048778432701, 1.000000000000000000),
 ( 1.000000000000000000, 0.7876686348193602250, 1.000000000000000000),
 ( 1.000000000000000000, 0.8282440749015854697, 1.000000000000000000),
 ( 1.000000000000000000, 0.9415880615501426298, 1.000000000000000000),
 ( 1.000000000000000000, 1.002684731167227339, 1.000000000000000000),
 ( 1.000000000000000000, 1.000000000000000000, 1.000000000000000000) ) ) 
 REPRESENTATION_ITEM ( '' )  SURFACE ( )  );
#3631 = CARTESIAN_POINT ( 'NONE',  ( 1.149999999999999689, 0.1000000000000000056, 0.5500000000000000444 ) ) ;
#3632 = ORIENTED_EDGE ( 'NONE', *, *, #4565, .T. ) ;
#3633 = CARTESIAN_POINT ( 'NONE',  ( 0.8408973081545069173, 0.9911334609389310657, -0.6394467943657886622 ) ) ;
#3634 = VECTOR ( 'NONE', #778, 1000.000000000000000 ) ;
#3635 = FACE_OUTER_BOUND ( 'NONE', #1976, .T. ) ;
#3636 = FACE_OUTER_BOUND ( 'NONE', #2874, .T. ) ;
#3637 = DIRECTION ( 'NONE',  ( 1.000000000000000000, -0.000000000000000000, -1.858632295689436595E-16 ) ) ;
#3638 = DIRECTION ( 'NONE',  ( -0.000000000000000000, 0.000000000000000000, -1.000000000000000000 ) ) ;
#3639 = EDGE_CURVE ( 'NONE', #1826, #4834, #3141, .T. ) ;
#3640 = ORIENTED_EDGE ( 'NONE', *, *, #3639, .F. ) ;
#3641 = ORIENTED_EDGE ( 'NONE', *, *, #2727, .F. ) ;
#3642 = VERTEX_POINT ( 'NONE', #37 ) ;
#3643 = CARTESIAN_POINT ( 'NONE',  ( 0.8749999552455504093, 0.8000000000000000444, 0.7749999999999667155 ) ) ;
#3644 = CARTESIAN_POINT ( 'NONE',  ( 0.8749999999999996669, 0.2550000000000000044, -0.8250000000000000666 ) ) ;
#3645 = CARTESIAN_POINT ( 'NONE',  ( -0.9750000000000006439, 4.570019455179279433, -0.6250000000000001110 ) ) ;
#3646 = ORIENTED_EDGE ( 'NONE', *, *, #2127, .T. ) ;
#3647 = CIRCLE ( 'NONE', #500, 0.1000000000000001027 ) ;
#3648 = VECTOR ( 'NONE', #1861, 1000.000000000000000 ) ;
#3649 = VERTEX_POINT ( 'NONE', #2406 ) ;
#3650 = FACE_OUTER_BOUND ( 'NONE', #380, .T. ) ;
#3651 = CIRCLE ( 'NONE', #1326, 0.1500000000000000777 ) ;
#3652 = LINE ( 'NONE', #106, #2229 ) ;
#3653 = DIRECTION ( 'NONE',  ( -0.000000000000000000, -1.000000000000000000, -0.000000000000000000 ) ) ;
#3654 = CARTESIAN_POINT ( 'NONE',  ( 0.4249999999999998224, 0.5000000000000000000, 0.02500000000000006384 ) ) ;
#3655 = EDGE_CURVE ( 'NONE', #1893, #3066, #786, .T. ) ;
#3656 = DIRECTION ( 'NONE',  ( -1.000000000000000000, 0.000000000000000000, 0.000000000000000000 ) ) ;
#3657 = VECTOR ( 'NONE', #460, 1000.000000000000000 ) ;
#3659 = MANIFOLD_SOLID_BREP ( 'Boss-Extrude4[4]', #2755 ) ;
#3658 = CARTESIAN_POINT ( 'NONE',  ( 0.8749999869108165962, 0.8196377019586383872, -0.7250000000000000888 ) ) ;
#3660 = EDGE_CURVE ( 'NONE', #3716, #3457, #3933, .T. ) ;
#3661 = DIRECTION ( 'NONE',  ( 0.000000000000000000, 0.000000000000000000, -1.000000000000000000 ) ) ;
#3662 = DIRECTION ( 'NONE',  ( -0.000000000000000000, -1.000000000000000000, 0.000000000000000000 ) ) ;
#3663 = EDGE_CURVE ( 'NONE', #2338, #1445, #2934, .T. ) ;
#3664 = EDGE_LOOP ( 'NONE', ( #1087, #4159, #4322, #1637 ) ) ;
#3665 = CARTESIAN_POINT ( 'NONE',  ( -0.9247150323138554340, 0.9738627609043314370, -0.5997361429192638038 ) ) ;
#3666 = DIRECTION ( 'NONE',  ( -0.000000000000000000, -1.000000000000000000, -0.000000000000000000 ) ) ;
#3667 = DIRECTION ( 'NONE',  ( 0.000000000000000000, -0.000000000000000000, 1.000000000000000000 ) ) ;
#3668 = LINE ( 'NONE', #118, #2364 ) ;
#3669 =( BOUNDED_SURFACE ( )  B_SPLINE_SURFACE ( 3, 3, ( 
 ( #1433, #660, #1851, #2676 ),
 ( #1052, #2619, #5023, #2288 ),
 ( #1781, #3355, #1384, #3199 ),
 ( #1206, #354, #4373, #4715 ) ),
 .UNSPECIFIED., .F., .F., .T. ) 
 B_SPLINE_SURFACE_WITH_KNOTS ( ( 4, 4 ),
 ( 4, 4 ),
 ( 0.000000000000000000, 1.000000000000000000 ),
 ( 0.000000000000000000, 1.000000000000000000 ),
 .UNSPECIFIED. ) 
 GEOMETRIC_REPRESENTATION_ITEM ( )  RATIONAL_B_SPLINE_SURFACE ( (
 ( 1.000000000000000000, 0.8047378541243648264, 0.8047378541243648264, 1.000000000000000000),
 ( 0.8776643872851505046, 0.7062897556652274478, 0.7062897556652274478, 0.8776643872851505046),
 ( 0.8776643872851505046, 0.7062897556652274478, 0.7062897556652274478, 0.8776643872851505046),
 ( 1.000000000000000000, 0.8047378541243648264, 0.8047378541243648264, 1.000000000000000000) ) ) 
 REPRESENTATION_ITEM ( '' )  SURFACE ( )  );
#3670 = CARTESIAN_POINT ( 'NONE',  ( -0.9739929127827009481, 0.9477344468286823531, -0.7239929127827007260 ) ) ;
#3671 = ORIENTED_EDGE ( 'NONE', *, *, #2210, .F. ) ;
#3672 = ORIENTED_EDGE ( 'NONE', *, *, #139, .F. ) ;
#3673 = ORIENTED_EDGE ( 'NONE', *, *, #1018, .F. ) ;
#3674 =( LENGTH_UNIT ( ) NAMED_UNIT ( * ) SI_UNIT ( .MILLI., .METRE. ) );
#3675 = CARTESIAN_POINT ( 'NONE',  ( 1.124999999999999778, 0.2550000000000002265, -0.6250000000000001110 ) ) ;
#3676 = VERTEX_POINT ( 'NONE', #4527 ) ;
#3677 = ORIENTED_EDGE ( 'NONE', *, *, #3588, .T. ) ;
#3678 = DIRECTION ( 'NONE',  ( 6.195440985631456303E-16, 0.000000000000000000, -1.000000000000000000 ) ) ;
#3679 = CARTESIAN_POINT ( 'NONE',  ( 0.1499999999999997446, 0.000000000000000000, 0.9000000000000000222 ) ) ;
#3680 = FACE_OUTER_BOUND ( 'NONE', #4920, .T. ) ;
#3681 = LINE ( 'NONE', #2991, #2805 ) ;
#3682 = EDGE_CURVE ( 'NONE', #1794, #3195, #4498, .T. ) ;
#3683 = EDGE_CURVE ( 'NONE', #2125, #2772, #551, .T. ) ;
#3684 = CARTESIAN_POINT ( 'NONE',  ( -0.8627007730381071049, 0.9313901576626700818, -0.7258256899734273349 ) ) ;
#3685 = VECTOR ( 'NONE', #1996, 1000.000000000000000 ) ;
#3686 = CARTESIAN_POINT ( 'NONE',  ( 1.149999999999999689, 0.1000000000000000056, -0.5500000000000000444 ) ) ;
#3687 = DIRECTION ( 'NONE',  ( 0.000000000000000000, 0.000000000000000000, -1.000000000000000000 ) ) ;
#3688 = AXIS2_PLACEMENT_3D ( 'NONE', #2038, #3518, #4355 ) ;
#3689 = VECTOR ( 'NONE', #93, 1000.000000000000000 ) ;
#3690 = ADVANCED_FACE ( 'NONE', ( #991 ), #970, .F. ) ;
#3691 = ORIENTED_EDGE ( 'NONE', *, *, #2744, .T. ) ;
#3692 = VECTOR ( 'NONE', #186, 1000.000000000000000 ) ;
#3693 = DIRECTION ( 'NONE',  ( 6.195440985631456303E-16, 0.000000000000000000, 1.000000000000000000 ) ) ;
#3694 = DIRECTION ( 'NONE',  ( -1.000000000000000000, 0.000000000000000000, 3.097720492815726673E-16 ) ) ;
#3695 = ORIENTED_EDGE ( 'NONE', *, *, #734, .T. ) ;
#3696 = ORIENTED_EDGE ( 'NONE', *, *, #3971, .F. ) ;
#3697 = ORIENTED_EDGE ( 'NONE', *, *, #1725, .F. ) ;
#3698 = PLANE ( 'NONE',  #450 ) ;
#3699 = CARTESIAN_POINT ( 'NONE',  ( -1.149999999999999911, 0.1000000000000000056, -0.5499999999999999334 ) ) ;
#3700 = VERTEX_POINT ( 'NONE', #4943 ) ;
#3701 = ORIENTED_EDGE ( 'NONE', *, *, #2443, .F. ) ;
#3702 = CARTESIAN_POINT ( 'NONE',  ( 0.1499999999999997446, 0.000000000000000000, 0.9000000000000000222 ) ) ;
#3703 = CARTESIAN_POINT ( 'NONE',  ( 0.000000000000000000, 0.9499999999999999556, 0.000000000000000000 ) ) ;
#3704 = CYLINDRICAL_SURFACE ( 'NONE', #5102, 0.1500000000000000777 ) ;
#3705 = DIRECTION ( 'NONE',  ( 0.000000000000000000, 0.000000000000000000, -1.000000000000000000 ) ) ;
#3706 = AXIS2_PLACEMENT_3D ( 'NONE', #4866, #1302, #1225 ) ;
#3707 = DIRECTION ( 'NONE',  ( 0.000000000000000000, 0.000000000000000000, 1.000000000000000000 ) ) ;
#3708 = DIRECTION ( 'NONE',  ( 0.000000000000000000, 1.000000000000000000, 0.000000000000000000 ) ) ;
#3709 = LINE ( 'NONE', #2075, #5104 ) ;
#3710 = ORIENTED_EDGE ( 'NONE', *, *, #4446, .T. ) ;
#3711 = CARTESIAN_POINT ( 'NONE',  ( -1.005470550648932759, 0.9023721618256864696, -0.6201184463531090874 ) ) ;
#3712 = CARTESIAN_POINT ( 'NONE',  ( 0.9230879287184375892, 0.9204932954267780465, -0.6730879287184384774 ) ) ;
#3713 = CARTESIAN_POINT ( 'NONE',  ( 0.000000000000000000, 0.8000000000000000444, -0.5750000000000000666 ) ) ;
#3714 = CARTESIAN_POINT ( 'NONE',  ( -0.8250000000000003997, 1.000000000000000000, -0.5749999999999996225 ) ) ;
#3715 = ADVANCED_FACE ( 'NONE', ( #4890 ), #3630, .T. ) ;
#3716 = VERTEX_POINT ( 'NONE', #595 ) ;
#3717 = ORIENTED_EDGE ( 'NONE', *, *, #996, .T. ) ;
#3718 = VECTOR ( 'NONE', #3803, 1000.000000000000000 ) ;
#3719 = ORIENTED_EDGE ( 'NONE', *, *, #2956, .T. ) ;
#3720 = PRESENTATION_STYLE_ASSIGNMENT (( #4112 ) ) ;
#3721 = CARTESIAN_POINT ( 'NONE',  ( -1.066421356237309936, 0.2550000000000003930, 0.6249999999999997780 ) ) ;
#3722 = ADVANCED_FACE ( 'NONE', ( #169 ), #1375, .F. ) ;
#3723 = ORIENTED_EDGE ( 'NONE', *, *, #3107, .F. ) ;
#3724 = EDGE_CURVE ( 'NONE', #3225, #2413, #569, .T. ) ;
#3725 = ORIENTED_EDGE ( 'NONE', *, *, #2956, .F. ) ;
#3726 = VECTOR ( 'NONE', #415, 1000.000000000000000 ) ;
#3727 = CARTESIAN_POINT ( 'NONE',  ( 0.9499999999999996225, 0.000000000000000000, 0.2500000000000001665 ) ) ;
#3728 = DIRECTION ( 'NONE',  ( -1.000000000000000000, 0.000000000000000000, 3.097720492815726673E-16 ) ) ;
#3729 = CARTESIAN_POINT ( 'NONE',  ( -0.8750000000000003331, 4.570019455179279433, 0.7750000000000002442 ) ) ;
#3730 = VECTOR ( 'NONE', #2475, 1000.000000000000000 ) ;
#3731 = LINE ( 'NONE', #2136, #2134 ) ;
#3732 = VECTOR ( 'NONE', #3397, 1000.000000000000000 ) ;
#3733 = CARTESIAN_POINT ( 'NONE',  ( -0.8000000000000001554, 0.1000000000000000056, -0.5500000000000000444 ) ) ;
#3734 = VECTOR ( 'NONE', #2571, 1000.000000000000000 ) ;
#3735 = CARTESIAN_POINT ( 'NONE',  ( 0.000000000000000000, 0.1549999999999999989, -1.000000000000000444 ) ) ;
#3736 = ORIENTED_EDGE ( 'NONE', *, *, #992, .F. ) ;
#3737 = CARTESIAN_POINT ( 'NONE',  ( 0.7999999999999997113, 0.1000000000000000056, 0.9000000000000000222 ) ) ;
#3738 = DIRECTION ( 'NONE',  ( -1.084202172485502856E-15, 1.000000000000000000, 1.084202172485504040E-15 ) ) ;
#3739 = DIRECTION ( 'NONE',  ( 0.000000000000000000, 0.000000000000000000, -1.000000000000000000 ) ) ;
#3740 = EDGE_LOOP ( 'NONE', ( #3770, #4886, #4453, #428 ) ) ;
#3741 = VERTEX_POINT ( 'NONE', #1665 ) ;
#3742 = EDGE_CURVE ( 'NONE', #1721, #872, #4867, .T. ) ;
#3743 = ORIENTED_EDGE ( 'NONE', *, *, #1752, .T. ) ;
#3744 = EDGE_CURVE ( 'NONE', #2155, #1830, #3391, .T. ) ;
#3745 = CARTESIAN_POINT ( 'NONE',  ( 0.9710954645652007944, 0.8392632375084070340, 0.6236984881884006793 ) ) ;
#3746 = AXIS2_PLACEMENT_3D ( 'NONE', #4068, #3281, #883 ) ;
#3747 = ORIENTED_EDGE ( 'NONE', *, *, #4040, .F. ) ;
#3748 = EDGE_CURVE ( 'NONE', #4183, #1037, #1439, .T. ) ;
#3749 = ORIENTED_EDGE ( 'NONE', *, *, #209, .T. ) ;
#3750 = FACE_OUTER_BOUND ( 'NONE', #4844, .T. ) ;
#3751 = CARTESIAN_POINT ( 'NONE',  ( 0.8749999869108165962, 0.8261836026139262046, 0.7750000000000002442 ) ) ;
#3752 = CARTESIAN_POINT ( 'NONE',  ( -1.149999999999999911, 0.1000000000000000056, 0.5499999999999999334 ) ) ;
#3753 = ADVANCED_FACE ( 'NONE', ( #5068 ), #4627, .F. ) ;
#3754 = VECTOR ( 'NONE', #4128, 1000.000000000000000 ) ;
#3755 = CARTESIAN_POINT ( 'NONE',  ( -0.8737796115882775494, 0.8502477846970502018, -0.7703472531866242257 ) ) ;
#3756 = CARTESIAN_POINT ( 'NONE',  ( 0.7999999999999997113, 0.000000000000000000, -0.9000000000000000222 ) ) ;
#3757 = DIRECTION ( 'NONE',  ( -1.000000000000000000, 0.000000000000000000, 0.000000000000000000 ) ) ;
#3758 = AXIS2_PLACEMENT_3D ( 'NONE', #2290, #4979, #335 ) ;
#3759 = LINE ( 'NONE', #1886, #4932 ) ;
#3760 = VERTEX_POINT ( 'NONE', #5010 ) ;
#3761 = AXIS2_PLACEMENT_3D ( 'NONE', #917, #809, #3693 ) ;
#3762 = LINE ( 'NONE', #3315, #3754 ) ;
#3763 = DIRECTION ( 'NONE',  ( -1.000000000000000000, 0.000000000000000000, 3.097720492815728645E-16 ) ) ;
#3764 = DIRECTION ( 'NONE',  ( -1.000000000000000000, -0.000000000000000000, -0.000000000000000000 ) ) ;
#3765 = VECTOR ( 'NONE', #4032, 1000.000000000000000 ) ;
#3766 = VECTOR ( 'NONE', #2143, 1000.000000000000000 ) ;
#3767 = ORIENTED_EDGE ( 'NONE', *, *, #3554, .T. ) ;
#3768 = EDGE_LOOP ( 'NONE', ( #5044, #34, #4558, #4986 ) ) ;
#3769 = AXIS2_PLACEMENT_3D ( 'NONE', #3842, #294, #5038 ) ;
#3770 = ORIENTED_EDGE ( 'NONE', *, *, #4649, .F. ) ;
#3771 = DIRECTION ( 'NONE',  ( 6.195440985631456303E-16, -0.000000000000000000, -1.000000000000000000 ) ) ;
#3772 = EDGE_CURVE ( 'NONE', #1072, #4756, #4576, .T. ) ;
#3773 = ORIENTED_EDGE ( 'NONE', *, *, #1308, .T. ) ;
#3774 = ORIENTED_EDGE ( 'NONE', *, *, #4512, .T. ) ;
#3775 = CARTESIAN_POINT ( 'NONE',  ( -0.9710954645652016826, 0.8392632375084067009, -0.6236984881884004572 ) ) ;
#3776 = CARTESIAN_POINT ( 'NONE',  ( -0.8649831364336272310, 0.8921826250550840554, 0.6949494093008804496 ) ) ;
#3777 = CARTESIAN_POINT ( 'NONE',  ( -0.9449494093008808937, 0.8921826250550840554, -0.6149831364336267869 ) ) ;
#3778 = EDGE_CURVE ( 'NONE', #1151, #1099, #4682, .T. ) ;
#3779 = ORIENTED_EDGE ( 'NONE', *, *, #1036, .F. ) ;
#3780 = DIRECTION ( 'NONE',  ( -0.000000000000000000, 0.000000000000000000, -1.000000000000000000 ) ) ;
#3781 = CARTESIAN_POINT ( 'NONE',  ( -0.8000000000000001554, 0.000000000000000000, -0.9000000000000001332 ) ) ;
#3782 = CYLINDRICAL_SURFACE ( 'NONE', #3259, 0.1500000000000000777 ) ;
#3783 = DIRECTION ( 'NONE',  ( -0.000000000000000000, -1.000000000000000000, -0.000000000000000000 ) ) ;
#3784 = CARTESIAN_POINT ( 'NONE',  ( 1.149999999999999689, 0.000000000000000000, 0.000000000000000000 ) ) ;
#3785 = VERTEX_POINT ( 'NONE', #3084 ) ;
#3786 = CARTESIAN_POINT ( 'NONE',  ( 0.9499999999999996225, 0.000000000000000000, 0.1500000000000000777 ) ) ;
#3787 = LINE ( 'NONE', #2691, #2494 ) ;
#3788 = FACE_OUTER_BOUND ( 'NONE', #4240, .T. ) ;
#3789 = ORIENTED_EDGE ( 'NONE', *, *, #4931, .F. ) ;
#3790 = ORIENTED_EDGE ( 'NONE', *, *, #3357, .T. ) ;
#3791 = CARTESIAN_POINT ( 'NONE',  ( 0.8750000000000001110, 4.570019455179279433, -0.7750000000000002442 ) ) ;
#3792 = ORIENTED_EDGE ( 'NONE', *, *, #1998, .F. ) ;
#3793 = ADVANCED_FACE ( 'NONE', ( #2275 ), #1014, .F. ) ;
#3794 = VERTEX_POINT ( 'NONE', #244 ) ;
#3795 = VECTOR ( 'NONE', #1134, 1000.000000000000000 ) ;
#3796 = ORIENTED_EDGE ( 'NONE', *, *, #667, .T. ) ;
#3797 = DIRECTION ( 'NONE',  ( -0.000000000000000000, -1.000000000000000000, -0.000000000000000000 ) ) ;
#3798 = FACE_OUTER_BOUND ( 'NONE', #3615, .T. ) ;
#3799 = DIRECTION ( 'NONE',  ( -0.000000000000000000, -1.000000000000000000, -0.000000000000000000 ) ) ;
#3800 = EDGE_LOOP ( 'NONE', ( #165, #1925, #4745, #3672 ) ) ;
#3801 = CARTESIAN_POINT ( 'NONE',  ( 0.000000000000000000, 0.1549999999999999989, 1.000000000000000000 ) ) ;
#3802 = EDGE_CURVE ( 'NONE', #4479, #3785, #1792, .T. ) ;
#3803 = DIRECTION ( 'NONE',  ( 1.000000000000000000, 0.000000000000000000, -0.000000000000000000 ) ) ;
#3804 = ADVANCED_FACE ( 'NONE', ( #3788 ), #4207, .T. ) ;
#3805 = CARTESIAN_POINT ( 'NONE',  ( 0.000000000000000000, 0.8000000000000000444, -0.5750000000000000666 ) ) ;
#3806 = FACE_OUTER_BOUND ( 'NONE', #646, .T. ) ;
#3807 = PLANE ( 'NONE',  #2927 ) ;
#3808 = AXIS2_PLACEMENT_3D ( 'NONE', #3915, #4646, #1085 ) ;
#3809 = AXIS2_PLACEMENT_3D ( 'NONE', #1465, #1442, #1546 ) ;
#3810 = VERTEX_POINT ( 'NONE', #2247 ) ;
#3811 = EDGE_CURVE ( 'NONE', #4140, #2544, #1090, .T. ) ;
#3812 = CARTESIAN_POINT ( 'NONE',  ( 1.024999999999999689, 0.3550000000000002598, -0.6250000000000000000 ) ) ;
#3813 = PLANE ( 'NONE',  #3404 ) ;
#3814 = CARTESIAN_POINT ( 'NONE',  ( -0.9750000000000007550, 0.8000000000000000444, 0.6250000000000001110 ) ) ;
#3815 = EDGE_CURVE ( 'NONE', #1386, #4548, #1397, .T. ) ;
#3816 = CARTESIAN_POINT ( 'NONE',  ( 1.024999999999999689, 0.7999999999999999334, -0.7750000000000003553 ) ) ;
#3817 = ORIENTED_EDGE ( 'NONE', *, *, #4004, .F. ) ;
#3818 = DIRECTION ( 'NONE',  ( -0.000000000000000000, 1.000000000000000000, 0.000000000000000000 ) ) ;
#3819 = ORIENTED_EDGE ( 'NONE', *, *, #3655, .T. ) ;
#3820 = DIRECTION ( 'NONE',  ( -1.000000000000000000, -0.000000000000000000, 0.000000000000000000 ) ) ;
#3821 = ORIENTED_EDGE ( 'NONE', *, *, #2819, .T. ) ;
#3822 = EDGE_CURVE ( 'NONE', #3032, #198, #874, .T. ) ;
#3823 = ORIENTED_EDGE ( 'NONE', *, *, #4833, .T. ) ;
#3824 = LINE ( 'NONE', #3093, #2481 ) ;
#3825 = CARTESIAN_POINT ( 'NONE',  ( -0.9230879287184390325, 0.9204932954267769363, 0.6730879287184388104 ) ) ;
#3826 = DIRECTION ( 'NONE',  ( 1.000000000000000000, -0.000000000000000000, 0.000000000000000000 ) ) ;
#3827 = VECTOR ( 'NONE', #4336, 1000.000000000000000 ) ;
#3828 = ORIENTED_EDGE ( 'NONE', *, *, #4971, .T. ) ;
#3829 = UNCERTAINTY_MEASURE_WITH_UNIT (LENGTH_MEASURE( 1.000000000000000082E-05 ), #4818, 'distance_accuracy_value', 'NONE');
#3830 = CLOSED_SHELL ( 'NONE', ( #2630, #1430, #3498, #4734, #2973, #3142 ) ) ;
#3831 = CARTESIAN_POINT ( 'NONE',  ( 0.4999999999999997780, 0.000000000000000000, 0.5500000000000000444 ) ) ;
#3832 = LINE ( 'NONE', #283, #565 ) ;
#3833 = LINE ( 'NONE', #696, #1115 ) ;
#3834 = CARTESIAN_POINT ( 'NONE',  ( 1.149999999999999689, 0.1000000000000000056, 0.9000000000000001332 ) ) ;
#3835 = CARTESIAN_POINT ( 'NONE',  ( -1.012979589711327622, 0.2355061701062373114, 0.7058265723222203469 ) ) ;
#3836 = CARTESIAN_POINT ( 'NONE',  ( 1.249999999999999778, 0.1449999999999999900, 0.9999999999999995559 ) ) ;
#3837 = VECTOR ( 'NONE', #2708, 1000.000000000000000 ) ;
#3838 = EDGE_CURVE ( 'NONE', #4756, #2432, #2222, .T. ) ;
#3839 = VERTEX_POINT ( 'NONE', #2662 ) ;
#3840 = DIRECTION ( 'NONE',  ( 1.000000000000000000, -0.000000000000000000, 3.097720492815726673E-16 ) ) ;
#3841 = LINE ( 'NONE', #4258, #2659 ) ;
#3842 = CARTESIAN_POINT ( 'NONE',  ( 1.125000000000000222, 0.3550000000000002598, 0.6250000000000001110 ) ) ;
#3843 = EDGE_CURVE ( 'NONE', #3059, #2534, #2352, .T. ) ;
#3844 = AXIS2_PLACEMENT_3D ( 'NONE', #2598, #4217, #608 ) ;
#3845 = CARTESIAN_POINT ( 'NONE',  ( 0.9749999999999499067, 0.8000000000000000444, -0.6249999552455424157 ) ) ;
#3846 = ORIENTED_EDGE ( 'NONE', *, *, #1748, .F. ) ;
#3847 = LINE ( 'NONE', #1173, #689 ) ;
#3848 = EDGE_LOOP ( 'NONE', ( #3817, #4841, #1272, #4677 ) ) ;
#3849 = VECTOR ( 'NONE', #2971, 1000.000000000000000 ) ;
#3850 = ORIENTED_EDGE ( 'NONE', *, *, #2727, .T. ) ;
#3851 = VECTOR ( 'NONE', #2779, 1000.000000000000000 ) ;
#3852 =( GEOMETRIC_REPRESENTATION_CONTEXT ( 3 ) GLOBAL_UNCERTAINTY_ASSIGNED_CONTEXT ( ( #1856 ) ) GLOBAL_UNIT_ASSIGNED_CONTEXT ( ( #249, #4293, #2986 ) ) REPRESENTATION_CONTEXT ( 'NONE', 'WORKASPACE' ) );
#3853 = ORIENTED_EDGE ( 'NONE', *, *, #5079, .T. ) ;
#3854 = CARTESIAN_POINT ( 'NONE',  ( 1.074999999999999734, 0.2135786437626909229, 0.6250000000000001110 ) ) ;
#3855 = CARTESIAN_POINT ( 'NONE',  ( -1.150000000000000133, 0.000000000000000000, 0.9000000000000000222 ) ) ;
#3856 = DIRECTION ( 'NONE',  ( 0.000000000000000000, 1.000000000000000000, 0.000000000000000000 ) ) ;
#3857 = DIRECTION ( 'NONE',  ( -1.000000000000000000, -0.000000000000000000, 0.000000000000000000 ) ) ;
#3858 = CARTESIAN_POINT ( 'NONE',  ( 0.8750000000000002220, 0.2550000000000003930, 0.8164213562373090483 ) ) ;
#3859 = DIRECTION ( 'NONE',  ( 0.000000000000000000, -0.000000000000000000, -1.000000000000000000 ) ) ;
#3860 = CARTESIAN_POINT ( 'NONE',  ( -0.8686894650627291492, 0.8755417922011200504, -0.7060683951881852050 ) ) ;
#3861 = CARTESIAN_POINT ( 'NONE',  ( -0.1500000000000002165, 0.1000000000000000056, 0.5500000000000000444 ) ) ;
#3862 = CARTESIAN_POINT ( 'NONE',  ( 0.8750000000000001110, 0.3550000000000002598, -0.6250000000000001110 ) ) ;
#3863 = ORIENTED_EDGE ( 'NONE', *, *, #4931, .T. ) ;
#3864 = PLANE ( 'NONE',  #2008 ) ;
#3865 = CARTESIAN_POINT ( 'NONE',  ( -0.8750000000000003331, 0.3550000000000002598, -0.8750000000000001110 ) ) ;
#3866 = DIRECTION ( 'NONE',  ( 0.000000000000000000, 0.000000000000000000, -1.000000000000000000 ) ) ;
#3867 = CARTESIAN_POINT ( 'NONE',  ( 0.9639807815864409601, 0.9438619308881780468, 0.6097451448534660923 ) ) ;
#3868 = ORIENTED_EDGE ( 'NONE', *, *, #2815, .T. ) ;
#3869 = DIRECTION ( 'NONE',  ( -1.000000000000000000, 0.000000000000000000, 3.097720492815728645E-16 ) ) ;
#3870 = ORIENTED_EDGE ( 'NONE', *, *, #3879, .F. ) ;
#3871 = EDGE_CURVE ( 'NONE', #1015, #226, #4234, .T. ) ;
#3872 = FILL_AREA_STYLE ('',( #1505 ) ) ;
#3873 = ORIENTED_EDGE ( 'NONE', *, *, #2401, .F. ) ;
#3874 = VERTEX_POINT ( 'NONE', #3814 ) ;
#3875 = ADVANCED_FACE ( 'NONE', ( #268 ), #1842, .F. ) ;
#3876 = CARTESIAN_POINT ( 'NONE',  ( -0.8000000000000001554, 0.1000000000000000056, 0.5500000000000000444 ) ) ;
#3877 = CARTESIAN_POINT ( 'NONE',  ( 0.9679961422356919698, 0.9398465702389269261, -0.6107490029422417699 ) ) ;
#3878 = CARTESIAN_POINT ( 'NONE',  ( -0.8750000000000003331, 0.2550000000000002820, -0.8750000000000003331 ) ) ;
#3879 = EDGE_CURVE ( 'NONE', #1955, #3909, #1472, .T. ) ;
#3880 = PRESENTATION_STYLE_ASSIGNMENT (( #720 ) ) ;
#3881 = FACE_OUTER_BOUND ( 'NONE', #3009, .T. ) ;
#3882 =( GEOMETRIC_REPRESENTATION_CONTEXT ( 3 ) GLOBAL_UNCERTAINTY_ASSIGNED_CONTEXT ( ( #2553 ) ) GLOBAL_UNIT_ASSIGNED_CONTEXT ( ( #3573, #1267, #3944 ) ) REPRESENTATION_CONTEXT ( 'NONE', 'WORKASPACE' ) );
#3883 = LINE ( 'NONE', #4670, #1232 ) ;
#3884 = CARTESIAN_POINT ( 'NONE',  ( 0.8750000000000000000, 0.8000000000000000444, -0.7250000000000000888 ) ) ;
#3885 = FACE_OUTER_BOUND ( 'NONE', #3202, .T. ) ;
#3886 = LINE ( 'NONE', #2628, #4313 ) ;
#3887 = CARTESIAN_POINT ( 'NONE',  ( 0.000000000000000000, 0.000000000000000000, 0.9000000000000001332 ) ) ;
#3888 = EDGE_CURVE ( 'NONE', #2384, #3649, #5120, .T. ) ;
#3889 = ORIENTED_EDGE ( 'NONE', *, *, #2569, .T. ) ;
#3890 = DIRECTION ( 'NONE',  ( 1.000000000000000000, -0.000000000000000000, 0.000000000000000000 ) ) ;
#3891 = DIRECTION ( 'NONE',  ( 0.000000000000000000, -0.000000000000000000, -1.000000000000000000 ) ) ;
#3892 = AXIS2_PLACEMENT_3D ( 'NONE', #2455, #1295, #441 ) ;
#3893 = FACE_OUTER_BOUND ( 'NONE', #4960, .T. ) ;
#3894 = AXIS2_PLACEMENT_3D ( 'NONE', #1885, #3410, #1937 ) ;
#3895 = VECTOR ( 'NONE', #4327, 1000.000000000000000 ) ;
#3896 = CARTESIAN_POINT ( 'NONE',  ( 1.024998192418106635, 0.8466760245051139222, -0.7749981924181061910 ) ) ;
#3897 = ORIENTED_EDGE ( 'NONE', *, *, #1340, .T. ) ;
#3898 = CARTESIAN_POINT ( 'NONE',  ( -0.9824969653141049086, 0.9235969528725509470, 0.6143597385352929097 ) ) ;
#3899 = PRESENTATION_LAYER_ASSIGNMENT (  '', '', ( #2728 ) ) ;
#3900 = ORIENTED_EDGE ( 'NONE', *, *, #4895, .F. ) ;
#3901 = EDGE_CURVE ( 'NONE', #2377, #2588, #4606, .T. ) ;
#3902 = ADVANCED_FACE ( 'NONE', ( #3919 ), #833, .F. ) ;
#3903 = ORIENTED_EDGE ( 'NONE', *, *, #1582, .T. ) ;
#3904 = PLANE ( 'NONE',  #2720 ) ;
#3905 = FACE_BOUND ( 'NONE', #4291, .T. ) ;
#3906 = CARTESIAN_POINT ( 'NONE',  ( -1.250000000000000222, 0.1449999999999999900, -1.000000000000000000 ) ) ;
#3907 = FILL_AREA_STYLE_COLOUR ( '', #3023 ) ;
#3908 = EDGE_CURVE ( 'NONE', #3741, #1228, #4755, .T. ) ;
#3909 = VERTEX_POINT ( 'NONE', #61 ) ;
#3910 = LINE ( 'NONE', #3596, #2761 ) ;
#3911 = EDGE_CURVE ( 'NONE', #1614, #2029, #1557, .T. ) ;
#3912 = CARTESIAN_POINT ( 'NONE',  ( 1.066421356237309270, 0.2550000000000003930, 0.6249999999999996669 ) ) ;
#3913 = CARTESIAN_POINT ( 'NONE',  ( -0.8750000000000002220, 0.2550000000000000044, -0.6249999999999998890 ) ) ;
#3914 = CARTESIAN_POINT ( 'NONE',  ( 1.249999999999999778, 0.1449999999999999900, -1.000000000000000444 ) ) ;
#3915 = CARTESIAN_POINT ( 'NONE',  ( 0.1499999999999999667, 0.000000000000000000, -0.5499999999999999334 ) ) ;
#3916 = ORIENTED_EDGE ( 'NONE', *, *, #1496, .F. ) ;
#3917 = CARTESIAN_POINT ( 'NONE',  ( 0.8749999999999996669, 0.2550000000000000044, -0.8164213562373097144 ) ) ;
#3918 = DIRECTION ( 'NONE',  ( -6.195440985631456303E-16, 0.000000000000000000, 1.000000000000000000 ) ) ;
#3919 = FACE_OUTER_BOUND ( 'NONE', #1297, .T. ) ;
#3920 = DIRECTION ( 'NONE',  ( 0.000000000000000000, -0.000000000000000000, -1.000000000000000000 ) ) ;
#3921 = ORIENTED_EDGE ( 'NONE', *, *, #2188, .T. ) ;
#3922 = STYLED_ITEM ( 'NONE', ( #2121 ), #1808 ) ;
#3923 = CYLINDRICAL_SURFACE ( 'NONE', #4915, 0.1999999999999999833 ) ;
#3924 = CARTESIAN_POINT ( 'NONE',  ( 1.149999999999999689, 0.1000000000000000056, -0.9000000000000001332 ) ) ;
#3925 = ORIENTED_EDGE ( 'NONE', *, *, #667, .F. ) ;
#3926 = EDGE_LOOP ( 'NONE', ( #940, #4662, #2773, #1098 ) ) ;
#3927 = ORIENTED_EDGE ( 'NONE', *, *, #1113, .F. ) ;
#3928 = AXIS2_PLACEMENT_3D ( 'NONE', #2853, #4570, #5003 ) ;
#3929 = CARTESIAN_POINT ( 'NONE',  ( -0.9739929127827009481, 0.9477344468286823531, 0.7239929127827007260 ) ) ;
#3930 = FACE_BOUND ( 'NONE', #2206, .T. ) ;
#3931 = CARTESIAN_POINT ( 'NONE',  ( -0.9628679656440364276, 0.2964213562373096966, -0.7750000000000001332 ) ) ;
#3932 = AXIS2_PLACEMENT_3D ( 'NONE', #3204, #3178, #4718 ) ;
#3933 = CIRCLE ( 'NONE', #3430, 0.1999999999999999833 ) ;
#3934 =( LENGTH_UNIT ( ) NAMED_UNIT ( * ) SI_UNIT ( .MILLI., .METRE. ) );
#3935 = CIRCLE ( 'NONE', #2935, 0.1000000000000001027 ) ;
#3936 = ORIENTED_EDGE ( 'NONE', *, *, #2047, .T. ) ;
#3937 = CARTESIAN_POINT ( 'NONE',  ( 0.4999999999999997780, 0.1000000000000000056, 0.9000000000000001332 ) ) ;
#3938 = VECTOR ( 'NONE', #2818, 1000.000000000000000 ) ;
#3939 = FACE_OUTER_BOUND ( 'NONE', #1258, .T. ) ;
#3940 = CARTESIAN_POINT ( 'NONE',  ( 0.9499999999999996225, 0.000000000000000000, 0.2500000000000001665 ) ) ;
#3941 = CARTESIAN_POINT ( 'NONE',  ( -0.8000000000000001554, 0.1000000000000000056, -0.9000000000000001332 ) ) ;
#3942 = EDGE_CURVE ( 'NONE', #4479, #4255, #780, .T. ) ;
#3943 = DIRECTION ( 'NONE',  ( 1.000000000000000000, 0.000000000000000000, -3.097720492815726673E-16 ) ) ;
#3944 =( NAMED_UNIT ( * ) SI_UNIT ( $, .STERADIAN. ) SOLID_ANGLE_UNIT ( ) );
#3945 = CARTESIAN_POINT ( 'NONE',  ( -1.250000000000000222, 0.1549999999999999989, 1.000000000000000000 ) ) ;
#3946 = FACE_OUTER_BOUND ( 'NONE', #4954, .T. ) ;
#3947 = ORIENTED_EDGE ( 'NONE', *, *, #4612, .F. ) ;
#3948 = CARTESIAN_POINT ( 'NONE',  ( -0.9412247802647658590, 0.9666179322098535920, 0.6040567169332567987 ) ) ;
#3949 =( NAMED_UNIT ( * ) SI_UNIT ( $, .STERADIAN. ) SOLID_ANGLE_UNIT ( ) );
#3950 = AXIS2_PLACEMENT_3D ( 'NONE', #1740, #243, #3739 ) ;
#3951 = ORIENTED_EDGE ( 'NONE', *, *, #3901, .F. ) ;
#3952 = ORIENTED_EDGE ( 'NONE', *, *, #862, .T. ) ;
#3953 = EDGE_CURVE ( 'NONE', #4034, #714, #2710, .T. ) ;
#3954 = VERTEX_POINT ( 'NONE', #1945 ) ;
#3955 = CARTESIAN_POINT ( 'NONE',  ( -0.9230879287184390325, 0.9204932954267769363, -0.6730879287184388104 ) ) ;
#3956 = CYLINDRICAL_SURFACE ( 'NONE', #4013, 0.1499999999999999667 ) ;
#3957 = CARTESIAN_POINT ( 'NONE',  ( -1.250000000000000222, 0.1449999999999999900, -1.000000000000000000 ) ) ;
#3958 = PLANE ( 'NONE',  #1535 ) ;
#3959 = EDGE_LOOP ( 'NONE', ( #2388, #772 ) ) ;
#3960 = FACE_OUTER_BOUND ( 'NONE', #2985, .T. ) ;
#3961 = DIRECTION ( 'NONE',  ( -6.195440985631456303E-16, 0.000000000000000000, 1.000000000000000000 ) ) ;
#3962 = PLANE ( 'NONE',  #705 ) ;
#3963 = CARTESIAN_POINT ( 'NONE',  ( -1.025000000000000577, 0.3550000000000002598, 0.6250000000000001110 ) ) ;
#3964 = CARTESIAN_POINT ( 'NONE',  ( -0.8749999869108172623, 0.8196377019586389423, 0.7250000000000001998 ) ) ;
#3965 = AXIS2_PLACEMENT_3D ( 'NONE', #3628, #2816, #395 ) ;
#3966 = ADVANCED_FACE ( 'NONE', ( #3946 ), #442, .F. ) ;
#3967 = EDGE_CURVE ( 'NONE', #552, #2338, #1604, .T. ) ;
#3968 = CARTESIAN_POINT ( 'NONE',  ( -1.250000000000000222, 0.1449999999999999900, 1.000000000000000000 ) ) ;
#3969 = CARTESIAN_POINT ( 'NONE',  ( -0.8250000000000002887, 1.000000000000000000, -0.5749999999999998446 ) ) ;
#3970 = CARTESIAN_POINT ( 'NONE',  ( 0.8749999999999997780, 0.2550000000000000044, -0.8250000000000000666 ) ) ;
#3971 = EDGE_CURVE ( 'NONE', #18, #1638, #3189, .T. ) ;
#3972 = ORIENTED_EDGE ( 'NONE', *, *, #417, .T. ) ;
#3973 = DIRECTION ( 'NONE',  ( 1.000000000000000000, 0.000000000000000000, 3.097720492815726673E-16 ) ) ;
#3974 = DIRECTION ( 'NONE',  ( 1.000000000000000000, 0.000000000000000000, 0.000000000000000000 ) ) ;
#3975 = EDGE_CURVE ( 'NONE', #3741, #2798, #1192, .T. ) ;
#3976 = DIRECTION ( 'NONE',  ( 0.000000000000000000, -0.000000000000000000, 1.000000000000000000 ) ) ;
#3977 = ORIENTED_EDGE ( 'NONE', *, *, #2276, .F. ) ;
#3978 = ORIENTED_EDGE ( 'NONE', *, *, #4706, .F. ) ;
#3979 = VECTOR ( 'NONE', #2209, 1000.000000000000000 ) ;
#3980 = ORIENTED_EDGE ( 'NONE', *, *, #3942, .T. ) ;
#3981 = CARTESIAN_POINT ( 'NONE',  ( -0.8775057070449949759, 1.000000000000000222, 0.5881264267612487107 ) ) ;
#3982 = CARTESIAN_POINT ( 'NONE',  ( 0.9712321561555774529, 0.9364841338495880629, -0.6115566589021174115 ) ) ;
#3983 = CARTESIAN_POINT ( 'NONE',  ( -0.8750000000000001110, 0.2964213562373096411, -0.7750000000000000222 ) ) ;
#3984 = ADVANCED_FACE ( 'NONE', ( #3553 ), #806, .T. ) ;
#3985 = ORIENTED_EDGE ( 'NONE', *, *, #1239, .T. ) ;
#3986 = ORIENTED_EDGE ( 'NONE', *, *, #3531, .F. ) ;
#3987 = CARTESIAN_POINT ( 'NONE',  ( -0.8000000000000001554, 0.1000000000000000056, -0.5500000000000000444 ) ) ;
#3988 = DIRECTION ( 'NONE',  ( 1.000000000000000000, 0.000000000000000000, -1.734723475976807094E-16 ) ) ;
#3989 = FACE_OUTER_BOUND ( 'NONE', #303, .T. ) ;
#3990 = FACE_OUTER_BOUND ( 'NONE', #3664, .T. ) ;
#3991 = LINE ( 'NONE', #2811, #3507 ) ;
#3992 = CARTESIAN_POINT ( 'NONE',  ( 0.8750000000000001110, 0.3550000000000002598, -0.7249999999999997558 ) ) ;
#3993 = PLANE ( 'NONE',  #1651 ) ;
#3994 =( BOUNDED_SURFACE ( )  B_SPLINE_SURFACE ( 3, 3, ( 
 ( #888, #1190, #1628, #1602 ),
 ( #4753, #2398, #803, #2763 ),
 ( #4801, #4780, #59, #1219 ),
 ( #440, #2785, #4384, #3992 ) ),
 .UNSPECIFIED., .F., .F., .T. ) 
 B_SPLINE_SURFACE_WITH_KNOTS ( ( 4, 4 ),
 ( 4, 4 ),
 ( 0.000000000000000000, 1.000000000000000000 ),
 ( 0.000000000000000000, 1.000000000000000000 ),
 .UNSPECIFIED. ) 
 GEOMETRIC_REPRESENTATION_ITEM ( )  RATIONAL_B_SPLINE_SURFACE ( (
 ( 1.000000000000000000, 0.8047378541243647154, 0.8047378541243647154, 1.000000000000000000),
 ( 0.8776643872851499495, 0.7062897556652268927, 0.7062897556652268927, 0.8776643872851499495),
 ( 0.8776643872851499495, 0.7062897556652268927, 0.7062897556652268927, 0.8776643872851499495),
 ( 1.000000000000000000, 0.8047378541243647154, 0.8047378541243647154, 1.000000000000000000) ) ) 
 REPRESENTATION_ITEM ( '' )  SURFACE ( )  );
#3995 = CARTESIAN_POINT ( 'NONE',  ( -0.8000000000000001554, 0.000000000000000000, 0.000000000000000000 ) ) ;
#3996 = EDGE_CURVE ( 'NONE', #3370, #2377, #2376, .T. ) ;
#3997 = AXIS2_PLACEMENT_3D ( 'NONE', #4433, #2450, #1675 ) ;
#3998 = EDGE_CURVE ( 'NONE', #2806, #1585, #2019, .T. ) ;
#3999 = ORIENTED_EDGE ( 'NONE', *, *, #232, .T. ) ;
#4000 = DIRECTION ( 'NONE',  ( -0.000000000000000000, -0.000000000000000000, 1.000000000000000000 ) ) ;
#4001 = CARTESIAN_POINT ( 'NONE',  ( -0.8000000000000001554, 0.1000000000000000056, -0.5500000000000000444 ) ) ;
#4002 = FILL_AREA_STYLE_COLOUR ( '', #2870 ) ;
#4003 = SURFACE_SIDE_STYLE ('',( #2796 ) ) ;
#4004 = EDGE_CURVE ( 'NONE', #1281, #3396, #4386, .T. ) ;
#4005 = EDGE_LOOP ( 'NONE', ( #4221, #1870, #1196, #4078 ) ) ;
#4006 = COLOUR_RGB ( '',0.8627450980392157298, 0.5882352941176470784, 0.06274509803921568540 ) ;
#4007 = ORIENTED_EDGE ( 'NONE', *, *, #3263, .T. ) ;
#4008 = EDGE_LOOP ( 'NONE', ( #687, #1209 ) ) ;
#4009 = CARTESIAN_POINT ( 'NONE',  ( -1.024998192418106857, 0.8466760245051153655, 0.7749981924181063020 ) ) ;
#4010 = AXIS2_PLACEMENT_3D ( 'NONE', #1105, #1463, #2648 ) ;
#4011 = CARTESIAN_POINT ( 'NONE',  ( 1.149999999999999689, 0.000000000000000000, -0.9000000000000001332 ) ) ;
#4012 = ORIENTED_EDGE ( 'NONE', *, *, #3588, .F. ) ;
#4013 = AXIS2_PLACEMENT_3D ( 'NONE', #1928, #404, #3563 ) ;
#4014 = VECTOR ( 'NONE', #2629, 1000.000000000000000 ) ;
#4015 = VERTEX_POINT ( 'NONE', #4410 ) ;
#4016 = CARTESIAN_POINT ( 'NONE',  ( 1.249999999999999778, 0.000000000000000000, 0.9999999999999995559 ) ) ;
#4017 = DIRECTION ( 'NONE',  ( 0.000000000000000000, -0.000000000000000000, -1.000000000000000000 ) ) ;
#4018 = FACE_OUTER_BOUND ( 'NONE', #4711, .T. ) ;
#4019 = DIRECTION ( 'NONE',  ( -1.000000000000000000, 0.000000000000000000, 0.000000000000000000 ) ) ;
#4020 = CARTESIAN_POINT ( 'NONE',  ( 0.8749999999999998890, 0.2135786437626908674, 0.8249999999999997335 ) ) ;
#4021 = VECTOR ( 'NONE', #1985, 1000.000000000000000 ) ;
#4022 = COLOUR_RGB ( '',0.8627450980392157298, 0.5882352941176470784, 0.06274509803921568540 ) ;
#4023 = LINE ( 'NONE', #3968, #737 ) ;
#4024 = ADVANCED_FACE ( 'NONE', ( #3893 ), #345, .T. ) ;
#4025 = LINE ( 'NONE', #2045, #4388 ) ;
#4026 = CARTESIAN_POINT ( 'NONE',  ( -1.149999999999999911, 0.1000000000000000056, -0.5499999999999999334 ) ) ;
#4027 = ORIENTED_EDGE ( 'NONE', *, *, #4577, .T. ) ;
#4028 = CARTESIAN_POINT ( 'NONE',  ( 0.8586727041009935002, 0.9478108630369612708, -0.7097498106733938217 ) ) ;
#4029 = CARTESIAN_POINT ( 'NONE',  ( -0.8000000000000001554, 0.1000000000000000056, -0.5500000000000000444 ) ) ;
#4030 = DIRECTION ( 'NONE',  ( -0.000000000000000000, 0.000000000000000000, -1.000000000000000000 ) ) ;
#4031 = FILL_AREA_STYLE ('',( #919 ) ) ;
#4032 = DIRECTION ( 'NONE',  ( 1.000000000000000000, 0.000000000000000000, 0.000000000000000000 ) ) ;
#4033 = ORIENTED_EDGE ( 'NONE', *, *, #3724, .F. ) ;
#4034 = VERTEX_POINT ( 'NONE', #471 ) ;
#4035 = ADVANCED_FACE ( 'NONE', ( #163 ), #4520, .F. ) ;
#4036 = ORIENTED_EDGE ( 'NONE', *, *, #3998, .T. ) ;
#4037 = CARTESIAN_POINT ( 'NONE',  ( 0.8627007730381069939, 0.9313901576628664802, 0.7258256899732553613 ) ) ;
#4038 = LINE ( 'NONE', #3618, #3392 ) ;
#4039 = VERTEX_POINT ( 'NONE', #964 ) ;
#4040 = EDGE_CURVE ( 'NONE', #1394, #3036, #3238, .T. ) ;
#4041 = ORIENTED_EDGE ( 'NONE', *, *, #804, .T. ) ;
#4042 = DIRECTION ( 'NONE',  ( -1.000000000000000000, -0.000000000000000000, 6.195440985631455317E-17 ) ) ;
#4043 = DIRECTION ( 'NONE',  ( 1.000000000000000000, 0.000000000000000000, -6.195440985631456303E-16 ) ) ;
#4044 = DIRECTION ( 'NONE',  ( 0.000000000000000000, 0.000000000000000000, -1.000000000000000000 ) ) ;
#4045 = PLANE ( 'NONE',  #12 ) ;
#4046 = CARTESIAN_POINT ( 'NONE',  ( -0.8510997443107296556, 0.9338328014237775587, 0.6532992329321867242 ) ) ;
#4047 = EDGE_CURVE ( 'NONE', #5042, #2695, #518, .T. ) ;
#4048 = CARTESIAN_POINT ( 'NONE',  ( -0.1500000000000002165, 0.1000000000000000056, 0.5500000000000000444 ) ) ;
#4049 = FACE_OUTER_BOUND ( 'NONE', #1382, .T. ) ;
#4050 = B_SPLINE_CURVE_WITH_KNOTS ( 'NONE', 3,
 ( #586, #2160, #3755, #4516, #136, #3381, #210, #3684, #1785, #543, #3359, #4956, #1710 ),
 .UNSPECIFIED., .F., .F.,
 ( 4, 2, 2, 1, 2, 2, 4 ),
 ( 0.000000000000000000, 0.2499999999999951150, 0.3749999999999932832, 0.4374999999999927280, 0.4687499999999927280, 0.4999999999999927836, 1.000000000000000000 ),
 .UNSPECIFIED. ) ;
#4051 = CARTESIAN_POINT ( 'NONE',  ( -1.024999999999967271, 0.8000000000000000444, 0.6249999552455506313 ) ) ;
#4052 = EDGE_CURVE ( 'NONE', #40, #2413, #1735, .T. ) ;
#4053 = ORIENTED_EDGE ( 'NONE', *, *, #4610, .F. ) ;
#4054 = FACE_OUTER_BOUND ( 'NONE', #2901, .T. ) ;
#4055 = CARTESIAN_POINT ( 'NONE',  ( -0.8000000000000001554, 0.1000000000000000056, -0.9000000000000001332 ) ) ;
#4056 = DIRECTION ( 'NONE',  ( 1.000000000000000000, -0.000000000000000000, -3.097720492815726673E-16 ) ) ;
#4057 = LINE ( 'NONE', #2405, #3527 ) ;
#4058 = DIRECTION ( 'NONE',  ( -0.000000000000000000, -1.000000000000000000, -0.000000000000000000 ) ) ;
#4059 = ORIENTED_EDGE ( 'NONE', *, *, #2069, .F. ) ;
#4060 = VERTEX_POINT ( 'NONE', #939 ) ;
#4061 = EDGE_LOOP ( 'NONE', ( #1092, #2243, #2826, #1999 ) ) ;
#4062 = FACE_OUTER_BOUND ( 'NONE', #1838, .T. ) ;
#4063 = CARTESIAN_POINT ( 'NONE',  ( -0.9628679656440363166, 0.3550000000000002598, 0.7750000000000002442 ) ) ;
#4064 = ORIENTED_EDGE ( 'NONE', *, *, #231, .F. ) ;
#4065 = ADVANCED_FACE ( 'NONE', ( #2116 ), #1657, .F. ) ;
#4066 = VECTOR ( 'NONE', #1493, 1000.000000000000000 ) ;
#4067 = VERTEX_POINT ( 'NONE', #545 ) ;
#4068 = CARTESIAN_POINT ( 'NONE',  ( -0.8750000000000004441, 0.8000000000000001554, -0.6250000000000000000 ) ) ;
#4069 = AXIS2_PLACEMENT_3D ( 'NONE', #3354, #4951, #2111 ) ;
#4070 = LINE ( 'NONE', #202, #4732 ) ;
#4071 = CARTESIAN_POINT ( 'NONE',  ( 0.8510997443107289895, 0.9784437352317032488, 0.6793989772429160912 ) ) ;
#4072 = DIRECTION ( 'NONE',  ( 3.097720492815726673E-16, 0.000000000000000000, -1.000000000000000000 ) ) ;
#4073 = PRESENTATION_LAYER_ASSIGNMENT (  '', '', ( #1001 ) ) ;
#4074 = EDGE_CURVE ( 'NONE', #128, #820, #564, .T. ) ;
#4075 = DIRECTION ( 'NONE',  ( 1.000000000000000000, 0.000000000000000000, 0.000000000000000000 ) ) ;
#4076 = CARTESIAN_POINT ( 'NONE',  ( 0.4999999999999997780, 0.000000000000000000, -0.5500000000000000444 ) ) ;
#4077 = CARTESIAN_POINT ( 'NONE',  ( -0.8750000000000002220, 0.2550000000000000044, -0.8750000000000000000 ) ) ;
#4078 = ORIENTED_EDGE ( 'NONE', *, *, #870, .T. ) ;
#4079 = DIRECTION ( 'NONE',  ( 0.000000000000000000, 1.000000000000000000, 0.000000000000000000 ) ) ;
#4080 = CARTESIAN_POINT ( 'NONE',  ( 0.4999999999999997780, 0.1000000000000000056, 0.5500000000000000444 ) ) ;
#4081 = CARTESIAN_POINT ( 'NONE',  ( 0.8249999999999998446, 0.8000000000000000444, 0.000000000000000000 ) ) ;
#4082 =( NAMED_UNIT ( * ) PLANE_ANGLE_UNIT ( ) SI_UNIT ( $, .RADIAN. ) );
#4083 = DIRECTION ( 'NONE',  ( -1.000000000000000000, -0.000000000000000000, -0.000000000000000000 ) ) ;
#4084 = VECTOR ( 'NONE', #4233, 1000.000000000000000 ) ;
#4085 = ORIENTED_EDGE ( 'NONE', *, *, #3802, .T. ) ;
#4086 = ORIENTED_EDGE ( 'NONE', *, *, #4226, .T. ) ;
#4087 = ORIENTED_EDGE ( 'NONE', *, *, #3431, .T. ) ;
#4088 = FILL_AREA_STYLE ('',( #975 ) ) ;
#4089 = VERTEX_POINT ( 'NONE', #4051 ) ;
#4090 = ORIENTED_EDGE ( 'NONE', *, *, #427, .F. ) ;
#4091 = CARTESIAN_POINT ( 'NONE',  ( 0.1499999999999998557, 0.1000000000000000056, -0.5499999999999999334 ) ) ;
#4092 = DIRECTION ( 'NONE',  ( -1.000000000000000000, 0.000000000000000000, 1.858632295689436595E-16 ) ) ;
#4093 = CARTESIAN_POINT ( 'NONE',  ( 1.024998192418106635, 0.8466760245051139222, 0.7749981924181061910 ) ) ;
#4094 = DIRECTION ( 'NONE',  ( 0.000000000000000000, -0.000000000000000000, 1.000000000000000000 ) ) ;
#4095 = COLOUR_RGB ( '',0.8627450980392157298, 0.5882352941176470784, 0.06274509803921568540 ) ;
#4096 = EDGE_CURVE ( 'NONE', #5105, #1132, #301, .T. ) ;
#4097 = LINE ( 'NONE', #4934, #819 ) ;
#4098 = AXIS2_PLACEMENT_3D ( 'NONE', #4937, #4469, #2507 ) ;
#4099 = CARTESIAN_POINT ( 'NONE',  ( -1.149999999999999911, 0.1000000000000000056, -0.5499999999999999334 ) ) ;
#4100 = CARTESIAN_POINT ( 'NONE',  ( 0.4999999999999997780, 0.1000000000000000056, -0.9000000000000001332 ) ) ;
#4101 =( GEOMETRIC_REPRESENTATION_CONTEXT ( 3 ) GLOBAL_UNCERTAINTY_ASSIGNED_CONTEXT ( ( #2623 ) ) GLOBAL_UNIT_ASSIGNED_CONTEXT ( ( #762, #3610, #3949 ) ) REPRESENTATION_CONTEXT ( 'NONE', 'WORKASPACE' ) );
#4102 = ORIENTED_EDGE ( 'NONE', *, *, #3953, .T. ) ;
#4103 = ADVANCED_FACE ( 'NONE', ( #1761 ), #113, .F. ) ;
#4104 = CARTESIAN_POINT ( 'NONE',  ( -0.5000000000000000000, 0.1000000000000000056, 0.5499999999999999334 ) ) ;
#4105 = VECTOR ( 'NONE', #1712, 1000.000000000000000 ) ;
#4106 = CARTESIAN_POINT ( 'NONE',  ( 0.8736984881884004572, 0.8392632375084070340, -0.7210954645652010164 ) ) ;
#4107 = DIRECTION ( 'NONE',  ( 0.000000000000000000, 0.000000000000000000, -1.000000000000000000 ) ) ;
#4108 = CARTESIAN_POINT ( 'NONE',  ( -0.8250000000000001776, 1.000000000000000000, -0.5749999999999997335 ) ) ;
#4109 = ORIENTED_EDGE ( 'NONE', *, *, #4763, .T. ) ;
#4110 = EDGE_LOOP ( 'NONE', ( #187, #4821, #1666, #3341 ) ) ;
#4111 = EDGE_LOOP ( 'NONE', ( #218, #2357, #2799 ) ) ;
#4112 = SURFACE_STYLE_USAGE ( .BOTH. , #2057 ) ;
#4113 = CARTESIAN_POINT ( 'NONE',  ( -1.025000000000000577, 0.2964213562373098632, 0.6249999999999997780 ) ) ;
#4114 = VERTEX_POINT ( 'NONE', #1344 ) ;
#4115 = ADVANCED_FACE ( 'NONE', ( #914 ), #4493, .F. ) ;
#4116 = VERTEX_POINT ( 'NONE', #860 ) ;
#4117 = CARTESIAN_POINT ( 'NONE',  ( 0.7999999999999997113, 0.1000000000000000056, 0.9000000000000000222 ) ) ;
#4118 = FACE_OUTER_BOUND ( 'NONE', #1450, .T. ) ;
#4119 = CARTESIAN_POINT ( 'NONE',  ( 1.024999999999999911, 0.8000000000000000444, 0.6250000000000002220 ) ) ;
#4120 = LINE ( 'NONE', #1801, #1988 ) ;
#4121 = FACE_OUTER_BOUND ( 'NONE', #2721, .T. ) ;
#4122 = CARTESIAN_POINT ( 'NONE',  ( -0.5000000000000002220, 0.000000000000000000, -0.9000000000000000222 ) ) ;
#4123 = DIRECTION ( 'NONE',  ( 0.000000000000000000, 0.000000000000000000, -1.000000000000000000 ) ) ;
#4124 = EDGE_CURVE ( 'NONE', #845, #4394, #3709, .T. ) ;
#4125 = UNCERTAINTY_MEASURE_WITH_UNIT (LENGTH_MEASURE( 1.000000000000000082E-05 ), #3270, 'distance_accuracy_value', 'NONE');
#4126 = EDGE_CURVE ( 'NONE', #1614, #4183, #3288, .T. ) ;
#4127 = ORIENTED_EDGE ( 'NONE', *, *, #4955, .F. ) ;
#4128 = DIRECTION ( 'NONE',  ( -0.000000000000000000, -1.000000000000000000, -0.000000000000000000 ) ) ;
#4129 = CARTESIAN_POINT ( 'NONE',  ( 0.9499999999999996225, 0.000000000000000000, 0.3500000000000002554 ) ) ;
#4130 = DIRECTION ( 'NONE',  ( 1.000000000000000000, 0.000000000000000000, 0.000000000000000000 ) ) ;
#4131 = CARTESIAN_POINT ( 'NONE',  ( -0.9849325457345072810, 0.9229101667401120590, -0.6149831364336267869 ) ) ;
#4132 = ADVANCED_FACE ( 'NONE', ( #2873 ), #3338, .T. ) ;
#4133 = ORIENTED_EDGE ( 'NONE', *, *, #1142, .T. ) ;
#4134 = EDGE_LOOP ( 'NONE', ( #1333, #1667, #5000, #1319 ) ) ;
#4135 = AXIS2_PLACEMENT_3D ( 'NONE', #3491, #4747, #3961 ) ;
#4136 = EDGE_CURVE ( 'NONE', #987, #4039, #4831, .T. ) ;
#4137 = ORIENTED_EDGE ( 'NONE', *, *, #600, .T. ) ;
#4138 = LINE ( 'NONE', #3699, #4815 ) ;
#4139 = EDGE_LOOP ( 'NONE', ( #1327, #1763, #2864 ) ) ;
#4140 = VERTEX_POINT ( 'NONE', #2923 ) ;
#4141 = VECTOR ( 'NONE', #2429, 1000.000000000000000 ) ;
#4142 = FACE_OUTER_BOUND ( 'NONE', #3371, .T. ) ;
#4143 = CARTESIAN_POINT ( 'NONE',  ( 0.8249999999999997335, 1.000000000000000000, 0.5749999999999996225 ) ) ;
#4144 = DIRECTION ( 'NONE',  ( 0.000000000000000000, 0.000000000000000000, 1.000000000000000000 ) ) ;
#4145 = EDGE_CURVE ( 'NONE', #472, #2130, #1270, .T. ) ;
#4146 = AXIS2_PLACEMENT_3D ( 'NONE', #3016, #2677, #4617 ) ;
#4147 = DIRECTION ( 'NONE',  ( 1.000000000000000000, -0.000000000000000000, 0.000000000000000000 ) ) ;
#4148 = VECTOR ( 'NONE', #482, 1000.000000000000000 ) ;
#4149 = CARTESIAN_POINT ( 'NONE',  ( -1.150000000000000133, 0.1000000000000000056, 0.9000000000000000222 ) ) ;
#4150 = VECTOR ( 'NONE', #3375, 1000.000000000000000 ) ;
#4151 = CARTESIAN_POINT ( 'NONE',  ( 0.7999999999999999334, 0.000000000000000000, 0.5499999999999999334 ) ) ;
#4152 = EDGE_LOOP ( 'NONE', ( #4631, #533, #1789, #4995 ) ) ;
#4153 = CARTESIAN_POINT ( 'NONE',  ( -0.9631980299310490823, 0.9445920718138581806, -0.6095461481046383634 ) ) ;
#4154 = EDGE_CURVE ( 'NONE', #1151, #4116, #2430, .T. ) ;
#4155 = DIRECTION ( 'NONE',  ( -3.097720492815728645E-16, 0.000000000000000000, -1.000000000000000000 ) ) ;
#4156 = CARTESIAN_POINT ( 'NONE',  ( -0.9997578602509140655, 0.9007223896014928677, -0.6186894650627284831 ) ) ;
#4157 = EDGE_CURVE ( 'NONE', #4183, #657, #1112, .T. ) ;
#4158 = ORIENTED_EDGE ( 'NONE', *, *, #3967, .T. ) ;
#4159 = ORIENTED_EDGE ( 'NONE', *, *, #5079, .F. ) ;
#4160 = ORIENTED_EDGE ( 'NONE', *, *, #3748, .T. ) ;
#4161 = EDGE_CURVE ( 'NONE', #4993, #5099, #2551, .T. ) ;
#4162 = CARTESIAN_POINT ( 'NONE',  ( -0.8750000000000003331, 0.2550000000000002820, 0.8750000000000002220 ) ) ;
#4163 = AXIS2_PLACEMENT_3D ( 'NONE', #3702, #2890, #3678 ) ;
#4164 = VERTEX_POINT ( 'NONE', #3836 ) ;
#4165 = ORIENTED_EDGE ( 'NONE', *, *, #4743, .F. ) ;
#4166 = CARTESIAN_POINT ( 'NONE',  ( 0.8750000000000001110, 4.570019455179279433, -0.6250000000000001110 ) ) ;
#4167 = DIRECTION ( 'NONE',  ( -0.000000000000000000, 0.000000000000000000, -1.000000000000000000 ) ) ;
#4168 = CARTESIAN_POINT ( 'NONE',  ( -1.125000000000000666, 0.1549999999999999989, -0.6249999999999998890 ) ) ;
#4169 = AXIS2_PLACEMENT_3D ( 'NONE', #445, #2022, #3214 ) ;
#4170 = ORIENTED_EDGE ( 'NONE', *, *, #1183, .F. ) ;
#4171 = LINE ( 'NONE', #5055, #3589 ) ;
#4172 = LINE ( 'NONE', #3335, #1731 ) ;
#4173 = CARTESIAN_POINT ( 'NONE',  ( 0.7999999999999997113, 0.000000000000000000, 0.000000000000000000 ) ) ;
#4174 = CARTESIAN_POINT ( 'NONE',  ( -0.8750000000000001110, 0.2550000000000000044, 0.8750000000000001110 ) ) ;
#4175 = FACE_OUTER_BOUND ( 'NONE', #3219, .T. ) ;
#4176 = ORIENTED_EDGE ( 'NONE', *, *, #966, .T. ) ;
#4177 = VECTOR ( 'NONE', #983, 1000.000000000000000 ) ;
#4178 = DIRECTION ( 'NONE',  ( -1.000000000000000000, -0.000000000000000000, -3.097720492815728645E-16 ) ) ;
#4179 = CARTESIAN_POINT ( 'NONE',  ( 0.000000000000000000, 0.1549999999999999989, 0.000000000000000000 ) ) ;
#4180 = CARTESIAN_POINT ( 'NONE',  ( 0.4999999999999997780, 0.000000000000000000, 0.000000000000000000 ) ) ;
#4181 = AXIS2_PLACEMENT_3D ( 'NONE', #1755, #1336, #4044 ) ;
#4182 = VERTEX_POINT ( 'NONE', #4151 ) ;
#4183 = VERTEX_POINT ( 'NONE', #1010 ) ;
#4184 = AXIS2_PLACEMENT_3D ( 'NONE', #2400, #4727, #3111 ) ;
#4185 = ORIENTED_EDGE ( 'NONE', *, *, #3184, .T. ) ;
#4186 = ORIENTED_EDGE ( 'NONE', *, *, #4512, .F. ) ;
#4187 = EDGE_CURVE ( 'NONE', #657, #5014, #5005, .T. ) ;
#4188 = MECHANICAL_DESIGN_GEOMETRIC_PRESENTATION_REPRESENTATION (  '', ( #4613 ), #3277 ) ;
#4189 = ORIENTED_EDGE ( 'NONE', *, *, #2501, .T. ) ;
#4190 = CARTESIAN_POINT ( 'NONE',  ( -0.9749987918764234651, 0.8333006713329798032, -0.7249987918764231321 ) ) ;
#4191 =( BOUNDED_SURFACE ( )  B_SPLINE_SURFACE ( 3, 3, ( 
 ( #4201, #644, #1834, #339 ),
 ( #4621, #3835, #1862, #3443 ),
 ( #1466, #3049, #3627, #80 ),
 ( #30, #2343, #490, #2372 ) ),
 .UNSPECIFIED., .F., .F., .F. ) 
 B_SPLINE_SURFACE_WITH_KNOTS ( ( 4, 4 ),
 ( 4, 4 ),
 ( 0.000000000000000000, 1.000000000000000000 ),
 ( 0.000000000000000000, 1.000000000000000000 ),
 .UNSPECIFIED. ) 
 GEOMETRIC_REPRESENTATION_ITEM ( )  RATIONAL_B_SPLINE_SURFACE ( (
 ( 1.000000000000000000, 0.8047378541243647154, 0.8047378541243647154, 1.000000000000000000),
 ( 0.8776643872851510597, 0.7062897556652277808, 0.7062897556652277808, 0.8776643872851510597),
 ( 0.8776643872851510597, 0.7062897556652277808, 0.7062897556652277808, 0.8776643872851510597),
 ( 1.000000000000000000, 0.8047378541243647154, 0.8047378541243647154, 1.000000000000000000) ) ) 
 REPRESENTATION_ITEM ( '' )  SURFACE ( )  );
#4192 = DIRECTION ( 'NONE',  ( -1.000000000000000000, 0.000000000000000000, -0.000000000000000000 ) ) ;
#4193 = CARTESIAN_POINT ( 'NONE',  ( 0.1499999999999997446, 0.000000000000000000, 0.9000000000000000222 ) ) ;
#4194 = B_SPLINE_CURVE_WITH_KNOTS ( 'NONE', 3,
 ( #2664, #711, #4707, #4604, #2612, #4208, #2278, #3058, #4657, #3867, #322, #3477, #1892 ),
 .UNSPECIFIED., .F., .F.,
 ( 4, 2, 2, 1, 2, 2, 4 ),
 ( 0.000000000000000000, 0.2500000000000017208, 0.3750000000000022204, 0.4375000000000026090, 0.4687500000000028311, 0.5000000000000029976, 1.000000000000000000 ),
 .UNSPECIFIED. ) ;
#4195 = EDGE_CURVE ( 'NONE', #1037, #4537, #288, .T. ) ;
#4196 = ORIENTED_EDGE ( 'NONE', *, *, #4220, .T. ) ;
#4197 = DIRECTION ( 'NONE',  ( -0.000000000000000000, -0.000000000000000000, -1.000000000000000000 ) ) ;
#4198 = ADVANCED_FACE ( 'NONE', ( #3470 ), #3807, .F. ) ;
#4199 = CARTESIAN_POINT ( 'NONE',  ( 0.000000000000000000, 0.000000000000000000, 0.9000000000000001332 ) ) ;
#4200 = CARTESIAN_POINT ( 'NONE',  ( -1.250000000000000222, 0.1449999999999999900, 1.000000000000000000 ) ) ;
#4201 = CARTESIAN_POINT ( 'NONE',  ( -1.075000000000000178, 0.2135786437626908674, 0.6250000000000000000 ) ) ;
#4202 = CIRCLE ( 'NONE', #3285, 0.1000000000000000472 ) ;
#4203 = CARTESIAN_POINT ( 'NONE',  ( -0.8000000000000001554, 0.1000000000000000056, 0.5500000000000000444 ) ) ;
#4204 = ORIENTED_EDGE ( 'NONE', *, *, #199, .T. ) ;
#4205 = DIRECTION ( 'NONE',  ( 0.000000000000000000, -0.000000000000000000, -1.000000000000000000 ) ) ;
#4206 = FACE_OUTER_BOUND ( 'NONE', #3274, .T. ) ;
#4207 = CYLINDRICAL_SURFACE ( 'NONE', #1119, 0.1500000000000000777 ) ;
#4208 = CARTESIAN_POINT ( 'NONE',  ( 0.9482296464392739876, 0.9576220459723250311, 0.6057311068456977532 ) ) ;
#4209 = VERTEX_POINT ( 'NONE', #3024 ) ;
#4210 = CARTESIAN_POINT ( 'NONE',  ( -1.149999999999999911, 0.1000000000000000056, 0.5499999999999999334 ) ) ;
#4211 = ORIENTED_EDGE ( 'NONE', *, *, #366, .F. ) ;
#4212 = APPLICATION_PROTOCOL_DEFINITION ( 'draft international standard', 'automotive_design', 1998, #1820 ) ;
#4213 = ORIENTED_EDGE ( 'NONE', *, *, #3908, .T. ) ;
#4214 = PRESENTATION_LAYER_ASSIGNMENT (  '', '', ( #4505 ) ) ;
#4215 = ORIENTED_EDGE ( 'NONE', *, *, #546, .F. ) ;
#4216 = DIRECTION ( 'NONE',  ( 0.000000000000000000, 0.000000000000000000, 1.000000000000000000 ) ) ;
#4217 = DIRECTION ( 'NONE',  ( 0.000000000000000000, 0.000000000000000000, 1.000000000000000000 ) ) ;
#4218 = FACE_OUTER_BOUND ( 'NONE', #2689, .T. ) ;
#4219 = EDGE_CURVE ( 'NONE', #3153, #2391, #3510, .T. ) ;
#4220 = EDGE_CURVE ( 'NONE', #2048, #845, #4228, .T. ) ;
#4221 = ORIENTED_EDGE ( 'NONE', *, *, #1762, .T. ) ;
#4222 = LINE ( 'NONE', #76, #3010 ) ;
#4223 = CARTESIAN_POINT ( 'NONE',  ( 1.124999999999999778, 0.2550000000000002820, 0.6249999999999998890 ) ) ;
#4224 = CARTESIAN_POINT ( 'NONE',  ( -0.5000000000000002220, 0.1000000000000000056, 0.9000000000000000222 ) ) ;
#4225 = CARTESIAN_POINT ( 'NONE',  ( -0.5000000000000001110, 0.1000000000000000056, -0.5499999999999999334 ) ) ;
#4226 = EDGE_CURVE ( 'NONE', #3794, #1644, #2655, .T. ) ;
#4227 = FACE_OUTER_BOUND ( 'NONE', #3525, .T. ) ;
#4228 = LINE ( 'NONE', #3784, #2017 ) ;
#4229 = VECTOR ( 'NONE', #3048, 1000.000000000000000 ) ;
#4230 = ORIENTED_EDGE ( 'NONE', *, *, #2198, .T. ) ;
#4231 = SURFACE_STYLE_FILL_AREA ( #4725 ) ;
#4232 = AXIS2_PLACEMENT_3D ( 'NONE', #387, #1596, #4017 ) ;
#4233 = DIRECTION ( 'NONE',  ( -0.000000000000000000, -1.000000000000000000, -0.000000000000000000 ) ) ;
#4234 = LINE ( 'NONE', #1039, #2600 ) ;
#4235 = CARTESIAN_POINT ( 'NONE',  ( 0.9293989772429158691, 0.9784437352317032488, -0.6010997443107293225 ) ) ;
#4236 = ORIENTED_EDGE ( 'NONE', *, *, #4262, .T. ) ;
#4237 = CARTESIAN_POINT ( 'NONE',  ( -0.8940864156539241048, 0.9999999999999995559, 0.5922716039134808819 ) ) ;
#4238 = ORIENTED_EDGE ( 'NONE', *, *, #1299, .F. ) ;
#4239 = LINE ( 'NONE', #3425, #3097 ) ;
#4240 = EDGE_LOOP ( 'NONE', ( #4660, #2596, #732, #4554 ) ) ;
#4241 = ORIENTED_EDGE ( 'NONE', *, *, #4961, .F. ) ;
#4242 = DIRECTION ( 'NONE',  ( -1.000000000000000000, 0.000000000000000000, 0.000000000000000000 ) ) ;
#4243 = CARTESIAN_POINT ( 'NONE',  ( -1.150000000000000133, 0.000000000000000000, -0.9000000000000000222 ) ) ;
#4244 = DIRECTION ( 'NONE',  ( 0.000000000000000000, 1.000000000000000000, 0.000000000000000000 ) ) ;
#4245 = DIRECTION ( 'NONE',  ( 1.084202172485505223E-15, 1.000000000000000000, 1.084202172485505223E-15 ) ) ;
#4246 = VECTOR ( 'NONE', #1867, 1000.000000000000000 ) ;
#4247 = CARTESIAN_POINT ( 'NONE',  ( -1.125000000000000888, 0.3550000000000002598, 0.6250000000000001110 ) ) ;
#4248 = CARTESIAN_POINT ( 'NONE',  ( 1.249999999999999778, 0.1449999999999999900, -1.000000000000000444 ) ) ;
#4249 = LINE ( 'NONE', #3316, #1778 ) ;
#4250 = DIRECTION ( 'NONE',  ( 0.000000000000000000, -0.000000000000000000, -1.000000000000000000 ) ) ;
#4251 = FACE_OUTER_BOUND ( 'NONE', #3352, .T. ) ;
#4252 = DIRECTION ( 'NONE',  ( 1.000000000000000000, -0.000000000000000000, 3.097720492815728645E-16 ) ) ;
#4253 = AXIS2_PLACEMENT_3D ( 'NONE', #1916, #3890, #1469 ) ;
#4254 = EDGE_CURVE ( 'NONE', #2857, #1306, #215, .T. ) ;
#4255 = VERTEX_POINT ( 'NONE', #700 ) ;
#4256 = DIRECTION ( 'NONE',  ( 1.000000000000000000, -0.000000000000000000, 0.000000000000000000 ) ) ;
#4257 = AXIS2_PLACEMENT_3D ( 'NONE', #3831, #694, #282 ) ;
#4258 = CARTESIAN_POINT ( 'NONE',  ( -0.5000000000000000000, 0.000000000000000000, 0.000000000000000000 ) ) ;
#4259 = DIRECTION ( 'NONE',  ( 1.000000000000000000, 0.000000000000000000, -0.000000000000000000 ) ) ;
#4260 = CARTESIAN_POINT ( 'NONE',  ( -1.149999999999999911, 0.000000000000000000, -0.9000000000000000222 ) ) ;
#4261 = VECTOR ( 'NONE', #86, 1000.000000000000000 ) ;
#4262 = EDGE_CURVE ( 'NONE', #1353, #628, #3759, .T. ) ;
#4263 = ORIENTED_EDGE ( 'NONE', *, *, #2595, .F. ) ;
#4264 = VECTOR ( 'NONE', #4290, 1000.000000000000000 ) ;
#4265 = DIRECTION ( 'NONE',  ( 0.000000000000000000, -1.000000000000000000, 0.000000000000000000 ) ) ;
#4266 = EDGE_LOOP ( 'NONE', ( #330, #426, #664, #4109 ) ) ;
#4267 = EDGE_CURVE ( 'NONE', #3716, #553, #5033, .T. ) ;
#4268 = VECTOR ( 'NONE', #1238, 1000.000000000000000 ) ;
#4269 = ORIENTED_EDGE ( 'NONE', *, *, #4482, .F. ) ;
#4270 = AXIS2_PLACEMENT_3D ( 'NONE', #3318, #2538, #4916 ) ;
#4271 = VERTEX_POINT ( 'NONE', #4623 ) ;
#4272 = CARTESIAN_POINT ( 'NONE',  ( 0.7999999999999997113, 0.1000000000000000056, 0.9000000000000000222 ) ) ;
#4273 = PLANE ( 'NONE',  #2256 ) ;
#4274 = DIRECTION ( 'NONE',  ( 0.000000000000000000, 0.000000000000000000, 1.000000000000000000 ) ) ;
#4275 = EDGE_CURVE ( 'NONE', #400, #4460, #2997, .T. ) ;
#4276 = DIRECTION ( 'NONE',  ( 1.000000000000000000, 0.000000000000000000, -0.000000000000000000 ) ) ;
#4277 = DIRECTION ( 'NONE',  ( 0.000000000000000000, 1.000000000000000000, 0.000000000000000000 ) ) ;
#4278 = CARTESIAN_POINT ( 'NONE',  ( 1.024999999999999911, 0.3550000000000002598, 0.7128679656440357615 ) ) ;
#4279 = CARTESIAN_POINT ( 'NONE',  ( -0.8750000000000004441, 0.8000000000000000444, 0.7250000000000000888 ) ) ;
#4280 = CARTESIAN_POINT ( 'NONE',  ( 0.8750000000000001110, 0.3550000000000002598, 0.7250000000000001998 ) ) ;
#4281 = CARTESIAN_POINT ( 'NONE',  ( 0.8643792802837456657, 0.9500000000000000666, 0.5881264267612485996 ) ) ;
#4282 = PLANE ( 'NONE',  #701 ) ;
#4283 = B_SPLINE_CURVE_WITH_KNOTS ( 'NONE', 3,
 ( #3601, #1241, #4046, #3258, #4360, #57, #3964, #1965 ),
 .UNSPECIFIED., .F., .F.,
 ( 4, 2, 2, 4 ),
 ( 0.000000000000000000, 0.5000000000000000000, 0.7499999999999996669, 1.000000000000000000 ),
 .UNSPECIFIED. ) ;
#4284 = ORIENTED_EDGE ( 'NONE', *, *, #961, .T. ) ;
#4285 = DIRECTION ( 'NONE',  ( 1.000000000000000000, 0.000000000000000000, -6.195440985631456303E-16 ) ) ;
#4286 = CARTESIAN_POINT ( 'NONE',  ( 0.000000000000000000, 0.000000000000000000, 0.000000000000000000 ) ) ;
#4287 = DIRECTION ( 'NONE',  ( -1.000000000000000000, -0.000000000000000000, 3.097720492815726673E-16 ) ) ;
#4288 = EDGE_CURVE ( 'NONE', #4605, #3509, #1788, .T. ) ;
#4289 = EDGE_CURVE ( 'NONE', #148, #4691, #1276, .T. ) ;
#4290 = DIRECTION ( 'NONE',  ( -6.195440985631456303E-16, -0.000000000000000000, 1.000000000000000000 ) ) ;
#4291 = EDGE_LOOP ( 'NONE', ( #4500, #953, #2697, #4946 ) ) ;
#4292 = CARTESIAN_POINT ( 'NONE',  ( -1.149999999999999911, 0.1000000000000000056, 0.5499999999999999334 ) ) ;
#4293 =( NAMED_UNIT ( * ) PLANE_ANGLE_UNIT ( ) SI_UNIT ( $, .RADIAN. ) );
#4294 = ADVANCED_FACE ( 'NONE', ( #4175, #4596 ), #1034, .T. ) ;
#4295 = VERTEX_POINT ( 'NONE', #3363 ) ;
#4296 = ADVANCED_FACE ( 'NONE', ( #2218 ), #263, .F. ) ;
#4297 = ORIENTED_EDGE ( 'NONE', *, *, #3620, .F. ) ;
#4298 = CARTESIAN_POINT ( 'NONE',  ( -0.8750000000000004441, 0.8000000000000000444, -0.7250000000000000888 ) ) ;
#4299 = CARTESIAN_POINT ( 'NONE',  ( -0.8000000000000001554, 0.000000000000000000, 0.000000000000000000 ) ) ;
#4300 = CARTESIAN_POINT ( 'NONE',  ( 1.249999999999999778, 0.000000000000000000, 0.9999999999999995559 ) ) ;
#4301 = CARTESIAN_POINT ( 'NONE',  ( -0.8750000000000003331, 0.3550000000000002598, -0.8750000000000001110 ) ) ;
#4302 = ORIENTED_EDGE ( 'NONE', *, *, #1586, .T. ) ;
#4303 = DIRECTION ( 'NONE',  ( -0.000000000000000000, -1.000000000000000000, -0.000000000000000000 ) ) ;
#4304 = CARTESIAN_POINT ( 'NONE',  ( 1.066421356237309492, 0.2550000000000004485, 0.7371320343559639721 ) ) ;
#4305 = CARTESIAN_POINT ( 'NONE',  ( 0.7999999999999999334, 0.000000000000000000, -0.5499999999999999334 ) ) ;
#4306 = CARTESIAN_POINT ( 'NONE',  ( -0.8749999869108172623, 0.8196377019586389423, -0.7250000000000001998 ) ) ;
#4307 = CARTESIAN_POINT ( 'NONE',  ( 0.9449494093008797835, 0.8921826250550843884, 0.6149831364336268980 ) ) ;
#4308 = PRODUCT_DEFINITION_CONTEXT ( 'detailed design', #1820, 'design' ) ;
#4309 = ORIENTED_EDGE ( 'NONE', *, *, #3663, .T. ) ;
#4310 = CARTESIAN_POINT ( 'NONE',  ( 1.024999999999999689, 0.2964213562373096411, -0.6250000000000000000 ) ) ;
#4311 = CARTESIAN_POINT ( 'NONE',  ( -1.075000000000000178, 0.2550000000000000044, 0.6250000000000001110 ) ) ;
#4312 = DIRECTION ( 'NONE',  ( 0.000000000000000000, 0.000000000000000000, -1.000000000000000000 ) ) ;
#4313 = VECTOR ( 'NONE', #2320, 1000.000000000000000 ) ;
#4314 = CARTESIAN_POINT ( 'NONE',  ( 1.011674762674021455, 0.8884200188017135069, -0.7616747626740210109 ) ) ;
#4315 = ORIENTED_EDGE ( 'NONE', *, *, #546, .T. ) ;
#4316 = AXIS2_PLACEMENT_3D ( 'NONE', #4615, #4242, #4216 ) ;
#4317 = EDGE_CURVE ( 'NONE', #3036, #2250, #3444, .T. ) ;
#4318 = DIRECTION ( 'NONE',  ( 1.000000000000000000, -0.000000000000000000, -3.097720492815728645E-16 ) ) ;
#4319 = AXIS2_PLACEMENT_3D ( 'NONE', #383, #1641, #5131 ) ;
#4320 = CARTESIAN_POINT ( 'NONE',  ( -0.5000000000000000000, 0.000000000000000000, -0.5499999999999999334 ) ) ;
#4321 = VERTEX_POINT ( 'NONE', #3079 ) ;
#4322 = ORIENTED_EDGE ( 'NONE', *, *, #4317, .T. ) ;
#4323 = EDGE_CURVE ( 'NONE', #3560, #4847, #1111, .T. ) ;
#4324 = ORIENTED_EDGE ( 'NONE', *, *, #1210, .T. ) ;
#4325 = CARTESIAN_POINT ( 'NONE',  ( -1.019793952753601740, 0.8523509833445427342, 0.6236984881884004572 ) ) ;
#4326 = CARTESIAN_POINT ( 'NONE',  ( 1.024999999999999911, 0.8000000000000000444, -0.6250000000000001110 ) ) ;
#4327 = DIRECTION ( 'NONE',  ( 0.000000000000000000, -0.000000000000000000, 1.000000000000000000 ) ) ;
#4328 = CARTESIAN_POINT ( 'NONE',  ( 1.074999999999999734, 0.2550000000000000044, 0.6249999999999998890 ) ) ;
#4329 = ORIENTED_EDGE ( 'NONE', *, *, #2373, .F. ) ;
#4330 = DIRECTION ( 'NONE',  ( -1.000000000000000000, -0.000000000000000000, 0.000000000000000000 ) ) ;
#4331 = DIRECTION ( 'NONE',  ( -7.228014483236693597E-16, 1.000000000000000000, 7.228014483236687681E-16 ) ) ;
#4332 = CARTESIAN_POINT ( 'NONE',  ( -1.075000000000000400, 0.2135786437626906731, -0.7421572875253810153 ) ) ;
#4333 = CARTESIAN_POINT ( 'NONE',  ( 0.8249999999999998446, 0.9500000000000001776, -0.5749999999999999556 ) ) ;
#4334 = LINE ( 'NONE', #777, #200 ) ;
#4335 = CARTESIAN_POINT ( 'NONE',  ( -1.150000000000000133, 0.000000000000000000, 0.000000000000000000 ) ) ;
#4336 = DIRECTION ( 'NONE',  ( -0.000000000000000000, -1.000000000000000000, -0.000000000000000000 ) ) ;
#4337 = CARTESIAN_POINT ( 'NONE',  ( 0.8649831364336266759, 0.8921826250550843884, 0.6949494093008800055 ) ) ;
#4338 = EDGE_CURVE ( 'NONE', #4114, #1751, #4598, .T. ) ;
#4339 = VERTEX_POINT ( 'NONE', #3495 ) ;
#4340 = CARTESIAN_POINT ( 'NONE',  ( -0.1500000000000002165, 0.1000000000000000056, 0.9000000000000001332 ) ) ;
#4341 = CIRCLE ( 'NONE', #3844, 0.1000000000000000472 ) ;
#4342 = ORIENTED_EDGE ( 'NONE', *, *, #3013, .F. ) ;
#4343 = ORIENTED_EDGE ( 'NONE', *, *, #1815, .T. ) ;
#4344 = VERTEX_POINT ( 'NONE', #341 ) ;
#4345 = AXIS2_PLACEMENT_3D ( 'NONE', #3862, #4983, #4648 ) ;
#4346 = CARTESIAN_POINT ( 'NONE',  ( -0.8750000000000004441, 0.8000000000000000444, 0.7750000000000002442 ) ) ;
#4347 = FACE_OUTER_BOUND ( 'NONE', #4152, .T. ) ;
#4348 = CARTESIAN_POINT ( 'NONE',  ( -0.1500000000000001887, 0.000000000000000000, -0.9000000000000001332 ) ) ;
#4349 = VECTOR ( 'NONE', #53, 1000.000000000000000 ) ;
#4350 = AXIS2_PLACEMENT_3D ( 'NONE', #3475, #1891, #1118 ) ;
#4351 = ADVANCED_FACE ( 'NONE', ( #2296 ), #4282, .F. ) ;
#4352 = LINE ( 'NONE', #744, #2100 ) ;
#4353 = EDGE_CURVE ( 'NONE', #1132, #327, #2605, .T. ) ;
#4354 = ORIENTED_EDGE ( 'NONE', *, *, #3612, .F. ) ;
#4355 = DIRECTION ( 'NONE',  ( 1.000000000000000000, 0.000000000000000000, 3.097720492815728645E-16 ) ) ;
#4356 = VECTOR ( 'NONE', #759, 1000.000000000000000 ) ;
#4357 = DIRECTION ( 'NONE',  ( -0.000000000000000000, -1.000000000000000000, -0.000000000000000000 ) ) ;
#4358 = CARTESIAN_POINT ( 'NONE',  ( -0.9558265723222205690, 0.2355061701062369506, -0.7629795897113271774 ) ) ;
#4359 = PLANE ( 'NONE',  #2227 ) ;
#4360 = CARTESIAN_POINT ( 'NONE',  ( -0.8686894650627291492, 0.8755417922011200504, 0.7060683951881852050 ) ) ;
#4361 = EDGE_CURVE ( 'NONE', #1497, #4182, #1806, .T. ) ;
#4362 = EDGE_CURVE ( 'NONE', #1585, #2790, #1032, .T. ) ;
#4363 = FACE_OUTER_BOUND ( 'NONE', #3567, .T. ) ;
#4364 = DIRECTION ( 'NONE',  ( 0.000000000000000000, -0.000000000000000000, -1.000000000000000000 ) ) ;
#4365 = ORIENTED_EDGE ( 'NONE', *, *, #1142, .F. ) ;
#4366 = CARTESIAN_POINT ( 'NONE',  ( -0.8894467943655013364, 0.9911334609390277661, -0.5908973081544318662 ) ) ;
#4367 = FILL_AREA_STYLE ('',( #4002 ) ) ;
#4368 = PRESENTATION_LAYER_ASSIGNMENT (  '', '', ( #5117 ) ) ;
#4369 = VERTEX_POINT ( 'NONE', #4200 ) ;
#4370 = ORIENTED_EDGE ( 'NONE', *, *, #1680, .T. ) ;
#4371 = VERTEX_POINT ( 'NONE', #2161 ) ;
#4372 = CARTESIAN_POINT ( 'NONE',  ( -0.8649831364336272310, 0.9229101667401120590, 0.7349325457345069479 ) ) ;
#4373 = CARTESIAN_POINT ( 'NONE',  ( 0.9749999999999998668, 0.3550000000000002598, 0.6835786437626905077 ) ) ;
#4374 = LINE ( 'NONE', #4011, #1166 ) ;
#4375 = ORIENTED_EDGE ( 'NONE', *, *, #4446, .F. ) ;
#4376 = ORIENTED_EDGE ( 'NONE', *, *, #1423, .T. ) ;
#4377 = CARTESIAN_POINT ( 'NONE',  ( 1.149999999999999689, 0.1000000000000000056, 0.5500000000000000444 ) ) ;
#4378 = FACE_OUTER_BOUND ( 'NONE', #1360, .T. ) ;
#4379 = FACE_OUTER_BOUND ( 'NONE', #2087, .T. ) ;
#4380 = ADVANCED_FACE ( 'NONE', ( #643 ), #3782, .F. ) ;
#4381 = DIRECTION ( 'NONE',  ( 0.000000000000000000, 1.000000000000000000, 0.000000000000000000 ) ) ;
#4382 = DIRECTION ( 'NONE',  ( 0.000000000000000000, 1.000000000000000000, 0.000000000000000000 ) ) ;
#4383 = EDGE_CURVE ( 'NONE', #4460, #4479, #2080, .T. ) ;
#4384 = CARTESIAN_POINT ( 'NONE',  ( 0.9335786437626905077, 0.3550000000000002598, -0.7249999999999996447 ) ) ;
#4385 = LINE ( 'NONE', #112, #994 ) ;
#4386 = LINE ( 'NONE', #1246, #3938 ) ;
#4387 = ORIENTED_EDGE ( 'NONE', *, *, #1054, .F. ) ;
#4388 = VECTOR ( 'NONE', #1969, 1000.000000000000000 ) ;
#4389 = CARTESIAN_POINT ( 'NONE',  ( 0.4249999999999998224, 0.5000000000000000000, 0.1750000000000000167 ) ) ;
#4390 = CYLINDRICAL_SURFACE ( 'NONE', #5008, 0.1500000000000000777 ) ;
#4391 = SURFACE_SIDE_STYLE ('',( #3117 ) ) ;
#4392 = AXIS2_PLACEMENT_3D ( 'NONE', #5108, #4244, #691 ) ;
#4393 = VERTEX_POINT ( 'NONE', #2437 ) ;
#4394 = VERTEX_POINT ( 'NONE', #475 ) ;
#4395 = VECTOR ( 'NONE', #3771, 1000.000000000000000 ) ;
#4396 = ORIENTED_EDGE ( 'NONE', *, *, #2722, .T. ) ;
#4397 = LINE ( 'NONE', #4817, #2898 ) ;
#4398 = DIRECTION ( 'NONE',  ( 0.000000000000000000, -1.000000000000000000, 0.000000000000000000 ) ) ;
#4399 = AXIS2_PLACEMENT_3D ( 'NONE', #4404, #27, #2393 ) ;
#4400 = DIRECTION ( 'NONE',  ( 0.000000000000000000, 0.000000000000000000, -1.000000000000000000 ) ) ;
#4401 = VERTEX_POINT ( 'NONE', #2051 ) ;
#4402 = ORIENTED_EDGE ( 'NONE', *, *, #2124, .T. ) ;
#4403 = CARTESIAN_POINT ( 'NONE',  ( 0.7999999999999997113, 0.000000000000000000, -0.9000000000000000222 ) ) ;
#4404 = CARTESIAN_POINT ( 'NONE',  ( 0.000000000000000000, 0.1000000000000000056, 0.000000000000000000 ) ) ;
#4405 = CARTESIAN_POINT ( 'NONE',  ( -0.9750000000000003109, 0.3550000000000002598, -0.6250000000000001110 ) ) ;
#4406 = CARTESIAN_POINT ( 'NONE',  ( 0.000000000000000000, 0.000000000000000000, -0.9000000000000000222 ) ) ;
#4407 = DIRECTION ( 'NONE',  ( -0.000000000000000000, -0.000000000000000000, 1.000000000000000000 ) ) ;
#4408 = CARTESIAN_POINT ( 'NONE',  ( -0.8750000000000002220, 0.2550000000000000044, -0.6249999999999998890 ) ) ;
#4409 = DIRECTION ( 'NONE',  ( 1.000000000000000000, 0.000000000000000000, 0.000000000000000000 ) ) ;
#4410 = CARTESIAN_POINT ( 'NONE',  ( -1.149999999999999911, 0.1000000000000000056, 0.5499999999999999334 ) ) ;
#4411 = VECTOR ( 'NONE', #510, 1000.000000000000000 ) ;
#4412 = ADVANCED_FACE ( 'NONE', ( #261 ), #1663, .T. ) ;
#4413 = ORIENTED_EDGE ( 'NONE', *, *, #4154, .F. ) ;
#4414 = CARTESIAN_POINT ( 'NONE',  ( 0.1499999999999997446, 0.000000000000000000, 0.000000000000000000 ) ) ;
#4415 = DIRECTION ( 'NONE',  ( 0.000000000000000000, 0.000000000000000000, -1.000000000000000000 ) ) ;
#4416 = LINE ( 'NONE', #4474, #1693 ) ;
#4417 = DIRECTION ( 'NONE',  ( 6.195440985631456303E-16, -0.000000000000000000, 1.000000000000000000 ) ) ;
#4418 = CARTESIAN_POINT ( 'NONE',  ( 0.000000000000000000, 0.000000000000000000, 0.5499999999999999334 ) ) ;
#4419 = EDGE_CURVE ( 'NONE', #2631, #2466, #497, .T. ) ;
#4420 = ORIENTED_EDGE ( 'NONE', *, *, #2894, .F. ) ;
#4421 = VECTOR ( 'NONE', #4178, 1000.000000000000000 ) ;
#4422 = EDGE_LOOP ( 'NONE', ( #633, #2665, #4370, #640 ) ) ;
#4423 = ADVANCED_FACE ( 'NONE', ( #3636 ), #2823, .F. ) ;
#4424 = ORIENTED_EDGE ( 'NONE', *, *, #1048, .F. ) ;
#4425 = CARTESIAN_POINT ( 'NONE',  ( 0.8615566589021171895, 0.9364841338495972778, 0.7212321561555681271 ) ) ;
#4426 = AXIS2_PLACEMENT_3D ( 'NONE', #4826, #3656, #1571 ) ;
#4427 = PLANE ( 'NONE',  #611 ) ;
#4428 = CARTESIAN_POINT ( 'NONE',  ( -0.9871320343559647492, 0.2550000000000001710, -0.8164213562373097144 ) ) ;
#4429 = ORIENTED_EDGE ( 'NONE', *, *, #739, .F. ) ;
#4430 = PRODUCT_DEFINITION_FORMATION_WITH_SPECIFIED_SOURCE ( 'ANY', '', #2591, .NOT_KNOWN. ) ;
#4431 = AXIS2_PLACEMENT_3D ( 'NONE', #523, #1301, #212 ) ;
#4432 = ORIENTED_EDGE ( 'NONE', *, *, #4226, .F. ) ;
#4433 = CARTESIAN_POINT ( 'NONE',  ( -0.8750000000000003331, 0.3550000000000002598, 0.6250000000000001110 ) ) ;
#4434 = PLANE ( 'NONE',  #4977 ) ;
#4435 = CARTESIAN_POINT ( 'NONE',  ( 0.8749999999999996669, 0.1449999999999999900, -0.6250000000000001110 ) ) ;
#4436 = DIRECTION ( 'NONE',  ( -1.000000000000000000, 0.000000000000000000, -3.097720492815726673E-16 ) ) ;
#4437 = DIRECTION ( 'NONE',  ( 1.000000000000000000, -0.000000000000000000, 3.097720492815726673E-16 ) ) ;
#4438 = AXIS2_PLACEMENT_3D ( 'NONE', #3547, #2733, #1569 ) ;
#4439 = AXIS2_PLACEMENT_3D ( 'NONE', #9, #370, #4364 ) ;
#4440 = PLANE ( 'NONE',  #328 ) ;
#4441 = CARTESIAN_POINT ( 'NONE',  ( 0.8750000000000001110, 4.570019455179279433, 0.6250000000000001110 ) ) ;
#4442 = DIRECTION ( 'NONE',  ( 0.000000000000000000, 1.000000000000000000, 0.000000000000000000 ) ) ;
#4443 = COLOUR_RGB ( '',0.8627450980392157298, 0.5882352941176470784, 0.06274509803921568540 ) ;
#4444 = EDGE_LOOP ( 'NONE', ( #1722, #3747, #245, #2859 ) ) ;
#4445 = LINE ( 'NONE', #1298, #2666 ) ;
#4446 = EDGE_CURVE ( 'NONE', #3509, #2790, #4865, .T. ) ;
#4447 = CARTESIAN_POINT ( 'NONE',  ( -1.025000000000000577, 0.3550000000000002598, 0.6250000000000001110 ) ) ;
#4448 = CARTESIAN_POINT ( 'NONE',  ( -0.1500000000000002165, 0.1000000000000000056, -0.9000000000000001332 ) ) ;
#4449 = CARTESIAN_POINT ( 'NONE',  ( -0.8643792802837466649, 0.9500000000000000666, 0.5881264267612489327 ) ) ;
#4450 = CARTESIAN_POINT ( 'NONE',  ( -0.8736984881884009013, 0.8523509833445427342, -0.7697939527536012960 ) ) ;
#4451 = EDGE_CURVE ( 'NONE', #96, #987, #2486, .T. ) ;
#4452 = ORIENTED_EDGE ( 'NONE', *, *, #3364, .T. ) ;
#4453 = ORIENTED_EDGE ( 'NONE', *, *, #1796, .T. ) ;
#4454 = ORIENTED_EDGE ( 'NONE', *, *, #4219, .T. ) ;
#4455 = EDGE_CURVE ( 'NONE', #3108, #1703, #1008, .T. ) ;
#4456 = AXIS2_PLACEMENT_3D ( 'NONE', #3293, #944, #2610 ) ;
#4457 = DIRECTION ( 'NONE',  ( 0.000000000000000000, 0.000000000000000000, 1.000000000000000000 ) ) ;
#4458 = CARTESIAN_POINT ( 'NONE',  ( 0.8249999999999996225, 0.9499999999999999556, 0.5749999999999998446 ) ) ;
#4459 = ADVANCED_FACE ( 'NONE', ( #3360 ), #1389, .T. ) ;
#4460 = VERTEX_POINT ( 'NONE', #2877 ) ;
#4461 = ORIENTED_EDGE ( 'NONE', *, *, #2589, .T. ) ;
#4462 = DIRECTION ( 'NONE',  ( 0.000000000000000000, -0.000000000000000000, -1.000000000000000000 ) ) ;
#4463 = PLANE ( 'NONE',  #420 ) ;
#4464 = CARTESIAN_POINT ( 'NONE',  ( -0.9750000000000006439, 0.8000000000000000444, 0.6250000000000000000 ) ) ;
#4465 = CARTESIAN_POINT ( 'NONE',  ( 0.9449494093008797835, 0.8921826250550843884, -0.6149831364336268980 ) ) ;
#4466 = CARTESIAN_POINT ( 'NONE',  ( 0.000000000000000000, 0.000000000000000000, 0.5499999999999999334 ) ) ;
#4467 = DIRECTION ( 'NONE',  ( 0.000000000000000000, 1.000000000000000000, 0.000000000000000000 ) ) ;
#4468 = CARTESIAN_POINT ( 'NONE',  ( 1.149999999999999689, 0.000000000000000000, 0.000000000000000000 ) ) ;
#4469 = DIRECTION ( 'NONE',  ( 0.000000000000000000, 0.000000000000000000, 1.000000000000000000 ) ) ;
#4470 = VECTOR ( 'NONE', #1341, 1000.000000000000000 ) ;
#4471 = VERTEX_POINT ( 'NONE', #4837 ) ;
#4472 = CARTESIAN_POINT ( 'NONE',  ( 0.8701184463531090874, 0.9023721618255026167, -0.7554705506491159461 ) ) ;
#4473 = LINE ( 'NONE', #1689, #451 ) ;
#4474 = CARTESIAN_POINT ( 'NONE',  ( 0.000000000000000000, 0.000000000000000000, -0.5500000000000000444 ) ) ;
#4475 = SURFACE_STYLE_FILL_AREA ( #4367 ) ;
#4476 = DIRECTION ( 'NONE',  ( -0.000000000000000000, -1.000000000000000000, -0.000000000000000000 ) ) ;
#4477 = VERTEX_POINT ( 'NONE', #1786 ) ;
#4478 = ORIENTED_EDGE ( 'NONE', *, *, #4607, .T. ) ;
#4479 = VERTEX_POINT ( 'NONE', #2969 ) ;
#4480 = PLANE ( 'NONE',  #178 ) ;
#4481 = ORIENTED_EDGE ( 'NONE', *, *, #4362, .T. ) ;
#4482 = EDGE_CURVE ( 'NONE', #2338, #3954, #1774, .T. ) ;
#4483 = AXIS2_PLACEMENT_3D ( 'NONE', #2734, #2294, #2239 ) ;
#4484 = EDGE_LOOP ( 'NONE', ( #599, #765, #1726, #3640 ) ) ;
#4485 = LINE ( 'NONE', #4117, #5080 ) ;
#4486 = AXIS2_PLACEMENT_3D ( 'NONE', #429, #1640, #5129 ) ;
#4487 = DIRECTION ( 'NONE',  ( 0.000000000000000000, 1.000000000000000000, 0.000000000000000000 ) ) ;
#4488 = CARTESIAN_POINT ( 'NONE',  ( 0.8649831364336266759, 0.9229101667401123921, 0.7349325457345067258 ) ) ;
#4489 = CARTESIAN_POINT ( 'NONE',  ( 0.8249999999999998446, 0.8000000000000000444, 0.000000000000000000 ) ) ;
#4490 = EDGE_CURVE ( 'NONE', #807, #1584, #4416, .T. ) ;
#4491 = LINE ( 'NONE', #2549, #2379 ) ;
#4492 = CARTESIAN_POINT ( 'NONE',  ( -0.8497361429196058635, 0.9738627609036499821, 0.6747150323150433726 ) ) ;
#4493 = PLANE ( 'NONE',  #2851 ) ;
#4494 = B_SPLINE_CURVE_WITH_KNOTS ( 'NONE', 3,
 ( #1664, #3243, #4838, #1611, #3217, #2854, #4449, #895 ),
 .UNSPECIFIED., .F., .F.,
 ( 4, 2, 2, 4 ),
 ( 0.000000000000000000, 0.2500000000000002776, 0.5000000000000000000, 1.000000000000000000 ),
 .UNSPECIFIED. ) ;
#4495 = VERTEX_POINT ( 'NONE', #619 ) ;
#4496 = CARTESIAN_POINT ( 'NONE',  ( 0.8249999999999996225, 0.9499999999999999556, -0.5749999999999998446 ) ) ;
#4497 = DIRECTION ( 'NONE',  ( 0.000000000000000000, 1.000000000000000000, 0.000000000000000000 ) ) ;
#4498 = LINE ( 'NONE', #4840, #1363 ) ;
#4499 = AXIS2_PLACEMENT_3D ( 'NONE', #4286, #729, #3891 ) ;
#4500 = ORIENTED_EDGE ( 'NONE', *, *, #1364, .F. ) ;
#4501 = EDGE_LOOP ( 'NONE', ( #3003, #4329, #1462, #1095 ) ) ;
#4502 = EDGE_LOOP ( 'NONE', ( #3279, #2938, #2510, #3903 ) ) ;
#4503 =( NAMED_UNIT ( * ) PLANE_ANGLE_UNIT ( ) SI_UNIT ( $, .RADIAN. ) );
#4504 = CARTESIAN_POINT ( 'NONE',  ( -1.075000000000000178, 0.1449999999999999900, 0.6250000000000001110 ) ) ;
#4505 = STYLED_ITEM ( 'NONE', ( #3414 ), #1913 ) ;
#4506 = VERTEX_POINT ( 'NONE', #2995 ) ;
#4507 = ORIENTED_EDGE ( 'NONE', *, *, #3361, .F. ) ;
#4508 = DIRECTION ( 'NONE',  ( -3.097720492815728645E-16, 0.000000000000000000, 1.000000000000000000 ) ) ;
#4509 = PLANE ( 'NONE',  #4069 ) ;
#4510 = CARTESIAN_POINT ( 'NONE',  ( 1.011674762674021455, 0.8884200188017135069, 0.7616747626740210109 ) ) ;
#4511 = CARTESIAN_POINT ( 'NONE',  ( 1.074999999999999734, 0.1449999999999999900, 0.6249999999999998890 ) ) ;
#4512 = EDGE_CURVE ( 'NONE', #3051, #683, #4593, .T. ) ;
#4513 = EDGE_CURVE ( 'NONE', #2829, #4164, #4864, .T. ) ;
#4514 = VECTOR ( 'NONE', #718, 1000.000000000000000 ) ;
#4515 = AXIS2_PLACEMENT_3D ( 'NONE', #3543, #4640, #2678 ) ;
#4516 = CARTESIAN_POINT ( 'NONE',  ( -0.8701184463531096425, 0.8866882571887059195, -0.7557110770379471543 ) ) ;
#4517 = AXIS2_PLACEMENT_3D ( 'NONE', #2485, #3974, #4415 ) ;
#4518 = ADVANCED_FACE ( 'NONE', ( #3635 ), #4390, .F. ) ;
#4519 = DIRECTION ( 'NONE',  ( -0.000000000000000000, -1.000000000000000000, -0.000000000000000000 ) ) ;
#4520 = PLANE ( 'NONE',  #788 ) ;
#4521 = MECHANICAL_DESIGN_GEOMETRIC_PRESENTATION_REPRESENTATION (  '', ( #539 ), #4101 ) ;
#4522 = EDGE_CURVE ( 'NONE', #553, #4530, #1606, .T. ) ;
#4523 = ORIENTED_EDGE ( 'NONE', *, *, #2043, .F. ) ;
#4524 = CARTESIAN_POINT ( 'NONE',  ( -0.1500000000000002165, 0.1000000000000000056, -0.5500000000000000444 ) ) ;
#4525 = CARTESIAN_POINT ( 'NONE',  ( 0.9657177779204013657, 0.8632245059748495652, -0.7157177779204014767 ) ) ;
#4526 = CARTESIAN_POINT ( 'NONE',  ( 1.124999999999999778, 0.1549999999999999989, 0.6249999999999998890 ) ) ;
#4527 = CARTESIAN_POINT ( 'NONE',  ( -1.149999999999999911, 0.000000000000000000, -0.5499999999999999334 ) ) ;
#4528 = ORIENTED_EDGE ( 'NONE', *, *, #1530, .F. ) ;
#4529 = EDGE_CURVE ( 'NONE', #2889, #4629, #3241, .T. ) ;
#4530 = VERTEX_POINT ( 'NONE', #839 ) ;
#4531 = ADVANCED_FACE ( 'NONE', ( #422 ), #474, .F. ) ;
#4532 = ORIENTED_EDGE ( 'NONE', *, *, #2035, .F. ) ;
#4533 = PLANE ( 'NONE',  #1110 ) ;
#4534 = LINE ( 'NONE', #1125, #3732 ) ;
#4535 =( BOUNDED_SURFACE ( )  B_SPLINE_SURFACE ( 3, 3, ( 
 ( #722, #2703, #642, #4223 ),
 ( #3858, #695, #4304, #3912 ),
 ( #3439, #1081, #2237, #360 ),
 ( #2626, #5029, #4278, #1933 ) ),
 .UNSPECIFIED., .F., .F., .F. ) 
 B_SPLINE_SURFACE_WITH_KNOTS ( ( 4, 4 ),
 ( 4, 4 ),
 ( 0.000000000000000000, 1.000000000000000000 ),
 ( 0.000000000000000000, 1.000000000000000000 ),
 .UNSPECIFIED. ) 
 GEOMETRIC_REPRESENTATION_ITEM ( )  RATIONAL_B_SPLINE_SURFACE ( (
 ( 1.000000000000000000, 0.8047378541243647154, 0.8047378541243647154, 1.000000000000000000),
 ( 0.8047378541243654926, 0.6476030138606879705, 0.6476030138606879705, 0.8047378541243654926),
 ( 0.8047378541243654926, 0.6476030138606879705, 0.6476030138606879705, 0.8047378541243654926),
 ( 1.000000000000000000, 0.8047378541243647154, 0.8047378541243647154, 1.000000000000000000) ) ) 
 REPRESENTATION_ITEM ( '' )  SURFACE ( )  );
#4536 = EDGE_LOOP ( 'NONE', ( #4186, #4532, #4967, #5026 ) ) ;
#4537 = VERTEX_POINT ( 'NONE', #867 ) ;
#4538 = CARTESIAN_POINT ( 'NONE',  ( 0.000000000000000000, 0.000000000000000000, -0.5500000000000000444 ) ) ;
#4539 = CARTESIAN_POINT ( 'NONE',  ( -0.8736984881884009013, 0.8392632375084067009, 0.7210954645652012385 ) ) ;
#4540 = DIRECTION ( 'NONE',  ( -0.000000000000000000, -1.000000000000000000, -0.000000000000000000 ) ) ;
#4541 = ADVANCED_FACE ( 'NONE', ( #4836 ), #90, .F. ) ;
#4542 = ADVANCED_FACE ( 'NONE', ( #496 ), #2050, .T. ) ;
#4543 = CARTESIAN_POINT ( 'NONE',  ( -0.8000000000000001554, 0.000000000000000000, 0.9000000000000001332 ) ) ;
#4544 = CARTESIAN_POINT ( 'NONE',  ( 0.9499999999999996225, 0.000000000000000000, 0.2500000000000001665 ) ) ;
#4545 = CARTESIAN_POINT ( 'NONE',  ( -0.8000000000000001554, 0.000000000000000000, 0.5500000000000000444 ) ) ;
#4546 = UNCERTAINTY_MEASURE_WITH_UNIT (LENGTH_MEASURE( 1.000000000000000082E-05 ), #2609, 'distance_accuracy_value', 'NONE');
#4547 = ADVANCED_FACE ( 'NONE', ( #2459 ), #1224, .F. ) ;
#4548 = VERTEX_POINT ( 'NONE', #1274 ) ;
#4549 = CARTESIAN_POINT ( 'NONE',  ( 0.4999999999999997780, 0.000000000000000000, -0.5500000000000000444 ) ) ;
#4550 = CARTESIAN_POINT ( 'NONE',  ( 0.9389241467167789290, 0.9068049837878832120, -0.6889241467167791511 ) ) ;
#4551 = CARTESIAN_POINT ( 'NONE',  ( -0.1500000000000002165, 0.000000000000000000, 0.9000000000000001332 ) ) ;
#4552 = CARTESIAN_POINT ( 'NONE',  ( -0.8573284999287833497, 1.000000073181739557, -0.6073284999287830166 ) ) ;
#4553 = ORIENTED_EDGE ( 'NONE', *, *, #1217, .T. ) ;
#4554 = ORIENTED_EDGE ( 'NONE', *, *, #237, .T. ) ;
#4555 = VERTEX_POINT ( 'NONE', #4888 ) ;
#4556 = CARTESIAN_POINT ( 'NONE',  ( 0.000000000000000000, 0.000000000000000000, 0.000000000000000000 ) ) ;
#4557 = CARTESIAN_POINT ( 'NONE',  ( -1.125000000000000444, 0.2550000000000002820, 0.6250000000000000000 ) ) ;
#4558 = ORIENTED_EDGE ( 'NONE', *, *, #2687, .F. ) ;
#4559 = ORIENTED_EDGE ( 'NONE', *, *, #4419, .F. ) ;
#4560 = VECTOR ( 'NONE', #3629, 1000.000000000000000 ) ;
#4561 = DIRECTION ( 'NONE',  ( -0.000000000000000000, -1.000000000000000000, -0.000000000000000000 ) ) ;
#4562 = CARTESIAN_POINT ( 'NONE',  ( -0.8381264267612491548, 0.9500000000000000666, 0.6143792802837462208 ) ) ;
#4563 = CARTESIAN_POINT ( 'NONE',  ( 0.8750000000000001110, 0.3550000000000002598, 0.6250000000000001110 ) ) ;
#4564 = VECTOR ( 'NONE', #3783, 1000.000000000000000 ) ;
#4565 = EDGE_CURVE ( 'NONE', #18, #4495, #36, .T. ) ;
#4566 = VECTOR ( 'NONE', #2371, 1000.000000000000000 ) ;
#4567 = ORIENTED_EDGE ( 'NONE', *, *, #43, .T. ) ;
#4568 = CARTESIAN_POINT ( 'NONE',  ( -0.8000000000000001554, 0.000000000000000000, 0.9000000000000001332 ) ) ;
#4569 = MECHANICAL_DESIGN_GEOMETRIC_PRESENTATION_REPRESENTATION (  '', ( #2728 ), #834 ) ;
#4570 = DIRECTION ( 'NONE',  ( 7.228014483236715291E-16, 1.000000000000000000, 7.228014483236709374E-16 ) ) ;
#4571 = CARTESIAN_POINT ( 'NONE',  ( 0.7999999999999997113, 0.000000000000000000, -0.9000000000000000222 ) ) ;
#4572 = DIRECTION ( 'NONE',  ( 0.000000000000000000, 1.000000000000000000, 0.000000000000000000 ) ) ;
#4573 = EDGE_LOOP ( 'NONE', ( #2442, #3227 ) ) ;
#4574 = SURFACE_STYLE_USAGE ( .BOTH. , #2977 ) ;
#4575 = PLANE ( 'NONE',  #3327 ) ;
#4576 = LINE ( 'NONE', #4964, #3101 ) ;
#4577 = EDGE_CURVE ( 'NONE', #508, #1503, #4473, .T. ) ;
#4578 = EDGE_LOOP ( 'NONE', ( #2055, #4387, #479, #4196 ) ) ;
#4579 = EDGE_LOOP ( 'NONE', ( #4663, #2417, #3348, #2148 ) ) ;
#4580 = ORIENTED_EDGE ( 'NONE', *, *, #4267, .F. ) ;
#4581 = EDGE_CURVE ( 'NONE', #2806, #2570, #3216, .T. ) ;
#4582 = EDGE_LOOP ( 'NONE', ( #2540, #5020, #3646, #1398 ) ) ;
#4583 = ADVANCED_FACE ( 'NONE', ( #1251 ), #893, .F. ) ;
#4584 = ORIENTED_EDGE ( 'NONE', *, *, #4096, .T. ) ;
#4585 = FACE_OUTER_BOUND ( 'NONE', #995, .T. ) ;
#4586 = LINE ( 'NONE', #309, #2337 ) ;
#4587 = FACE_OUTER_BOUND ( 'NONE', #2671, .T. ) ;
#4588 = AXIS2_PLACEMENT_3D ( 'NONE', #373, #4265, #2327 ) ;
#4589 = EDGE_LOOP ( 'NONE', ( #4230, #3790, #4185, #3533 ) ) ;
#4590 = CARTESIAN_POINT ( 'NONE',  ( 1.149999999999999689, 0.1000000000000000056, 0.5500000000000000444 ) ) ;
#4591 = CARTESIAN_POINT ( 'NONE',  ( 0.000000000000000000, 0.1549999999999999989, -0.8750000000000000000 ) ) ;
#4592 = ADVANCED_FACE ( 'NONE', ( #1300 ), #2876, .F. ) ;
#4593 = LINE ( 'NONE', #4447, #781 ) ;
#4594 = CARTESIAN_POINT ( 'NONE',  ( 0.7999999999999998224, 0.1000000000000000056, -0.5499999999999999334 ) ) ;
#4595 = MECHANICAL_DESIGN_GEOMETRIC_PRESENTATION_REPRESENTATION (  '', ( #2015 ), #2426 ) ;
#4596 = FACE_BOUND ( 'NONE', #3959, .T. ) ;
#4597 = EDGE_LOOP ( 'NONE', ( #2936, #4170, #4284, #2615 ) ) ;
#4598 = CIRCLE ( 'NONE', #1939, 0.1499999999999999667 ) ;
#4599 = CARTESIAN_POINT ( 'NONE',  ( -1.024999999999967049, 0.8000000000000000444, -0.6249999552455506313 ) ) ;
#4600 = CARTESIAN_POINT ( 'NONE',  ( -1.149999999999999911, 0.000000000000000000, -0.5499999999999999334 ) ) ;
#4601 = DIRECTION ( 'NONE',  ( 0.000000000000000000, -0.000000000000000000, -1.000000000000000000 ) ) ;
#4602 = VECTOR ( 'NONE', #3780, 1000.000000000000000 ) ;
#4603 = COLOUR_RGB ( '',0.8431372549019607865, 0.8431372549019607865, 0.8431372549019607865 ) ;
#4604 = CARTESIAN_POINT ( 'NONE',  ( 0.9247150323171215991, 0.9738627609024587128, 0.5997361429202032745 ) ) ;
#4605 = VERTEX_POINT ( 'NONE', #522 ) ;
#4606 = CIRCLE ( 'NONE', #3267, 0.2000000000000000389 ) ;
#4607 = EDGE_CURVE ( 'NONE', #3457, #2743, #2099, .T. ) ;
#4608 = DIRECTION ( 'NONE',  ( 1.000000000000000000, 0.000000000000000000, 3.097720492815728645E-16 ) ) ;
#4609 = ORIENTED_EDGE ( 'NONE', *, *, #2446, .T. ) ;
#4610 = EDGE_CURVE ( 'NONE', #4209, #1797, #2380, .T. ) ;
#4611 = ORIENTED_EDGE ( 'NONE', *, *, #126, .F. ) ;
#4612 = EDGE_CURVE ( 'NONE', #820, #4140, #3833, .T. ) ;
#4613 = STYLED_ITEM ( 'NONE', ( #3880 ), #142 ) ;
#4614 = VERTEX_POINT ( 'NONE', #4279 ) ;
#4615 = CARTESIAN_POINT ( 'NONE',  ( 1.249999999999999778, 0.1549999999999999989, 0.9999999999999995559 ) ) ;
#4616 = CARTESIAN_POINT ( 'NONE',  ( -0.8509160936253679086, 0.9500000458340673859, 0.6009160936253670204 ) ) ;
#4617 = DIRECTION ( 'NONE',  ( -1.000000000000000000, 0.000000000000000000, 0.000000000000000000 ) ) ;
#4618 = ORIENTED_EDGE ( 'NONE', *, *, #4612, .T. ) ;
#4619 = FACE_OUTER_BOUND ( 'NONE', #3848, .T. ) ;
#4620 = CARTESIAN_POINT ( 'NONE',  ( 0.8750000000000001110, 0.3550000000000002598, -0.7250000000000000888 ) ) ;
#4621 = CARTESIAN_POINT ( 'NONE',  ( -1.012979589711327399, 0.2355061701062372559, 0.6250000000000000000 ) ) ;
#4622 = AXIS2_PLACEMENT_3D ( 'NONE', #190, #4914, #1767 ) ;
#4623 = CARTESIAN_POINT ( 'NONE',  ( -0.1500000000000001887, 0.000000000000000000, -0.9000000000000000222 ) ) ;
#4624 = ORIENTED_EDGE ( 'NONE', *, *, #1047, .T. ) ;
#4625 = CARTESIAN_POINT ( 'NONE',  ( 1.125000000000000222, 0.2550000000000002820, -0.6250000000000000000 ) ) ;
#4626 = DIRECTION ( 'NONE',  ( -0.000000000000000000, -1.000000000000000000, 0.000000000000000000 ) ) ;
#4627 = PLANE ( 'NONE',  #5012 ) ;
#4628 = CARTESIAN_POINT ( 'NONE',  ( 1.024999999999999911, 0.8000000000000000444, -0.6250000000000002220 ) ) ;
#4629 = VERTEX_POINT ( 'NONE', #2293 ) ;
#4630 = LINE ( 'NONE', #4687, #2409 ) ;
#4631 = ORIENTED_EDGE ( 'NONE', *, *, #3275, .T. ) ;
#4632 =( NAMED_UNIT ( * ) SI_UNIT ( $, .STERADIAN. ) SOLID_ANGLE_UNIT ( ) );
#4633 = ORIENTED_EDGE ( 'NONE', *, *, #5018, .F. ) ;
#4634 = VECTOR ( 'NONE', #1968, 1000.000000000000000 ) ;
#4635 = ORIENTED_EDGE ( 'NONE', *, *, #1719, .T. ) ;
#4636 = CARTESIAN_POINT ( 'NONE',  ( 1.074999999999999734, 0.2135786437626908396, -0.6250000000000001110 ) ) ;
#4637 = CARTESIAN_POINT ( 'NONE',  ( -0.8750000000000004441, 0.8000000000000000444, -0.7750000000000001332 ) ) ;
#4638 = CARTESIAN_POINT ( 'NONE',  ( 0.000000000000000000, 0.1000000000000000056, 0.000000000000000000 ) ) ;
#4639 = ADVANCED_FACE ( 'NONE', ( #669 ), #1766, .T. ) ;
#4640 = DIRECTION ( 'NONE',  ( 0.000000000000000000, 1.000000000000000000, 0.000000000000000000 ) ) ;
#4641 = B_SPLINE_CURVE_WITH_KNOTS ( 'NONE', 3,
 ( #3643, #2444, #4845, #99, #1670, #1283, #3248, #4037, #4425, #877, #481, #2056, #3468 ),
 .UNSPECIFIED., .F., .F.,
 ( 4, 2, 2, 1, 2, 2, 4 ),
 ( 0.000000000000000000, 0.2499999999999971134, 0.3749999999999959477, 0.4374999999999956146, 0.4687499999999957812, 0.4999999999999960032, 1.000000000000000000 ),
 .UNSPECIFIED. ) ;
#4642 = CARTESIAN_POINT ( 'NONE',  ( -1.149999999999999911, 0.1000000000000000056, -0.9000000000000000222 ) ) ;
#4643 = FACE_OUTER_BOUND ( 'NONE', #5126, .T. ) ;
#4644 = FACE_OUTER_BOUND ( 'NONE', #19, .T. ) ;
#4645 = LINE ( 'NONE', #4778, #256 ) ;
#4646 = DIRECTION ( 'NONE',  ( 1.000000000000000000, 0.000000000000000000, -6.195440985631456303E-16 ) ) ;
#4647 = AXIS2_PLACEMENT_3D ( 'NONE', #280, #3799, #4999 ) ;
#4648 = DIRECTION ( 'NONE',  ( 0.000000000000000000, 0.000000000000000000, -1.000000000000000000 ) ) ;
#4649 = EDGE_CURVE ( 'NONE', #472, #2377, #2122, .T. ) ;
#4650 = EDGE_CURVE ( 'NONE', #2790, #4970, #5030, .T. ) ;
#4651 = VECTOR ( 'NONE', #467, 1000.000000000000000 ) ;
#4652 = ORIENTED_EDGE ( 'NONE', *, *, #2601, .F. ) ;
#4653 = LINE ( 'NONE', #2632, #3504 ) ;
#4654 = AXIS2_PLACEMENT_3D ( 'NONE', #4878, #1676, #2156 ) ;
#4655 = DIRECTION ( 'NONE',  ( 1.000000000000000000, 0.000000000000000000, 0.000000000000000000 ) ) ;
#4656 = DIRECTION ( 'NONE',  ( 0.000000000000000000, 0.000000000000000000, -1.000000000000000000 ) ) ;
#4657 = CARTESIAN_POINT ( 'NONE',  ( 0.9631980299314848448, 0.9445920718134368510, 0.6095461481047901309 ) ) ;
#4658 = ORIENTED_EDGE ( 'NONE', *, *, #4047, .F. ) ;
#4659 = CARTESIAN_POINT ( 'NONE',  ( 0.1499999999999998002, 0.000000000000000000, -0.9000000000000000222 ) ) ;
#4660 = ORIENTED_EDGE ( 'NONE', *, *, #4893, .T. ) ;
#4661 = PRESENTATION_STYLE_ASSIGNMENT (( #3063 ) ) ;
#4662 = ORIENTED_EDGE ( 'NONE', *, *, #375, .F. ) ;
#4663 = ORIENTED_EDGE ( 'NONE', *, *, #862, .F. ) ;
#4664 = DIRECTION ( 'NONE',  ( -0.000000000000000000, -0.000000000000000000, 1.000000000000000000 ) ) ;
#4665 = CARTESIAN_POINT ( 'NONE',  ( -1.075000000000000400, 0.2550000000000000044, -0.6250000000000001110 ) ) ;
#4666 = CARTESIAN_POINT ( 'NONE',  ( -0.8000000000000001554, 0.1000000000000000056, -0.9000000000000000222 ) ) ;
#4667 = AXIS2_PLACEMENT_3D ( 'NONE', #761, #2305, #1452 ) ;
#4668 = LINE ( 'NONE', #1514, #2670 ) ;
#4669 = EDGE_CURVE ( 'NONE', #3874, #4614, #3099, .T. ) ;
#4670 = CARTESIAN_POINT ( 'NONE',  ( 0.7999999999999999334, 0.000000000000000000, -0.5499999999999999334 ) ) ;
#4671 = CARTESIAN_POINT ( 'NONE',  ( 0.9749999999999998668, 0.8000000000000000444, -0.6250000000000002220 ) ) ;
#4672 = ADVANCED_FACE ( 'NONE', ( #4644 ), #613, .F. ) ;
#4673 = CARTESIAN_POINT ( 'NONE',  ( -0.8000000000000001554, 0.000000000000000000, -0.5500000000000000444 ) ) ;
#4674 = DIRECTION ( 'NONE',  ( -0.000000000000000000, -1.000000000000000000, -0.000000000000000000 ) ) ;
#4675 = CARTESIAN_POINT ( 'NONE',  ( 0.4249999999999998224, 1.000000000000000000, 0.1750000000000000167 ) ) ;
#4676 = VECTOR ( 'NONE', #3840, 1000.000000000000000 ) ;
#4677 = ORIENTED_EDGE ( 'NONE', *, *, #4805, .F. ) ;
#4678 = EDGE_CURVE ( 'NONE', #1399, #4996, #4249, .T. ) ;
#4679 = CARTESIAN_POINT ( 'NONE',  ( 0.7999999999999999334, 0.000000000000000000, -0.5499999999999999334 ) ) ;
#4680 = VECTOR ( 'NONE', #4437, 1000.000000000000000 ) ;
#4681 = LINE ( 'NONE', #369, #1097 ) ;
#4682 = LINE ( 'NONE', #2634, #2023 ) ;
#4683 = EDGE_CURVE ( 'NONE', #198, #2230, #1910, .T. ) ;
#4684 = CARTESIAN_POINT ( 'NONE',  ( 0.8775057070449945318, 1.000000000000000222, -0.5881264267612487107 ) ) ;
#4685 = AXIS2_PLACEMENT_3D ( 'NONE', #2852, #1662, #447 ) ;
#4686 = ORIENTED_EDGE ( 'NONE', *, *, #2370, .T. ) ;
#4687 = CARTESIAN_POINT ( 'NONE',  ( 0.7999999999999999334, 0.1000000000000000056, 0.5499999999999999334 ) ) ;
#4688 = CIRCLE ( 'NONE', #2431, 0.2500000000000001110 ) ;
#4689 = ORIENTED_EDGE ( 'NONE', *, *, #2786, .F. ) ;
#4690 = CIRCLE ( 'NONE', #1940, 0.1000000000000001027 ) ;
#4691 = VERTEX_POINT ( 'NONE', #3492 ) ;
#4692 = DIRECTION ( 'NONE',  ( -1.000000000000000000, 0.000000000000000000, 0.000000000000000000 ) ) ;
#4693 = DIRECTION ( 'NONE',  ( -0.000000000000000000, -0.000000000000000000, -1.000000000000000000 ) ) ;
#4694 = CARTESIAN_POINT ( 'NONE',  ( -0.8250000000000005107, 0.9499999999999999556, 0.000000000000000000 ) ) ;
#4695 = LINE ( 'NONE', #3463, #627 ) ;
#4696 = ORIENTED_EDGE ( 'NONE', *, *, #961, .F. ) ;
#4697 = DIRECTION ( 'NONE',  ( 1.000000000000000000, 0.000000000000000000, 0.000000000000000000 ) ) ;
#4698 = CARTESIAN_POINT ( 'NONE',  ( -0.8000000000000001554, 0.000000000000000000, -0.9000000000000000222 ) ) ;
#4699 = DIRECTION ( 'NONE',  ( 0.000000000000000000, 1.000000000000000000, -0.000000000000000000 ) ) ;
#4700 = CARTESIAN_POINT ( 'NONE',  ( 0.8749999999999996669, 0.1549999999999999989, 0.8749999999999997780 ) ) ;
#4701 = CYLINDRICAL_SURFACE ( 'NONE', #94, 0.2499999999999999445 ) ;
#4702 = VERTEX_POINT ( 'NONE', #4224 ) ;
#4703 = CARTESIAN_POINT ( 'NONE',  ( 1.066421356237309492, 0.2550000000000000044, -0.7371320343559644162 ) ) ;
#4704 = DIRECTION ( 'NONE',  ( -1.000000000000000000, 0.000000000000000000, 0.000000000000000000 ) ) ;
#4705 = DIRECTION ( 'NONE',  ( 1.000000000000000000, -0.000000000000000000, 0.000000000000000000 ) ) ;
#4706 = EDGE_CURVE ( 'NONE', #3059, #4401, #2683, .T. ) ;
#4707 = CARTESIAN_POINT ( 'NONE',  ( 0.8894467943690912426, 0.9911334609378171789, 0.5908973081553712259 ) ) ;
#4708 = ORIENTED_EDGE ( 'NONE', *, *, #2846, .F. ) ;
#4709 = CARTESIAN_POINT ( 'NONE',  ( -0.5000000000000002220, 0.1000000000000000056, -0.9000000000000000222 ) ) ;
#4710 = DIRECTION ( 'NONE',  ( 1.000000000000000000, 0.000000000000000000, -0.000000000000000000 ) ) ;
#4711 = EDGE_LOOP ( 'NONE', ( #4849, #3265, #4375, #2365 ) ) ;
#4712 = ORIENTED_EDGE ( 'NONE', *, *, #3045, .T. ) ;
#4713 = ORIENTED_EDGE ( 'NONE', *, *, #3724, .T. ) ;
#4714 = CARTESIAN_POINT ( 'NONE',  ( 0.7999999999999999334, 0.1000000000000000056, -0.5499999999999999334 ) ) ;
#4715 = CARTESIAN_POINT ( 'NONE',  ( 0.9749999999999999778, 0.3550000000000002598, 0.6250000000000001110 ) ) ;
#4716 = DIRECTION ( 'NONE',  ( 0.000000000000000000, 0.000000000000000000, -1.000000000000000000 ) ) ;
#4717 = EDGE_LOOP ( 'NONE', ( #3900, #3863, #3437, #151 ) ) ;
#4718 = DIRECTION ( 'NONE',  ( 1.000000000000000000, 0.000000000000000000, -3.097720492815728645E-16 ) ) ;
#4719 = PLANE ( 'NONE',  #1404 ) ;
#4720 = DIRECTION ( 'NONE',  ( 0.000000000000000000, 1.000000000000000000, 0.000000000000000000 ) ) ;
#4721 = CARTESIAN_POINT ( 'NONE',  ( -1.150000000000000133, 0.000000000000000000, 0.9000000000000000222 ) ) ;
#4722 = CARTESIAN_POINT ( 'NONE',  ( -1.150000000000000133, 0.000000000000000000, 0.9000000000000000222 ) ) ;
#4723 = ADVANCED_FACE ( 'NONE', ( #5058 ), #5085, .F. ) ;
#4724 = VERTEX_POINT ( 'NONE', #943 ) ;
#4725 = FILL_AREA_STYLE ('',( #3133 ) ) ;
#4726 = LINE ( 'NONE', #1470, #4084 ) ;
#4727 = DIRECTION ( 'NONE',  ( -1.000000000000000000, 0.000000000000000000, 0.000000000000000000 ) ) ;
#4728 = AXIS2_PLACEMENT_3D ( 'NONE', #468, #1266, #3943 ) ;
#4729 = VECTOR ( 'NONE', #3442, 1000.000000000000000 ) ;
#4730 = DIRECTION ( 'NONE',  ( -1.000000000000000000, 0.000000000000000000, 0.000000000000000000 ) ) ;
#4731 = ORIENTED_EDGE ( 'NONE', *, *, #4361, .T. ) ;
#4732 = VECTOR ( 'NONE', #158, 1000.000000000000000 ) ;
#4733 = CARTESIAN_POINT ( 'NONE',  ( -0.9995676954361125688, 0.8985241007714658279, 0.6185929608384556078 ) ) ;
#4734 = ADVANCED_FACE ( 'NONE', ( #1625 ), #3962, .F. ) ;
#4735 = DIRECTION ( 'NONE',  ( -0.000000000000000000, -0.000000000000000000, -1.000000000000000000 ) ) ;
#4736 = ORIENTED_EDGE ( 'NONE', *, *, #4833, .F. ) ;
#4737 = EDGE_LOOP ( 'NONE', ( #4891, #736, #98, #1802 ) ) ;
#4738 = ORIENTED_EDGE ( 'NONE', *, *, #2751, .F. ) ;
#4739 = EDGE_CURVE ( 'NONE', #2034, #1613, #3599, .T. ) ;
#4740 = CARTESIAN_POINT ( 'NONE',  ( -0.9520347736471991285, 0.9654817235112984619, 0.7020347736471986844 ) ) ;
#4741 = CARTESIAN_POINT ( 'NONE',  ( 0.9412247802631911187, 0.9666179322114283323, -0.6040567169327003549 ) ) ;
#4742 = PLANE ( 'NONE',  #1659 ) ;
#4743 = EDGE_CURVE ( 'NONE', #3143, #2695, #4688, .T. ) ;
#4744 =( NAMED_UNIT ( * ) PLANE_ANGLE_UNIT ( ) SI_UNIT ( $, .RADIAN. ) );
#4745 = ORIENTED_EDGE ( 'NONE', *, *, #4161, .T. ) ;
#4746 = CARTESIAN_POINT ( 'NONE',  ( 1.149999999999999689, 0.1000000000000000056, 0.9000000000000001332 ) ) ;
#4747 = DIRECTION ( 'NONE',  ( -1.000000000000000000, 0.000000000000000000, -6.195440985631456303E-16 ) ) ;
#4748 = DIRECTION ( 'NONE',  ( -1.000000000000000000, 0.000000000000000000, -3.097720492815726673E-16 ) ) ;
#4749 = LINE ( 'NONE', #2012, #4566 ) ;
#4750 = CARTESIAN_POINT ( 'NONE',  ( 0.1499999999999999667, 0.000000000000000000, 0.5499999999999999334 ) ) ;
#4751 = VECTOR ( 'NONE', #3367, 1000.000000000000000 ) ;
#4752 = ADVANCED_FACE ( 'NONE', ( #4379 ), #2369, .F. ) ;
#4753 = CARTESIAN_POINT ( 'NONE',  ( 1.012979589711326955, 0.2355061701062366730, -0.6250000000000000000 ) ) ;
#4754 = DIRECTION ( 'NONE',  ( -0.000000000000000000, 0.000000000000000000, 1.000000000000000000 ) ) ;
#4755 = LINE ( 'NONE', #416, #378 ) ;
#4756 = VERTEX_POINT ( 'NONE', #4305 ) ;
#4757 = CARTESIAN_POINT ( 'NONE',  ( -0.1500000000000002165, 0.000000000000000000, 0.5499999999999999334 ) ) ;
#4758 = LINE ( 'NONE', #1997, #49 ) ;
#4759 = VECTOR ( 'NONE', #4693, 1000.000000000000000 ) ;
#4760 = EDGE_LOOP ( 'NONE', ( #930, #4090, #3405, #1855 ) ) ;
#4761 = MECHANICAL_DESIGN_GEOMETRIC_PRESENTATION_REPRESENTATION (  '', ( #289 ), #3179 ) ;
#4762 = ORIENTED_EDGE ( 'NONE', *, *, #4683, .T. ) ;
#4763 = EDGE_CURVE ( 'NONE', #318, #2358, #2757, .T. ) ;
#4764 = ORIENTED_EDGE ( 'NONE', *, *, #4581, .F. ) ;
#4765 = VECTOR ( 'NONE', #3269, 1000.000000000000000 ) ;
#4766 = CARTESIAN_POINT ( 'NONE',  ( -0.8750000000000002220, 0.3550000000000002598, 0.7750000000000001332 ) ) ;
#4767 = DIRECTION ( 'NONE',  ( -3.097720492815728645E-16, 0.000000000000000000, 1.000000000000000000 ) ) ;
#4768 = DIRECTION ( 'NONE',  ( 0.000000000000000000, 0.000000000000000000, -1.000000000000000000 ) ) ;
#4769 = VECTOR ( 'NONE', #3154, 1000.000000000000000 ) ;
#4770 = VECTOR ( 'NONE', #3820, 1000.000000000000000 ) ;
#4771 = EDGE_LOOP ( 'NONE', ( #3119, #455, #1011, #1772 ) ) ;
#4772 = ADVANCED_FACE ( 'NONE', ( #4777 ), #1898, .T. ) ;
#4773 = ORIENTED_EDGE ( 'NONE', *, *, #170, .F. ) ;
#4774 = DIRECTION ( 'NONE',  ( -1.000000000000000000, -0.000000000000000000, -3.097720492815726673E-16 ) ) ;
#4775 = AXIS2_PLACEMENT_3D ( 'NONE', #1814, #221, #3368 ) ;
#4776 = CARTESIAN_POINT ( 'NONE',  ( -0.1500000000000002165, 0.1000000000000000056, 0.9000000000000001332 ) ) ;
#4777 = FACE_OUTER_BOUND ( 'NONE', #3139, .T. ) ;
#4778 = CARTESIAN_POINT ( 'NONE',  ( -1.250000000000000222, 0.000000000000000000, 1.000000000000000000 ) ) ;
#4779 = LINE ( 'NONE', #1216, #605 ) ;
#4780 = CARTESIAN_POINT ( 'NONE',  ( 0.9749999999999999778, 0.2892174209693612608, -0.6835786437626903966 ) ) ;
#4781 = DIRECTION ( 'NONE',  ( 0.000000000000000000, -0.000000000000000000, 1.000000000000000000 ) ) ;
#4782 = DIRECTION ( 'NONE',  ( -0.000000000000000000, -1.000000000000000000, -0.000000000000000000 ) ) ;
#4783 = ORIENTED_EDGE ( 'NONE', *, *, #4047, .T. ) ;
#4784 = DIRECTION ( 'NONE',  ( 0.000000000000000000, 0.000000000000000000, 1.000000000000000000 ) ) ;
#4785 = DIRECTION ( 'NONE',  ( -1.000000000000000000, 0.000000000000000000, 0.000000000000000000 ) ) ;
#4786 =( NAMED_UNIT ( * ) PLANE_ANGLE_UNIT ( ) SI_UNIT ( $, .RADIAN. ) );
#4787 = ORIENTED_EDGE ( 'NONE', *, *, #4529, .F. ) ;
#4788 = ORIENTED_EDGE ( 'NONE', *, *, #1304, .F. ) ;
#4789 = ORIENTED_EDGE ( 'NONE', *, *, #208, .T. ) ;
#4790 = CARTESIAN_POINT ( 'NONE',  ( -0.8749999869108170403, 0.8261836026139262046, 0.7750000000000002442 ) ) ;
#4791 = CARTESIAN_POINT ( 'NONE',  ( 0.000000000000000000, 0.1000000000000000056, 0.000000000000000000 ) ) ;
#4792 = LINE ( 'NONE', #3645, #3657 ) ;
#4793 = ORIENTED_EDGE ( 'NONE', *, *, #4607, .F. ) ;
#4794 = CARTESIAN_POINT ( 'NONE',  ( 0.4999999999999997780, 0.000000000000000000, 0.9000000000000001332 ) ) ;
#4795 = DIRECTION ( 'NONE',  ( 7.228014483236715291E-16, 1.000000000000000000, -7.228014483236709374E-16 ) ) ;
#4796 = LINE ( 'NONE', #2040, #4268 ) ;
#4797 = FACE_OUTER_BOUND ( 'NONE', #2173, .T. ) ;
#4798 = ADVANCED_FACE ( 'NONE', ( #3989 ), #2318, .F. ) ;
#4799 = PLANE ( 'NONE',  #4426 ) ;
#4800 = AXIS2_PLACEMENT_3D ( 'NONE', #1186, #435, #3546 ) ;
#4801 = CARTESIAN_POINT ( 'NONE',  ( 0.9749999999999997558, 0.2892174209693612608, -0.6250000000000000000 ) ) ;
#4802 = EDGE_CURVE ( 'NONE', #2534, #3874, #436, .T. ) ;
#4803 = CARTESIAN_POINT ( 'NONE',  ( 0.9749999999999999778, 0.3550000000000002598, 0.6250000000000001110 ) ) ;
#4804 = CARTESIAN_POINT ( 'NONE',  ( 0.8381264267612483776, 0.9500000000000000666, 0.6143792802837457767 ) ) ;
#4805 = EDGE_CURVE ( 'NONE', #3396, #4369, #4796, .T. ) ;
#4806 = EDGE_LOOP ( 'NONE', ( #3977, #1407, #1479, #4553 ) ) ;
#4807 = AXIS2_PLACEMENT_3D ( 'NONE', #2375, #3311, #1711 ) ;
#4808 = LINE ( 'NONE', #4414, #197 ) ;
#4809 = CARTESIAN_POINT ( 'NONE',  ( 0.000000000000000000, 0.8000000000000000444, 0.5750000000000000666 ) ) ;
#4810 = CARTESIAN_POINT ( 'NONE',  ( 0.1499999999999997446, 0.1000000000000000056, 0.9000000000000000222 ) ) ;
#4811 = AXIS2_PLACEMENT_3D ( 'NONE', #2395, #2810, #513 ) ;
#4812 = ORIENTED_EDGE ( 'NONE', *, *, #1518, .T. ) ;
#4813 = ORIENTED_EDGE ( 'NONE', *, *, #4323, .F. ) ;
#4814 = EDGE_CURVE ( 'NONE', #198, #3032, #3935, .T. ) ;
#4815 = VECTOR ( 'NONE', #124, 1000.000000000000000 ) ;
#4816 = ORIENTED_EDGE ( 'NONE', *, *, #1843, .F. ) ;
#4817 = CARTESIAN_POINT ( 'NONE',  ( 0.4999999999999997780, 0.000000000000000000, -0.9000000000000001332 ) ) ;
#4818 =( LENGTH_UNIT ( ) NAMED_UNIT ( * ) SI_UNIT ( .MILLI., .METRE. ) );
#4819 = DIRECTION ( 'NONE',  ( -0.000000000000000000, -1.000000000000000000, 0.000000000000000000 ) ) ;
#4820 = ORIENTED_EDGE ( 'NONE', *, *, #4669, .F. ) ;
#4821 = ORIENTED_EDGE ( 'NONE', *, *, #3663, .F. ) ;
#4822 = DIRECTION ( 'NONE',  ( -0.000000000000000000, 0.000000000000000000, 1.000000000000000000 ) ) ;
#4823 = DIRECTION ( 'NONE',  ( -1.000000000000000000, 0.000000000000000000, 1.734723475976807094E-16 ) ) ;
#4824 = PLANE ( 'NONE',  #45 ) ;
#4825 = LINE ( 'NONE', #3571, #831 ) ;
#4826 = CARTESIAN_POINT ( 'NONE',  ( 0.4999999999999997780, 0.000000000000000000, -0.9000000000000001332 ) ) ;
#4827 = ADVANCED_FACE ( 'NONE', ( #4018 ), #2704, .F. ) ;
#4828 = ADVANCED_FACE ( 'NONE', ( #1545 ), #1963, .F. ) ;
#4829 = CARTESIAN_POINT ( 'NONE',  ( 0.8510997443107289895, 0.9338328014237774477, -0.6532992329321869462 ) ) ;
#4830 = DIRECTION ( 'NONE',  ( -0.000000000000000000, -0.000000000000000000, -1.000000000000000000 ) ) ;
#4831 = LINE ( 'NONE', #4100, #1854 ) ;
#4832 = AXIS2_PLACEMENT_3D ( 'NONE', #2807, #747, #3305 ) ;
#4833 = EDGE_CURVE ( 'NONE', #4371, #1458, #2179, .T. ) ;
#4834 = VERTEX_POINT ( 'NONE', #512 ) ;
#4835 = CARTESIAN_POINT ( 'NONE',  ( 0.8336340199330419809, 0.9999999999999997780, -0.6095360797321687230 ) ) ;
#4836 = FACE_OUTER_BOUND ( 'NONE', #2471, .T. ) ;
#4837 = CARTESIAN_POINT ( 'NONE',  ( -1.024999999999967049, 0.8000000000000000444, -0.6249999552455506313 ) ) ;
#4838 = CARTESIAN_POINT ( 'NONE',  ( -0.9710954645652016826, 0.8392632375084067009, 0.6236984881884007903 ) ) ;
#4839 = ADVANCED_FACE ( 'NONE', ( #979 ), #3704, .T. ) ;
#4840 = CARTESIAN_POINT ( 'NONE',  ( -0.8000000000000001554, 0.000000000000000000, -0.9000000000000001332 ) ) ;
#4841 = ORIENTED_EDGE ( 'NONE', *, *, #2912, .F. ) ;
#4842 = AXIS2_PLACEMENT_3D ( 'NONE', #2742, #1949, #3869 ) ;
#4843 = ORIENTED_EDGE ( 'NONE', *, *, #2098, .T. ) ;
#4844 = EDGE_LOOP ( 'NONE', ( #1817, #528, #2962, #1714 ) ) ;
#4845 = CARTESIAN_POINT ( 'NONE',  ( 0.8737796115882772163, 0.8502477846978796494, 0.7703472531864108408 ) ) ;
#4846 = FACE_OUTER_BOUND ( 'NONE', #13, .T. ) ;
#4847 = VERTEX_POINT ( 'NONE', #4929 ) ;
#4848 = VECTOR ( 'NONE', #2190, 1000.000000000000000 ) ;
#4849 = ORIENTED_EDGE ( 'NONE', *, *, #174, .T. ) ;
#4850 = CARTESIAN_POINT ( 'NONE',  ( -1.150000000000000133, 0.000000000000000000, 0.000000000000000000 ) ) ;
#4851 = CARTESIAN_POINT ( 'NONE',  ( -0.9749999999999504618, 0.8000000000000000444, -0.6249999552455424157 ) ) ;
#4852 = DIRECTION ( 'NONE',  ( 0.000000000000000000, 0.000000000000000000, -1.000000000000000000 ) ) ;
#4853 = DIRECTION ( 'NONE',  ( 0.000000000000000000, -0.000000000000000000, 1.000000000000000000 ) ) ;
#4854 = VECTOR ( 'NONE', #1635, 1000.000000000000000 ) ;
#4855 = FACE_OUTER_BOUND ( 'NONE', #2489, .T. ) ;
#4856 = VECTOR ( 'NONE', #337, 1000.000000000000000 ) ;
#4857 = VECTOR ( 'NONE', #2324, 1000.000000000000000 ) ;
#4858 = LINE ( 'NONE', #4335, #3634 ) ;
#4859 = DIRECTION ( 'NONE',  ( 6.195440985631456303E-16, 0.000000000000000000, -1.000000000000000000 ) ) ;
#4860 = DIRECTION ( 'NONE',  ( 1.000000000000000000, -0.000000000000000000, 0.000000000000000000 ) ) ;
#4861 = MECHANICAL_DESIGN_GEOMETRIC_PRESENTATION_REPRESENTATION (  '', ( #795 ), #2860 ) ;
#4862 = ORIENTED_EDGE ( 'NONE', *, *, #1681, .T. ) ;
#4863 = DIRECTION ( 'NONE',  ( 1.000000000000000000, 0.000000000000000000, -3.097720492815728645E-16 ) ) ;
#4864 = LINE ( 'NONE', #2079, #3685 ) ;
#4865 = LINE ( 'NONE', #1833, #3594 ) ;
#4866 = CARTESIAN_POINT ( 'NONE',  ( 0.8750000000000001110, 0.3550000000000002598, 0.8750000000000001110 ) ) ;
#4867 = LINE ( 'NONE', #1868, #216 ) ;
#4868 = ADVANCED_FACE ( 'NONE', ( #3680 ), #5095, .T. ) ;
#4869 = ORIENTED_EDGE ( 'NONE', *, *, #3136, .T. ) ;
#4870 = ORIENTED_EDGE ( 'NONE', *, *, #2276, .T. ) ;
#4871 = ORIENTED_EDGE ( 'NONE', *, *, #3996, .F. ) ;
#4872 = CIRCLE ( 'NONE', #634, 0.1500000000000000777 ) ;
#4873 = DIRECTION ( 'NONE',  ( 1.000000000000000000, 0.000000000000000000, 3.097720492815726673E-16 ) ) ;
#4874 = FACE_OUTER_BOUND ( 'NONE', #4111, .T. ) ;
#4875 = ORIENTED_EDGE ( 'NONE', *, *, #1451, .F. ) ;
#4876 = ORIENTED_EDGE ( 'NONE', *, *, #4451, .F. ) ;
#4877 = LINE ( 'NONE', #630, #4411 ) ;
#4878 = CARTESIAN_POINT ( 'NONE',  ( -0.1500000000000002165, 0.1000000000000000056, 0.5500000000000000444 ) ) ;
#4879 = DIRECTION ( 'NONE',  ( 0.000000000000000000, 0.000000000000000000, -1.000000000000000000 ) ) ;
#4880 = LINE ( 'NONE', #4975, #3146 ) ;
#4881 = DIRECTION ( 'NONE',  ( 0.000000000000000000, 0.000000000000000000, 1.000000000000000000 ) ) ;
#4882 = ADVANCED_FACE ( 'NONE', ( #3256 ), #4824, .F. ) ;
#4883 = CARTESIAN_POINT ( 'NONE',  ( -0.8336340199332206158, 1.000000000000000444, 0.6095360797328794877 ) ) ;
#4884 = DIRECTION ( 'NONE',  ( -0.000000000000000000, -1.000000000000000000, -0.000000000000000000 ) ) ;
#4885 = VECTOR ( 'NONE', #3309, 1000.000000000000000 ) ;
#4886 = ORIENTED_EDGE ( 'NONE', *, *, #4145, .T. ) ;
#4887 = CYLINDRICAL_SURFACE ( 'NONE', #1269, 0.1000000000000001027 ) ;
#4888 = CARTESIAN_POINT ( 'NONE',  ( 0.7999999999999997113, 0.1000000000000000056, -0.9000000000000000222 ) ) ;
#4889 = CARTESIAN_POINT ( 'NONE',  ( -0.8750000000000003331, 0.3550000000000002598, -0.6250000000000001110 ) ) ;
#4890 = FACE_OUTER_BOUND ( 'NONE', #790, .T. ) ;
#4891 = ORIENTED_EDGE ( 'NONE', *, *, #424, .F. ) ;
#4892 = ORIENTED_EDGE ( 'NONE', *, *, #3843, .F. ) ;
#4893 = EDGE_CURVE ( 'NONE', #683, #4471, #584, .T. ) ;
#4894 = EDGE_LOOP ( 'NONE', ( #5074, #1311, #1167, #4875 ) ) ;
#4895 = EDGE_CURVE ( 'NONE', #1431, #5042, #2679, .T. ) ;
#4896 = FACE_OUTER_BOUND ( 'NONE', #3393, .T. ) ;
#4897 = CARTESIAN_POINT ( 'NONE',  ( 0.9749999999999998668, 0.8196377019586378321, 0.6249999869108168182 ) ) ;
#4898 = ORIENTED_EDGE ( 'NONE', *, *, #1954, .T. ) ;
#4899 = VECTOR ( 'NONE', #183, 1000.000000000000000 ) ;
#4900 = EDGE_CURVE ( 'NONE', #3370, #1893, #3515, .T. ) ;
#4901 = VERTEX_POINT ( 'NONE', #2944 ) ;
#4902 = LINE ( 'NONE', #2525, #594 ) ;
#4903 = AXIS2_PLACEMENT_3D ( 'NONE', #3703, #2963, #2916 ) ;
#4904 = FACE_OUTER_BOUND ( 'NONE', #348, .T. ) ;
#4905 = CARTESIAN_POINT ( 'NONE',  ( -0.9750000000000006439, 0.8196377019586393864, 0.6249999869108165962 ) ) ;
#4906 = DIRECTION ( 'NONE',  ( -1.000000000000000000, -0.000000000000000000, 0.000000000000000000 ) ) ;
#4907 = ADVANCED_FACE ( 'NONE', ( #536 ), #885, .F. ) ;
#4908 = LINE ( 'NONE', #1316, #4470 ) ;
#4909 = CARTESIAN_POINT ( 'NONE',  ( 1.024999999999999911, 0.8000000000000000444, 0.000000000000000000 ) ) ;
#4910 = CARTESIAN_POINT ( 'NONE',  ( 0.4999999999999997780, 0.1000000000000000056, 0.5500000000000000444 ) ) ;
#4911 = ORIENTED_EDGE ( 'NONE', *, *, #2744, .F. ) ;
#4912 =( NAMED_UNIT ( * ) PLANE_ANGLE_UNIT ( ) SI_UNIT ( $, .RADIAN. ) );
#4913 = DIRECTION ( 'NONE',  ( 0.000000000000000000, -1.000000000000000000, 0.000000000000000000 ) ) ;
#4914 = DIRECTION ( 'NONE',  ( 3.097720492815728645E-16, -0.000000000000000000, 1.000000000000000000 ) ) ;
#4915 = AXIS2_PLACEMENT_3D ( 'NONE', #1973, #3140, #1123 ) ;
#4916 = DIRECTION ( 'NONE',  ( 0.000000000000000000, -0.000000000000000000, -1.000000000000000000 ) ) ;
#4917 = AXIS2_PLACEMENT_3D ( 'NONE', #3134, #1117, #2633 ) ;
#4918 = ORIENTED_EDGE ( 'NONE', *, *, #986, .T. ) ;
#4919 = ORIENTED_EDGE ( 'NONE', *, *, #3942, .F. ) ;
#4920 = EDGE_LOOP ( 'NONE', ( #3394, #4738, #1560 ) ) ;
#4921 = CARTESIAN_POINT ( 'NONE',  ( 1.149999999999999689, 0.000000000000000000, 0.5499999999999999334 ) ) ;
#4922 = CARTESIAN_POINT ( 'NONE',  ( -1.150000000000000133, 0.000000000000000000, 0.9000000000000000222 ) ) ;
#4923 = ADVANCED_FACE ( 'NONE', ( #1314 ), #1339, .F. ) ;
#4924 = EDGE_LOOP ( 'NONE', ( #1631, #3889, #865, #2297 ) ) ;
#4925 = ADVANCED_FACE ( 'NONE', ( #1828 ), #4273, .F. ) ;
#4926 = VECTOR ( 'NONE', #6, 1000.000000000000000 ) ;
#4927 = EDGE_LOOP ( 'NONE', ( #75, #3925, #2203, #3537 ) ) ;
#4928 = DIRECTION ( 'NONE',  ( 0.000000000000000000, -1.000000000000000000, 0.000000000000000000 ) ) ;
#4929 = CARTESIAN_POINT ( 'NONE',  ( -0.5000000000000002220, 0.000000000000000000, 0.9000000000000000222 ) ) ;
#4930 = DIRECTION ( 'NONE',  ( 0.000000000000000000, -0.000000000000000000, -1.000000000000000000 ) ) ;
#4931 = EDGE_CURVE ( 'NONE', #1431, #683, #4341, .T. ) ;
#4932 = VECTOR ( 'NONE', #1417, 1000.000000000000000 ) ;
#4933 = CIRCLE ( 'NONE', #2262, 0.1000000000000000472 ) ;
#4934 = CARTESIAN_POINT ( 'NONE',  ( -0.1500000000000002165, 0.1000000000000000056, -0.5500000000000000444 ) ) ;
#4935 = AXIS2_PLACEMENT_3D ( 'NONE', #3128, #4720, #107 ) ;
#4936 = CARTESIAN_POINT ( 'NONE',  ( -0.1500000000000002165, 0.1000000000000000056, 0.5500000000000000444 ) ) ;
#4937 = CARTESIAN_POINT ( 'NONE',  ( -1.125000000000000888, 0.3550000000000002598, 0.6250000000000001110 ) ) ;
#4938 = AXIS2_PLACEMENT_3D ( 'NONE', #2692, #1066, #2979 ) ;
#4939 = ORIENTED_EDGE ( 'NONE', *, *, #1775, .F. ) ;
#4940 = DIRECTION ( 'NONE',  ( 1.000000000000000000, 0.000000000000000000, -6.195440985631455317E-17 ) ) ;
#4941 = CARTESIAN_POINT ( 'NONE',  ( 0.8750000000000001110, 0.2135786437626908674, -0.8250000000000000666 ) ) ;
#4942 = FACE_OUTER_BOUND ( 'NONE', #4134, .T. ) ;
#4943 = CARTESIAN_POINT ( 'NONE',  ( 0.8749999552455506313, 0.8000000000000000444, -0.7749999999999667155 ) ) ;
#4944 = ORIENTED_EDGE ( 'NONE', *, *, #1113, .T. ) ;
#4945 = EDGE_LOOP ( 'NONE', ( #1720, #4238, #4507, #2976 ) ) ;
#4946 = ORIENTED_EDGE ( 'NONE', *, *, #1668, .F. ) ;
#4947 = EDGE_CURVE ( 'NONE', #2743, #2201, #3068, .T. ) ;
#4948 = CARTESIAN_POINT ( 'NONE',  ( 0.9560683951881852050, 0.8755417922011198284, 0.6186894650627287051 ) ) ;
#4949 = ORIENTED_EDGE ( 'NONE', *, *, #2028, .F. ) ;
#4950 = ORIENTED_EDGE ( 'NONE', *, *, #4288, .F. ) ;
#4951 = DIRECTION ( 'NONE',  ( 3.097720492815726673E-16, 0.000000000000000000, -1.000000000000000000 ) ) ;
#4952 = LINE ( 'NONE', #4998, #4514 ) ;
#4953 = FACE_OUTER_BOUND ( 'NONE', #4589, .T. ) ;
#4954 = EDGE_LOOP ( 'NONE', ( #2563, #1377, #2747, #3873 ) ) ;
#4955 = EDGE_CURVE ( 'NONE', #4847, #2466, #4586, .T. ) ;
#4956 = CARTESIAN_POINT ( 'NONE',  ( -0.8422716039133231192, 1.000000000000000888, -0.6440864156532889462 ) ) ;
#4957 = DIRECTION ( 'NONE',  ( 1.000000000000000000, 0.000000000000000000, 0.000000000000000000 ) ) ;
#4958 = CARTESIAN_POINT ( 'NONE',  ( -1.025000000000000577, 0.3550000000000002598, -0.6250000000000001110 ) ) ;
#4959 = DIRECTION ( 'NONE',  ( 1.000000000000000000, 0.000000000000000000, 0.000000000000000000 ) ) ;
#4960 = EDGE_LOOP ( 'NONE', ( #3220, #3424, #2849, #3399 ) ) ;
#4961 = EDGE_CURVE ( 'NONE', #1253, #4295, #3401, .T. ) ;
#4962 = CARTESIAN_POINT ( 'NONE',  ( -1.025000000000000355, 0.8494958547829984941, -0.6250000000000001110 ) ) ;
#4963 = CARTESIAN_POINT ( 'NONE',  ( 1.124999999999999778, 0.2550000000000002265, 0.6250000000000001110 ) ) ;
#4964 = CARTESIAN_POINT ( 'NONE',  ( 0.000000000000000000, 0.000000000000000000, -0.5500000000000000444 ) ) ;
#4965 = ADVANCED_FACE ( 'NONE', ( #2182 ), #1460, .F. ) ;
#4966 = ORIENTED_EDGE ( 'NONE', *, *, #424, .T. ) ;
#4967 = ORIENTED_EDGE ( 'NONE', *, *, #4984, .F. ) ;
#4968 = ORIENTED_EDGE ( 'NONE', *, *, #3124, .T. ) ;
#4969 = CARTESIAN_POINT ( 'NONE',  ( 0.8509160936253671315, 0.9500000458340787102, 0.6009160936253670204 ) ) ;
#4970 = VERTEX_POINT ( 'NONE', #229 ) ;
#4971 = EDGE_CURVE ( 'NONE', #900, #2772, #2233, .T. ) ;
#4972 = VERTEX_POINT ( 'NONE', #4637 ) ;
#4973 = CARTESIAN_POINT ( 'NONE',  ( 0.9749999999999998668, 0.3550000000000002598, 0.6250000000000001110 ) ) ;
#4974 = CARTESIAN_POINT ( 'NONE',  ( -0.9389241467167788180, 0.9068049837878836561, 0.6889241467167784849 ) ) ;
#4975 = CARTESIAN_POINT ( 'NONE',  ( 0.000000000000000000, 0.000000000000000000, -0.5500000000000000444 ) ) ;
#4976 = AXIS2_PLACEMENT_3D ( 'NONE', #2423, #4019, #56 ) ;
#4977 = AXIS2_PLACEMENT_3D ( 'NONE', #1962, #3988, #410 ) ;
#4978 = EDGE_LOOP ( 'NONE', ( #2312, #1924, #4215, #4686 ) ) ;
#4979 = DIRECTION ( 'NONE',  ( 1.000000000000000000, -0.000000000000000000, 0.000000000000000000 ) ) ;
#4980 = CARTESIAN_POINT ( 'NONE',  ( -0.5000000000000000000, 0.1000000000000000056, -0.5499999999999999334 ) ) ;
#4981 = CARTESIAN_POINT ( 'NONE',  ( 1.249999999999999778, 0.1549999999999999989, -1.000000000000000444 ) ) ;
#4982 = CARTESIAN_POINT ( 'NONE',  ( -0.1500000000000002165, 0.000000000000000000, -0.5500000000000000444 ) ) ;
#4983 = DIRECTION ( 'NONE',  ( 0.000000000000000000, 1.000000000000000000, 0.000000000000000000 ) ) ;
#4984 = EDGE_CURVE ( 'NONE', #4471, #4089, #4952, .T. ) ;
#4985 = ADVANCED_FACE ( 'NONE', ( #203 ), #1101, .T. ) ;
#4986 = ORIENTED_EDGE ( 'NONE', *, *, #1393, .F. ) ;
#4987 = FACE_OUTER_BOUND ( 'NONE', #2541, .T. ) ;
#4988 = CARTESIAN_POINT ( 'NONE',  ( -0.8750000000000003331, 4.570019455179279433, -0.6250000000000001110 ) ) ;
#4989 = ADVANCED_FACE ( 'NONE', ( #3798 ), #3669, .T. ) ;
#4990 = CARTESIAN_POINT ( 'NONE',  ( 0.8249999999999995115, 1.000000000000000000, -0.5749999999999997335 ) ) ;
#4991 = ORIENTED_EDGE ( 'NONE', *, *, #3901, .T. ) ;
#4992 = CARTESIAN_POINT ( 'NONE',  ( -1.149999999999999911, 0.000000000000000000, 0.5499999999999999334 ) ) ;
#4993 = VERTEX_POINT ( 'NONE', #1539 ) ;
#4994 = DIRECTION ( 'NONE',  ( -0.000000000000000000, -1.000000000000000000, -0.000000000000000000 ) ) ;
#4995 = ORIENTED_EDGE ( 'NONE', *, *, #2569, .F. ) ;
#4996 = VERTEX_POINT ( 'NONE', #2386 ) ;
#4997 = DIRECTION ( 'NONE',  ( -0.000000000000000000, -0.000000000000000000, -1.000000000000000000 ) ) ;
#4998 = CARTESIAN_POINT ( 'NONE',  ( -1.025000000000000577, 0.8000000000000000444, 0.000000000000000000 ) ) ;
#4999 = DIRECTION ( 'NONE',  ( 0.000000000000000000, 0.000000000000000000, 1.000000000000000000 ) ) ;
#5000 = ORIENTED_EDGE ( 'NONE', *, *, #2900, .F. ) ;
#5001 = CARTESIAN_POINT ( 'NONE',  ( 0.7999999999999999334, 0.1000000000000000056, 0.5499999999999999334 ) ) ;
#5002 = LINE ( 'NONE', #3466, #1065 ) ;
#5003 = DIRECTION ( 'NONE',  ( 1.000000000000000000, -7.228014483236692611E-16, 1.445602896647338522E-15 ) ) ;
#5004 = FACE_OUTER_BOUND ( 'NONE', #2186, .T. ) ;
#5005 = LINE ( 'NONE', #621, #2175 ) ;
#5006 = VECTOR ( 'NONE', #3502, 1000.000000000000000 ) ;
#5007 = VERTEX_POINT ( 'NONE', #3122 ) ;
#5008 = AXIS2_PLACEMENT_3D ( 'NONE', #4809, #1716, #64 ) ;
#5009 = FACE_OUTER_BOUND ( 'NONE', #1972, .T. ) ;
#5010 = CARTESIAN_POINT ( 'NONE',  ( 0.4999999999999997780, 0.1000000000000000056, -0.9000000000000001332 ) ) ;
#5011 = CIRCLE ( 'NONE', #133, 0.1999999999999998723 ) ;
#5012 = AXIS2_PLACEMENT_3D ( 'NONE', #3027, #1500, #3866 ) ;
#5013 = CARTESIAN_POINT ( 'NONE',  ( 0.8649831364336266759, 0.9229101667401123921, -0.7349325457345067258 ) ) ;
#5014 = VERTEX_POINT ( 'NONE', #2775 ) ;
#5015 = AXIS2_PLACEMENT_3D ( 'NONE', #5094, #1551, #1170 ) ;
#5016 = PLANE ( 'NONE',  #4667 ) ;
#5017 = ORIENTED_EDGE ( 'NONE', *, *, #4136, .F. ) ;
#5018 = EDGE_CURVE ( 'NONE', #658, #3642, #2713, .T. ) ;
#5019 = ORIENTED_EDGE ( 'NONE', *, *, #3682, .F. ) ;
#5020 = ORIENTED_EDGE ( 'NONE', *, *, #4649, .T. ) ;
#5021 = EDGE_CURVE ( 'NONE', #4970, #2806, #2314, .T. ) ;
#5022 = LINE ( 'NONE', #717, #3482 ) ;
#5023 = CARTESIAN_POINT ( 'NONE',  ( 1.012979589711327177, 0.2355061701062369506, 0.7058265723222204580 ) ) ;
#5024 = DIRECTION ( 'NONE',  ( 0.000000000000000000, -0.000000000000000000, 1.000000000000000000 ) ) ;
#5025 = SURFACE_STYLE_FILL_AREA ( #3098 ) ;
#5026 = ORIENTED_EDGE ( 'NONE', *, *, #4893, .F. ) ;
#5027 = UNCERTAINTY_MEASURE_WITH_UNIT (LENGTH_MEASURE( 1.000000000000000082E-05 ), #1975, 'distance_accuracy_value', 'NONE');
#5028 = CARTESIAN_POINT ( 'NONE',  ( 1.149999999999999689, 0.1000000000000000056, -0.9000000000000001332 ) ) ;
#5029 = CARTESIAN_POINT ( 'NONE',  ( 0.9628679656440359835, 0.3550000000000002598, 0.7749999999999998002 ) ) ;
#5030 = LINE ( 'NONE', #284, #1942 ) ;
#5031 = LINE ( 'NONE', #315, #1654 ) ;
#5032 = DIRECTION ( 'NONE',  ( 0.000000000000000000, -0.000000000000000000, 1.000000000000000000 ) ) ;
#5033 = LINE ( 'NONE', #2607, #4014 ) ;
#5034 = ADVANCED_FACE ( 'NONE', ( #1181, #1957, #3512, #332, #2749, #382, #2004, #2801, #3905, #3930 ), #3486, .F. ) ;
#5035 = VERTEX_POINT ( 'NONE', #792 ) ;
#5036 = PLANE ( 'NONE',  #278 ) ;
#5037 = LINE ( 'NONE', #1169, #2002 ) ;
#5038 = DIRECTION ( 'NONE',  ( -1.000000000000000000, 0.000000000000000000, 0.000000000000000000 ) ) ;
#5039 = CARTESIAN_POINT ( 'NONE',  ( -1.149999999999999911, 0.000000000000000000, 0.000000000000000000 ) ) ;
#5040 = ORIENTED_EDGE ( 'NONE', *, *, #1936, .F. ) ;
#5041 = DIRECTION ( 'NONE',  ( -1.000000000000000000, -0.000000000000000000, -3.097720492815728645E-16 ) ) ;
#5042 = VERTEX_POINT ( 'NONE', #1154 ) ;
#5043 = CARTESIAN_POINT ( 'NONE',  ( 0.9499999999999996225, 0.1000000000000000056, 0.2500000000000001665 ) ) ;
#5044 = ORIENTED_EDGE ( 'NONE', *, *, #2501, .F. ) ;
#5045 = VECTOR ( 'NONE', #1859, 1000.000000000000000 ) ;
#5046 = ADVANCED_FACE ( 'NONE', ( #2724 ), #3541, .F. ) ;
#5047 = ADVANCED_FACE ( 'NONE', ( #4347 ), #3956, .T. ) ;
#5048 = ORIENTED_EDGE ( 'NONE', *, *, #1784, .T. ) ;
#5049 = LINE ( 'NONE', #3876, #3064 ) ;
#5050 = CARTESIAN_POINT ( 'NONE',  ( -0.9560683951881857601, 0.8755417922011200504, 0.6186894650627284831 ) ) ;
#5051 = PLANE ( 'NONE',  #2389 ) ;
#5052 = DIRECTION ( 'NONE',  ( -6.195440985631456303E-16, -0.000000000000000000, -1.000000000000000000 ) ) ;
#5053 = ADVANCED_FACE ( 'NONE', ( #2700 ), #1589, .F. ) ;
#5054 = VECTOR ( 'NONE', #4830, 1000.000000000000000 ) ;
#5055 = CARTESIAN_POINT ( 'NONE',  ( -0.1500000000000002165, 0.1000000000000000056, 0.9000000000000001332 ) ) ;
#5056 = EDGE_CURVE ( 'NONE', #763, #3544, #1230, .T. ) ;
#5057 = DIRECTION ( 'NONE',  ( -0.000000000000000000, -0.000000000000000000, -1.000000000000000000 ) ) ;
#5058 = FACE_OUTER_BOUND ( 'NONE', #2961, .T. ) ;
#5059 = DIRECTION ( 'NONE',  ( 0.000000000000000000, 1.000000000000000000, -0.000000000000000000 ) ) ;
#5060 = PLANE ( 'NONE',  #2071 ) ;
#5061 = VECTOR ( 'NONE', #1161, 1000.000000000000000 ) ;
#5062 = CARTESIAN_POINT ( 'NONE',  ( 0.000000000000000000, 0.000000000000000000, -0.9000000000000000222 ) ) ;
#5063 = COLOUR_RGB ( '',0.000000000000000000, 0.2862745098039215508, 0.000000000000000000 ) ;
#5064 = ORIENTED_EDGE ( 'NONE', *, *, #1277, .F. ) ;
#5065 = CARTESIAN_POINT ( 'NONE',  ( -0.8000000000000001554, 0.1000000000000000056, 0.9000000000000001332 ) ) ;
#5066 = AXIS2_PLACEMENT_3D ( 'NONE', #3727, #4928, #1361 ) ;
#5067 = LINE ( 'NONE', #3945, #2244 ) ;
#5068 = FACE_OUTER_BOUND ( 'NONE', #4927, .T. ) ;
#5069 = EDGE_CURVE ( 'NONE', #4691, #2201, #5077, .T. ) ;
#5070 = FACE_OUTER_BOUND ( 'NONE', #4737, .T. ) ;
#5071 = ORIENTED_EDGE ( 'NONE', *, *, #417, .F. ) ;
#5072 = CARTESIAN_POINT ( 'NONE',  ( 0.9499999999999996225, 0.000000000000000000, 0.3500000000000002554 ) ) ;
#5073 = CARTESIAN_POINT ( 'NONE',  ( 0.7999999999999997113, 0.1000000000000000056, -0.9000000000000000222 ) ) ;
#5074 = ORIENTED_EDGE ( 'NONE', *, *, #710, .T. ) ;
#5075 = ORIENTED_EDGE ( 'NONE', *, *, #3519, .T. ) ;
#5076 = CYLINDRICAL_SURFACE ( 'NONE', #257, 0.1000000000000000472 ) ;
#5077 = LINE ( 'NONE', #3095, #4759 ) ;
#5078 = CARTESIAN_POINT ( 'NONE',  ( 0.000000000000000000, 0.000000000000000000, -0.5500000000000000444 ) ) ;
#5079 = EDGE_CURVE ( 'NONE', #3036, #2125, #1129, .T. ) ;
#5080 = VECTOR ( 'NONE', #931, 1000.000000000000000 ) ;
#5081 = ADVANCED_FACE ( 'NONE', ( #2861 ), #4533, .T. ) ;
#5082 = DIRECTION ( 'NONE',  ( -1.000000000000000000, 0.000000000000000000, 0.000000000000000000 ) ) ;
#5083 = DIRECTION ( 'NONE',  ( 1.000000000000000000, 0.000000000000000000, 0.000000000000000000 ) ) ;
#5084 = DIRECTION ( 'NONE',  ( -0.000000000000000000, 0.000000000000000000, 1.000000000000000000 ) ) ;
#5085 = CYLINDRICAL_SURFACE ( 'NONE', #618, 0.1499999999999999667 ) ;
#5086 = CARTESIAN_POINT ( 'NONE',  ( -0.1500000000000002165, 0.1000000000000000056, -0.9000000000000001332 ) ) ;
#5087 = EDGE_CURVE ( 'NONE', #4344, #3118, #1329, .T. ) ;
#5088 = CARTESIAN_POINT ( 'NONE',  ( 0.9560683951881852050, 0.8755417922011198284, 0.6186894650627287051 ) ) ;
#5089 = DIRECTION ( 'NONE',  ( -1.000000000000000000, -0.000000000000000000, 0.000000000000000000 ) ) ;
#5090 = EDGE_LOOP ( 'NONE', ( #1845, #4950, #398, #5040 ) ) ;
#5091 = DIRECTION ( 'NONE',  ( -0.000000000000000000, -1.000000000000000000, -0.000000000000000000 ) ) ;
#5092 = VECTOR ( 'NONE', #3019, 1000.000000000000000 ) ;
#5093 = DIRECTION ( 'NONE',  ( -0.000000000000000000, -0.000000000000000000, 1.000000000000000000 ) ) ;
#5094 = CARTESIAN_POINT ( 'NONE',  ( -0.8000000000000001554, 0.1000000000000000056, 0.5500000000000000444 ) ) ;
#5095 =( BOUNDED_SURFACE ( )  B_SPLINE_SURFACE ( 3, 2, ( 
 ( #4119, #2838, #159 ),
 ( #2527, #4093, #3751 ),
 ( #2546, #4510, #1647 ),
 ( #959, #3307, #2867 ),
 ( #2474, #2065, #4488 ),
 ( #560, #2917, #4071 ),
 ( #2091, #1677, #1264 ),
 ( #2157, #2133, #4143 ) ),
 .UNSPECIFIED., .F., .F., .F. ) 
 B_SPLINE_SURFACE_WITH_KNOTS ( ( 4, 2, 2, 4 ),
 ( 3, 3 ),
 ( 6.283185307179586232, 6.675884388878310816, 7.068583470577034511, 7.853981633974482790 ),
 ( 0.000000000000000000, 1.000000000000000000 ),
 .UNSPECIFIED. ) 
 GEOMETRIC_REPRESENTATION_ITEM ( )  RATIONAL_B_SPLINE_SURFACE ( (
 ( 1.000000000000000000, 0.7071067811865475727, 1.000000000000000000),
 ( 1.000000000000000000, 0.7066683472211363615, 1.000000000000000000),
 ( 1.000000000000000000, 0.7265616048778427150, 1.000000000000000000),
 ( 1.000000000000000000, 0.7876686348193605580, 1.000000000000000000),
 ( 1.000000000000000000, 0.8282440749015859138, 1.000000000000000000),
 ( 1.000000000000000000, 0.9415880615501430739, 1.000000000000000000),
 ( 1.000000000000000000, 1.002684731167226895, 1.000000000000000000),
 ( 1.000000000000000000, 1.000000000000000000, 1.000000000000000000) ) ) 
 REPRESENTATION_ITEM ( '' )  SURFACE ( )  );
#5096 = AXIS2_PLACEMENT_3D ( 'NONE', #1618, #22, #5107 ) ;
#5097 = LINE ( 'NONE', #5039, #1357 ) ;
#5098 = VECTOR ( 'NONE', #1061, 1000.000000000000000 ) ;
#5099 = VERTEX_POINT ( 'NONE', #459 ) ;
#5100 = CARTESIAN_POINT ( 'NONE',  ( -1.025000000000000577, 0.8247433521137510493, 0.6250000000000000000 ) ) ;
#5101 = VECTOR ( 'NONE', #1448, 1000.000000000000000 ) ;
#5102 = AXIS2_PLACEMENT_3D ( 'NONE', #2892, #907, #4879 ) ;
#5103 = ORIENTED_EDGE ( 'NONE', *, *, #2508, .F. ) ;
#5104 = VECTOR ( 'NONE', #3261, 1000.000000000000000 ) ;
#5105 = VERTEX_POINT ( 'NONE', #2032 ) ;
#5106 = CARTESIAN_POINT ( 'NONE',  ( -0.9560683951881857601, 0.8755417922011200504, -0.6186894650627284831 ) ) ;
#5107 = DIRECTION ( 'NONE',  ( 0.000000000000000000, -0.000000000000000000, 1.000000000000000000 ) ) ;
#5108 = CARTESIAN_POINT ( 'NONE',  ( 0.000000000000000000, 0.1000000000000000056, 0.000000000000000000 ) ) ;
#5109 = SURFACE_SIDE_STYLE ('',( #5025 ) ) ;
#5110 = ORIENTED_EDGE ( 'NONE', *, *, #2407, .T. ) ;
#5111 = LINE ( 'NONE', #4746, #784 ) ;
#5112 = LINE ( 'NONE', #1544, #1744 ) ;
#5113 = CARTESIAN_POINT ( 'NONE',  ( 0.1499999999999997446, 0.000000000000000000, 0.000000000000000000 ) ) ;
#5114 = DIRECTION ( 'NONE',  ( 0.000000000000000000, -0.000000000000000000, 1.000000000000000000 ) ) ;
#5115 = ADVANCED_FACE ( 'NONE', ( #4062 ), #3617, .F. ) ;
#5116 = VERTEX_POINT ( 'NONE', #1671 ) ;
#5117 = STYLED_ITEM ( 'NONE', ( #2461 ), #217 ) ;
#5118 = CARTESIAN_POINT ( 'NONE',  ( -0.9750000000000006439, 4.570019455179279433, 0.6250000000000001110 ) ) ;
#5119 = CARTESIAN_POINT ( 'NONE',  ( -0.8750000000000003331, 0.2135786437626908119, -0.8250000000000000666 ) ) ;
#5120 = LINE ( 'NONE', #1577, #4857 ) ;
#5121 = DIRECTION ( 'NONE',  ( 0.000000000000000000, 0.000000000000000000, 1.000000000000000000 ) ) ;
#5122 = ADVANCED_FACE ( 'NONE', ( #2831 ), #3698, .T. ) ;
#5123 = VERTEX_POINT ( 'NONE', #4921 ) ;
#5124 = LINE ( 'NONE', #783, #1093 ) ;
#5125 = ADVANCED_FACE ( 'NONE', ( #4896 ), #4427, .F. ) ;
#5126 = EDGE_LOOP ( 'NONE', ( #3779, #2441, #850, #3749 ) ) ;
#5127 = ORIENTED_EDGE ( 'NONE', *, *, #4451, .T. ) ;
#5128 = ORIENTED_EDGE ( 'NONE', *, *, #1218, .T. ) ;
#5129 = DIRECTION ( 'NONE',  ( 0.000000000000000000, 0.000000000000000000, 1.000000000000000000 ) ) ;
#5130 = CARTESIAN_POINT ( 'NONE',  ( 0.9758256899732716816, 0.9313901576628473844, -0.6127007730381071049 ) ) ;
#5131 = DIRECTION ( 'NONE',  ( -1.734723475976807094E-16, 0.000000000000000000, -1.000000000000000000 ) ) ;
#5132 = CIRCLE ( 'NONE', #2547, 0.2500000000000000000 ) ;
ENDSEC;
END-ISO-10303-21;
